web_scraper_order,web_scraper_start_url,price,description,sku,name,data,data2,data3,brand,data4,data5,data6,data7,data8,data9,data10,data11,data12,data13,data14,data15,data16,data17,data18,data19,data20,data21,data22,data23,image
"1778255771-1","https://www.infinit.com.uy/catalogo/gamer/infinit/","4","Garantía: 20 DIAS/NUEVO","MPAMP810","MousePad ACER Nitro Amp810","-56%","NEGRO","56","ACER","9",",00","USD","Cód.","","","Color","Comprar","","","Antes","USD",",00","Ahora","IVA inc.","En stock","En stock","","Cantidad","%","https://www.infinit.com.uy/imgs/productos/productos1_30012.jpg"
"1778255771-2","https://www.infinit.com.uy/catalogo/gamer/infinit/","6","Garantía: 3 MESES / NUEVO","SHOT8236","Teclado Shot Gaming Shot8236 Home And Office Usb 105 Teclas Español Negra","","NEGRO","","SHOT GAMING","0",",00","USD","Cód.","","","Color","Comprar","","","Antes","USD",",00","Precio","IVA inc.","En stock","En stock","","Cantidad","","https://www.infinit.com.uy/imgs/productos/productos3_29611.jpg"
"1778255771-3","https://www.infinit.com.uy/catalogo/gamer/infinit/","320","Garantía: 5 DIAS / NUEVO","LD301","Tira Led Raidmax LD301 Gluhen Rgb 30cm 18 Leds Con Control Remoto","-1%","NEGRO","1","RAIDMAX","323",",00","$U","Cód.","","","Color","Comprar","Destacado","","Antes","$U",",20","Ahora","IVA inc.","En stock","En stock","","Cantidad","%","https://www.infinit.com.uy/imgs/productos/productos3_8337.jpg"
"1778255771-4","https://www.infinit.com.uy/catalogo/gamer/infinit/","8","Garantía: 1 AÑO / NUEVO","MPPRGB","Mouse Gamer PERSEO Perses Rgb 4000dpi 6 Botones","-20%","","20","PERSEO","10",",00","USD","Cód.","","","","Comprar","","","Antes","USD",",00","Ahora","IVA inc.","En stock","En stock","","Cantidad","%","https://www.infinit.com.uy/imgs/productos/productos3_22451.jpg"
"1778255771-5","https://www.infinit.com.uy/catalogo/gamer/infinit/","12","Garantía: 1 AÑO / NUEVO","MPSTRGB","Mouse Gamer Perseo Sthenelus Rgb 6 Modos De Iluminacion 6 Botones","-8%","","8","PERSEO","13",",00","USD","Cód.","","","","Comprar","Destacado","","Antes","USD",",00","Ahora","IVA inc.","En stock","En stock","","Cantidad","%","https://www.infinit.com.uy/imgs/productos/productos1_22457.jpg"
"1778255771-6","https://www.infinit.com.uy/catalogo/gamer/infinit/","12","Garantía: 1 AÑO / NUEVO","MG08","Mousepad Marvo Scorpion Pro MG08 Iluminacion Rgb Usb 35 x 25cm","-8%","","8","MARVO","13",",00","USD","Cód.","","","","Comprar","Destacado","","Antes","USD",",00","Ahora","IVA inc.","En stock","En stock","","Cantidad","%","https://www.infinit.com.uy/imgs/productos/productos1_25548.jpg"
"1778255771-7","https://www.infinit.com.uy/catalogo/gamer/infinit/","14","Garantía: 1 AÑO / NUEVO","195991","Mouse Pad LOGITECH Studio Series Resistente A Salpicaduras Superficie De Poliester Reciclado y Base Antideslizante","","AZUL","","LOGITECH","0",",00","USD","Cód.","","Consultar","NEGRO","","","","Antes","USD",",00","Precio","IVA inc.","Agotado","Agotado","","","","https://www.infinit.com.uy/imgs/productos/productos3_20900.jpg"
"1778255771-8","https://www.infinit.com.uy/catalogo/gamer/infinit/","16","1 AÑO DE GARANTIA / NUEVO","4044951021567","Mouse Pad Gamer Sharkoon 1337 Gaming Rgb Talle L 35.9 x 27.9 x 0.3cm","-50%","","50","SHARKOON","32",",00","USD","Cód.","L","","Medida","Comprar","Destacado","","Antes","USD",",00","Ahora","IVA inc.","En stock","En stock","","Cantidad","%","https://www.infinit.com.uy/imgs/productos/productos3_8892.jpg"
"1778255771-9","https://www.infinit.com.uy/catalogo/gamer/infinit/","22","Garantía: 1 AÑO / NUEVO","4170","Mouse Gamer T-Dagger Imperial T-Tgm310w Rgb 7200Dpi 8 Botones","","BLANCO","","","0",",00","USD","Cód.","","","Color","Comprar","","","Antes","USD",",00","Precio","IVA inc.","En stock","En stock","","Cantidad","","https://www.infinit.com.uy/imgs/productos/productos3_22978.jpg"
"1778255771-10","https://www.infinit.com.uy/catalogo/gamer/infinit/","22","Garantía: FUNCIONAL / NUEVO","I01610","Mouse Pad FANTECH MP903 Space Edition 90 x 40 x 4mm Gris Base Antideslizante","","GRIS","","FANTECH","0",",00","USD","Cód.","","","Color","Comprar","","","Antes","USD",",00","Precio","IVA inc.","En stock","En stock","","Cantidad","","https://www.infinit.com.uy/imgs/productos/productos3_38337.jpg"
"1778255771-11","https://www.infinit.com.uy/catalogo/gamer/infinit/","22","Garantía: FUNCIONAL / NUEVO","I01861","Mouse Pad FANTECH MP903 Space Edition 90 x 40 x 4mm Negro Base Antideslizante","","NEGRO","","FANTECH","0",",00","USD","Cód.","","","Color","Comprar","","","Antes","USD",",00","Precio","IVA inc.","En stock","En stock","","Cantidad","","https://www.infinit.com.uy/imgs/productos/productos3_38342.jpg"
"1778255771-12","https://www.infinit.com.uy/catalogo/gamer/infinit/","23","Garantía  Funcional  / Nuevo","MPCAO","Mouse Pad COUGAR Arena Black Gamer Xl 80cm x 30cm x 5mm","-8%","NEGRO","8","COUGAR","25",",00","USD","Cód.","","Consultar","Color","","","","Antes","USD",",00","Ahora","IVA inc.","Agotado","Agotado","","","%","https://www.infinit.com.uy/imgs/productos/productos3_15230.jpg"
"1778255771-13","https://www.infinit.com.uy/catalogo/gamer/infinit/","23","Garantía: 1 AÑO / NUEVO","BFXTTTER","Combo Mouse THERMALTAKE Talon Elite Rgb 3200 Dpi + Mouse Pad Dasher Mini","-41%","NEGRO","41","THERMALTAKE","39",",00","USD","Cód.","","","Color","Comprar","","","Antes","USD",",00","Ahora","IVA inc.","En stock","En stock","","Cantidad","%","https://www.infinit.com.uy/imgs/productos/productos3_15652.jpg"
"1778255771-14","https://www.infinit.com.uy/catalogo/gamer/infinit/","23","Garantía: 1 AÑO / NUEVO","MC0003","Mouse Gamer Optico Mad Catz The Authentic Rat 1+","","NEGRO","","MAD CATZ","0",",00","USD","Cód.","","","Color","Comprar","","","Antes","USD",",00","Precio","IVA inc.","En stock","En stock","","Cantidad","","https://www.infinit.com.uy/imgs/productos/productos3_19812.jpg"
"1778255771-15","https://www.infinit.com.uy/catalogo/gamer/infinit/","23","Garantía: 2 AÑOS / NUEVO","BFXLSTR","Set De Conectores Compatibles Con ELGATO 10LAF9901 Light Strip","","BLANCO","","ELGATO","0",",00","USD","Cód.","","","Color","Comprar","Destacado","","Antes","USD",",00","Precio","IVA inc.","En stock","En stock","","Cantidad","","https://www.infinit.com.uy/imgs/productos/productos3_32554.jpg"
"1778255771-16","https://www.infinit.com.uy/catalogo/gamer/infinit/","23","Garantía: 1 AÑO / NUEVO","BFXTTCHC","Combo Gamer Teclado y Mouse THERMALTAKE Challenger Esports Membrana 3200dpi CM-CHC-WLXXPL-US","","","","THERMALTAKE","0",",00","USD","Cód.","","","","Comprar","","","Antes","USD",",00","Precio","IVA inc.","En stock","En stock","","Cantidad","","https://www.infinit.com.uy/imgs/productos/productos3_36760.jpg"
"1778255771-17","https://www.infinit.com.uy/catalogo/gamer/infinit/","25","Garantía: 1 AÑO / NUEVO","4044951029006","Mouse Gamer Sharkoon Light2 100 5000dpi Rgb 20grs Sensor PixArt 3325 6 Botones Programables Longitud de Cable 1.8m","-19%","NEGRO","19","SHARKOON","31",",00","USD","Cód.","","","Color","Comprar","Destacado","","Antes","USD",",00","Ahora","IVA inc.","En stock","En stock","","Cantidad","%","https://www.infinit.com.uy/imgs/productos/productos3_11776.jpg"
"1778255771-18","https://www.infinit.com.uy/catalogo/gamer/infinit/","25","Garantía: 1 AÑO / NUEVO","195995","Mouse Pad Logitech Studio Series Large Resistente A Salpicaduras Superficie De Poliester Reciclado y Base Antideslizante","","GRIS","","LOGITECH","0",",00","USD","Cód.","","","ROSA","Comprar","","","Antes","USD",",00","Precio","IVA inc.","En stock","En stock","","Cantidad","","https://www.infinit.com.uy/imgs/productos/productos3_20910.jpg"
"1778255771-19","https://www.infinit.com.uy/catalogo/gamer/infinit/","28","3 Meses De Garantía / Nuevo","MOU204","Mouse Pad GENIUS GxPad 800S Xl Rgb Flexible","-13%","NEGRO","13","GENIUS","32",",00","USD","Cód.","","","Color","Comprar","","","Antes","USD",",00","Ahora","IVA inc.","En stock","En stock","","Cantidad","%","https://www.infinit.com.uy/imgs/productos/productos3_15302.jpg"
"1778255771-20","https://www.infinit.com.uy/catalogo/gamer/infinit/","29","6 Meses Garantía / Nuevo","PRV-CON224","Joystick Gamesir T4 Nova Lite Multi Plataforma Cableado e Inalámbrico Dorado","","","","GAMESIR","0",",80","USD","Cód.","","","","Comprar","","","Antes","USD",",00","Precio","IVA inc.","En stock","En stock","","Cantidad","","https://www.infinit.com.uy/imgs/productos/productos3_38058.jpg"
"1778255771-21","https://www.infinit.com.uy/catalogo/gamer/infinit/","33","Garantía: 6 MESES / RECERTIFICADO","97855116876","Mouse Gamer LOGITECH G502 X 25600dpi Sensor Hero 25K Usb 2.0 Ref","-28%","NEGRO","28","LOGITECH G","46",",00","USD","Cód.","","","Color","Comprar","","","Antes","USD",",00","Ahora","IVA inc.","En stock","En stock","","Cantidad","%","https://www.infinit.com.uy/imgs/productos/productos3_29138.jpg"
"1778255771-22","https://www.infinit.com.uy/catalogo/gamer/infinit/","34","Garantía: 1 AÑO / NUEVO","4044951031085","Mouse Gamer Sharkoon Light2 180 Rgb 12000Dpi 63Grs Ultra Ligero 6 Botones Programables Longitud de Cable 1.8m","-28%","NEGRO","28","SHARKOON","47",",00","USD","Cód.","","","Color","Comprar","Destacado","","Antes","USD",",00","Ahora","IVA inc.","En stock","En stock","","Cantidad","%","https://www.infinit.com.uy/imgs/productos/productos3_18864.jpg"
"1778255771-23","https://www.infinit.com.uy/catalogo/gamer/infinit/","34","Garantía: 1 AÑO / NUEVO","195509","Joystick Gamepad Gamer LOGITECH F310 Cableado Usb Pc ChromeOs Android Tv","","","","LOGITECH G","34",",00","USD","Cód.","","Consultar","","","","","Antes","USD",",00","Precio","IVA inc.","Agotado","Agotado","","","","https://www.infinit.com.uy/imgs/productos/productos3_24882.jpg"
"1778255771-24","https://www.infinit.com.uy/catalogo/gamer/infinit/","34","Garantía: 6 MESES / OPEN BOX","97855137692","Mouse Gamer Logitech G305 Lightspeed Inalambrico 12000dpi Sensor Hero Para Pc y Consolas Ref","","NEGRO","","LOGITECH G","0",",00","USD","Cód.","","","Color","Comprar","","","Antes","USD",",00","Precio","IVA inc.","En stock","En stock","","Cantidad","","https://www.infinit.com.uy/imgs/productos/productos3_29123.jpg"
"1778255771-25","https://www.infinit.com.uy/catalogo/gamer/infinit/","35","Garantía: 1 AÑO / NUEVO","167347","Auricular Gamer Trust Gxt 404B Rana Para Ps4 y Ps5","-3%","","3","TRUST","36",",00","USD","Cód.","","","","Comprar","","","Antes","USD",",00","Ahora","IVA inc.","En stock","En stock","","Cantidad","%","https://www.infinit.com.uy/imgs/productos/productos3_21009.jpg"
"1778255771-26","https://www.infinit.com.uy/catalogo/gamer/infinit/","36","Garantía: 1 AÑO / NUEVO","MPCNEON","Mouse Pad Gamer Cougar Neon Rgb Talle M 35x30cm","-5%","NEGRO","5","COUGAR","38",",00","USD","Cód.","","","Color","Comprar","","","Antes","USD",",00","Ahora","IVA inc.","En stock","En stock","","Cantidad","%","https://www.infinit.com.uy/imgs/productos/productos3_31599.jpg"
"1778255771-27","https://www.infinit.com.uy/catalogo/gamer/infinit/","37","Garantía: 3 MESES / NUEVO","VHUBRGBP","Kit 3 Fanes PERSEO Led Argb 120mm Hub 8 Puertos Con Control Remoto","","NEGRO","","PERSEO","37",",00","USD","Cód.","120MM","","Medida","Comprar","","","Antes","USD",",00","Precio","IVA inc.","En stock","En stock","Color","Cantidad","","https://www.infinit.com.uy/imgs/productos/productos3_15353.jpg"
"1778255771-28","https://www.infinit.com.uy/catalogo/gamer/infinit/","37","Garantía: 1 AÑO / NUEVO","167500","Auricular Gamer Trust Gxt 415 Zirox Para Pc o Consolas Color Blanco","","BLANCO","","TRUST","0",",00","USD","Cód.","","","Color","Comprar","","","Antes","USD",",00","Precio","IVA inc.","En stock","En stock","","Cantidad","","https://www.infinit.com.uy/imgs/productos/productos3_38405.jpg"
"1778255771-29","https://www.infinit.com.uy/catalogo/gamer/infinit/","38","Garantía: 1 AÑO / NUEVO","4044951021536","Mouse Gamer Sharkoon Skiller Sgm2 6400dpi Rgb Usb Negro","","NEGRO","","SHARKOON","31",",00","USD","Cód.","","","Color","Comprar","Destacado","","Antes","USD",",00","Ahora","IVA inc.","En stock","En stock","","Cantidad","","https://www.infinit.com.uy/imgs/productos/productos3_7413.jpg"
"1778255771-30","https://www.infinit.com.uy/catalogo/gamer/infinit/","38","Garantía: 3 MESES / NUEVO","MOU141","Mousepad Genius Gx-P500 Led Rgb Gamer Anti Deslizamiento 25 cm x 35 cm x 1.2 cm","-16%","NEGRO","16","GENIUS","45",",00","USD","Cód.","","","Color","Comprar","Destacado","","Antes","USD",",00","Ahora","IVA inc.","En stock","En stock","","Cantidad","%","https://www.infinit.com.uy/imgs/productos/productos3_16512.jpg"
"1778255771-31","https://www.infinit.com.uy/catalogo/gamer/infinit/","40","Garantía: FUNCIONAL / NUEVO","I01600","Soporte Doble Para Monitor KALCO KLC-DW220 de 17 Hasta 27 Pulgadas","","","","","0",",00","USD","Cód.","","","","Comprar","","","Antes","USD",",00","Precio","IVA inc.","En stock","En stock","","Cantidad","","https://www.infinit.com.uy/imgs/productos/productos3_37367.jpg"
"1778255771-32","https://www.infinit.com.uy/catalogo/gamer/infinit/","43","Garantía: 2 AÑOS / NUEVO","195748","Mouse Gamer LOGITECH G305 Lightspeed Inalambrico 12000dpi Sensor Hero Para Pc y Consolas","","","","LOGITECH G","43",",00","USD","Cód.","","","NEGRO","Comprar","","","Antes","USD",",00","Precio","IVA inc.","En stock","En stock","","Cantidad","","https://www.infinit.com.uy/imgs/productos/productos3_20085.jpg"
"1778255771-33","https://www.infinit.com.uy/catalogo/gamer/infinit/","43","Garantía: 2 AÑOS / NUEVO","195886","Mouse Gamer LOGITECH G305 Lightspeed Inalambrico 12000dpi Sensor Hero Para Pc y Consolas","","AZUL","","LOGITECH G","0",",00","USD","Cód.","","","Color","Comprar","","","Antes","USD",",00","Precio","IVA inc.","En stock","En stock","","Cantidad","","https://www.infinit.com.uy/imgs/productos/productos3_28277.jpg"
"1778255771-34","https://www.infinit.com.uy/catalogo/gamer/infinit/","43","Garantía: 2 AÑOS / NUEVO","195905","Mouse Gamer Logitech G305 Lightspeed Inalambrico 12000dpi Sensor Hero Para Pc y Consolas","-2%","LILA","2","LOGITECH G","44",",00","USD","Cód.","","","Color","Comprar","","","Antes","USD",",00","Ahora","IVA inc.","En stock","En stock","","Cantidad","%","https://www.infinit.com.uy/imgs/productos/productos3_28280.jpg"
"1778255771-35","https://www.infinit.com.uy/catalogo/gamer/infinit/","43","Garantía: 2 AÑOS / NUEVO","195964","Mouse Gamer LOGITECH G305 Lightspeed Inalambrico 12000dpi Sensor Hero Para Pc y Consolas","","VERDE","","LOGITECH G","0",",00","USD","Cód.","","","Color","Comprar","","","Antes","USD",",00","Precio","IVA inc.","En stock","En stock","","Cantidad","","https://www.infinit.com.uy/imgs/productos/productos3_28286.jpg"
"1778255771-36","https://www.infinit.com.uy/catalogo/gamer/infinit/","44","Garantía: 6 MESES / RECERTIFICADO","97855166876","Mouse Gamer LOGITECH G502 25600dpi Sensor Hero 25K Usb 2.0 Ref","-10%","NEGRO","10","LOGITECH G","49",",00","USD","Cód.","","","Color","Comprar","","","Antes","USD",",00","Ahora","IVA inc.","En stock","En stock","","Cantidad","%","https://www.infinit.com.uy/imgs/productos/productos3_39710.jpg"
"1778255771-37","https://www.infinit.com.uy/catalogo/gamer/infinit/","47","1 AÑO / NUEVO","195452","Joystick Gamepad Gamer LOGITECH F710 Inalambrico Con Vibracion Analogo Para Pc Y Android Tv","-6%","GRIS","6","LOGITECH G","50",",00","USD","Cód.","","","Color","Comprar","","","Antes","USD",",00","Ahora","IVA inc.","En stock","En stock","","Cantidad","%","https://www.infinit.com.uy/imgs/productos/productos3_12347.jpg"
"1778255771-38","https://www.infinit.com.uy/catalogo/gamer/infinit/","49","Garantía: 3 MESES / RECERTIFICADO","KEY003","Teclado Gamer ATRIX GSKB01 Negro Mecánico","","NEGRO","","ATRIX","0",",00","USD","Cód.","","","Color","Comprar","","","Antes","USD",",00","Precio","IVA inc.","En stock","En stock","","Cantidad","","https://www.infinit.com.uy/imgs/productos/productos1_39539.jpg"
"1778255771-39","https://www.infinit.com.uy/catalogo/gamer/infinit/","49","Garantía: 1 AÑO / NUEVO","BFXINN22","Soporte Brazo INNOGEAR WS065 Para WebCam LOGITECH BRIO 4K C920 C920S C922 C922x C925e C930 ELGATO Facecam Neo","","NEGRO","","","0",",00","USD","Cód.","","","Color","Comprar","","Nuevo","Antes","USD",",00","Precio","IVA inc.","En stock","En stock","","Cantidad","","https://www.infinit.com.uy/imgs/productos/productos1_41289.jpg"
"1778255771-40","https://www.infinit.com.uy/catalogo/gamer/infinit/","50","Garantía: 1 AÑO / OPEN BOX","97855123039","Teclado Gamer LOGITECH G213 Prodigy Rgb Usb G Mech-Dome LightSync Resistente Al Agua Ref","-9%","NEGRO","9","LOGITECH G","55",",00","USD","Cód.","","","Color","Comprar","","","Antes","USD",",00","Ahora","IVA inc.","En stock","En stock","","Cantidad","%","https://www.infinit.com.uy/imgs/productos/productos3_29126.jpg"
"1778255771-41","https://www.infinit.com.uy/catalogo/gamer/infinit/","51","Garantía: 6 MESES / OPEN BOX","8886419332817","Mouse Gamer RAZER Basilisk X Hyperspeed Bluetooth Inalambrico 16000dpi 6 Botones Programables","-26%","NEGRO","26","RAZER","69",",00","USD","Cód.","","","Color","Comprar","","","Antes","USD",",00","Ahora","IVA inc.","En stock","En stock","","Cantidad","%","https://www.infinit.com.uy/imgs/productos/productos3_29006.jpg"
"1778255771-42","https://www.infinit.com.uy/catalogo/gamer/infinit/","52","Garantía: 1 AÑO / NUEVO","COMBIMMHAVC","Auriculares Gamer COUGAR Inmersa Ti Ex + Auricular HAVOC 3.5mm Negro","-9%","NEGRO","9","COUGAR","57",",00","USD","Cód.","","","Color","Comprar","","","Antes","USD",",00","Ahora","IVA inc.","En stock","En stock","","Cantidad","%","https://www.infinit.com.uy/imgs/productos/productos3_35106.jpg"
"1778255771-43","https://www.infinit.com.uy/catalogo/gamer/infinit/","53","Garantía: 2 AÑOS / NUEVO","192110","Mouse Gamer LOGITECH G502 Rgb 16000dpi Sensor Hero Usb","","NEGRO","","LOGITECH G","0",",00","USD","Cód.","","","Color","Comprar","","","Antes","USD",",00","Precio","IVA inc.","En stock","En stock","","Cantidad","","https://www.infinit.com.uy/imgs/productos/productos3_7351.jpg"
"1778255771-44","https://www.infinit.com.uy/catalogo/gamer/infinit/","59","Garantía: 6 MESES / RECERTIFICADO","97855168856","Teclado Gamer Mecanico LOGITECH G413 TKL SE Tactile Teclas Romer-G","","","","LOGITECH","59",",00","USD","Cód.","","","","Comprar","","","Antes","USD",",00","Precio","IVA inc.","En stock","En stock","","Cantidad","","https://www.infinit.com.uy/imgs/productos/productos3_38818.jpg"
"1778255771-45","https://www.infinit.com.uy/catalogo/gamer/infinit/","61","Garantía: 2 AÑOS DE GARANTIA / NUEVO","195823","Mouse Gamer LOGITECH G403 Prodigy Sensor Hero 12000dpi Usb Para PC y Consolas","","NEGRO","","LOGITECH G","58",",00","USD","Cód.","","","Color","Comprar","","","Antes","USD",",00","Ahora","IVA inc.","En stock","En stock","","Cantidad","","https://www.infinit.com.uy/imgs/productos/productos3_9024.jpg"
"1778255771-46","https://www.infinit.com.uy/catalogo/gamer/infinit/","62","Garantía: 1 AÑO / NUEVO","HX1417","Auricular HYPERX CLOUD STINGER 2 CORE Audio Espacial DTS Para Sony PS4 PS5","-2%","BLANCO","2","HYPERX","63",",00","USD","Cód.","","Consultar","Color","","","","Antes","USD",",00","Ahora","IVA inc.","Agotado","Agotado","","","%","https://www.infinit.com.uy/imgs/productos/productos3_40429.jpg"
"1778255771-47","https://www.infinit.com.uy/catalogo/gamer/infinit/","63","Garantía: 1 AÑO / OPEN BOX","8886419348665","Teclado Gamer RAZER ORNATA V3 Rgb Híbrido","","NEGRO","","RAZER","62",",00","USD","Cód.","","","Color","Comprar","","","Antes","USD",",00","Ahora","IVA inc.","En stock","En stock","","Cantidad","","https://www.infinit.com.uy/imgs/productos/productos3_37265.jpg"
"1778255771-48","https://www.infinit.com.uy/catalogo/gamer/infinit/","64","Garantía: 2 AÑOS / NUEVO","P192201","Palanca De Cambios LOGITECH Para Volante G29 G920 G923","-83%","","83","LOGITECH G","370",",00","USD","Cód.","","","NEGRO","Comprar","","","Antes","USD",",00","Ahora","IVA inc.","En stock","En stock","","Cantidad","%","https://www.infinit.com.uy/imgs/productos/productos3_8667.jpg"
"1778255771-49","https://www.infinit.com.uy/catalogo/gamer/infinit/","64","Garantía: 2 AÑOS / NUEVO","192354","Auriculares Gamer LOGITECH G335 981-000977 Para Pc Mac Ps4 Xbox Nintendo Switch Para Streaming","-14%","VERDE","14","LOGITECH G","74",",00","USD","Cód.","","","NEGRO","Comprar","","","Antes","USD",",00","Ahora","IVA inc.","En stock","En stock","","Cantidad","%","https://www.infinit.com.uy/imgs/productos/productos3_20024.jpg"
"1778255771-50","https://www.infinit.com.uy/catalogo/gamer/infinit/","65","Garantía: FUNCIONAL / NUEVO","SOP86","Soporte Gamer Doble Para Monitor Gaming Ldt63-c024g de 17 Hasta 32 Pulgadas","","NARANJA","","BRATECK","0",",00","USD","Cód.","","","Color","Comprar","","","Antes","USD",",00","Precio","IVA inc.","En stock","En stock","","Cantidad","","https://www.infinit.com.uy/imgs/productos/productos3_27155.jpg"
"1778255771-51","https://www.infinit.com.uy/catalogo/gamer/infinit/","67","Garantía: 1 AÑO / NUEVO","HX1451","Auricular HYPERX CLOUD MINI Inalambricos Para PC, Consola Sony Ps4 Ps5, Xbox, Chrome, Movil y Nintendo Switch Blanco","","BLANCO","","HYPERX","0",",00","USD","Cód.","","","Color","Comprar","","","Antes","USD",",00","Precio","IVA inc.","En stock","En stock","","Cantidad","","https://www.infinit.com.uy/imgs/productos/productos3_40365.jpg"
"1778255771-52","https://www.infinit.com.uy/catalogo/gamer/infinit/","67","Garantía: 1 AÑO / NUEVO","HX1452","Auricular HYPERX CLOUD MINI Inalambricos Para PC, Consola Sony Ps4 Ps5, Xbox, Chrome, Movil y Nintendo Switch Negro","","NEGRO","","HYPERX","0",",00","USD","Cód.","","","Color","Comprar","","","Antes","USD",",00","Precio","IVA inc.","En stock","En stock","","Cantidad","","https://www.infinit.com.uy/imgs/productos/productos3_40370.jpg"
"1778255771-53","https://www.infinit.com.uy/catalogo/gamer/infinit/","68","Garantía: 1 AÑO / NUEVO","195055","Joystick LOGITECH Palanca De Mando Extreme 3D Pro","","NEGRO","","LOGITECH G","0",",00","USD","Cód.","","","Color","Comprar","","","Antes","USD",",00","Precio","IVA inc.","En stock","En stock","","Cantidad","","https://www.infinit.com.uy/imgs/productos/productos3_24734.jpg"
"1778255771-54","https://www.infinit.com.uy/catalogo/gamer/infinit/","69","6 Meses Garantía / Nuevo","PRV-CON183","Joystick GameSir G7 SE Para Xbox y PC Blanco","","","","GAMESIR","0",",50","USD","Cód.","","","","Comprar","","","Antes","USD",",00","Precio","IVA inc.","En stock","En stock","","Cantidad","","https://www.infinit.com.uy/imgs/productos/productos3_38018.jpg"
"1778255771-55","https://www.infinit.com.uy/catalogo/gamer/infinit/","70","Garantía: 1 AÑO / NUEVO","MC700MEVOES","Mouse Gamer COUGAR Evo Sports 700M BLANCO RGB Sensor PixArt PMW3389 16000Dpi 8 Botones","-4%","BLANCO","4","COUGAR","73",",00","USD","Cód.","","","Color","Comprar","","","Antes","USD",",00","Ahora","IVA inc.","En stock","En stock","","Cantidad","%","https://www.infinit.com.uy/imgs/productos/productos3_35112.jpg"
"1778255771-56","https://www.infinit.com.uy/catalogo/gamer/infinit/","71","Garantía: 1 AÑO / NUEVO","BFXR7SL","Teclado RK ROYAL KLUDGE RKR75 SkyCyan Silver Switch Rgb Usb-C","-9%","CYAN","9","RK ROYAL KLUDGE","78",",00","USD","Cód.","","Consultar","Color","","","","Antes","USD",",00","Ahora","IVA inc.","Agotado","Agotado","","","%","https://www.infinit.com.uy/imgs/productos/productos3_37283.jpg"
"1778255771-57","https://www.infinit.com.uy/catalogo/gamer/infinit/","72","Garantía: 2 AÑOS / NUEVO","BFXMINS","Mini Mount Soporte Escritorio Extensible y Ajustable ELGATO hasta 64 cm","-17%","","17","ELGATO","87",",00","USD","Cód.","","","","Comprar","","","Antes","USD",",00","Ahora","IVA inc.","En stock","En stock","","Cantidad","%","https://www.infinit.com.uy/imgs/productos/productos3_32575.jpg"
"1778255771-58","https://www.infinit.com.uy/catalogo/gamer/infinit/","72","Garantía: 1 AÑO / NUEVO","ACVM410","Auriculares Gamer COUGAR VM410 Estereo 3.5mm Negro","-4%","NEGRO","4","COUGAR","75",",00","USD","Cód.","","","Color","Comprar","","","Antes","USD",",00","Ahora","IVA inc.","En stock","En stock","","Cantidad","%","https://www.infinit.com.uy/imgs/productos/productos3_34600.jpg"
"1778255771-59","https://www.infinit.com.uy/catalogo/gamer/infinit/","72","Garantía: 1 AÑO / NUEVO","ACVM410XB","Auriculares Gamer COUGAR VM410 3.5mm Negro","-16%","NEGRO","16","COUGAR","86",",00","USD","Cód.","","","Color","Comprar","","","Antes","USD",",00","Ahora","IVA inc.","En stock","En stock","","Cantidad","%","https://www.infinit.com.uy/imgs/productos/productos3_35047.jpg"
"1778255771-60","https://www.infinit.com.uy/catalogo/gamer/infinit/","86","Garantía: 2 AÑOS / NUEVO","BFXEGS01","Stream Deck ELGATO Mini 6 Botones LCD Personalizables Streaming","-1%","NEGRO","1","ELGATO","87",",00","USD","Cód.","","","Color","Comprar","","","Antes","USD",",00","Ahora","IVA inc.","En stock","En stock","","Cantidad","%","https://www.infinit.com.uy/imgs/productos/productos3_25346.jpg"
"1778255771-61","https://www.infinit.com.uy/catalogo/gamer/infinit/","87","Garantía: 1 AÑO / NUEVO","BFXR91B","Teclado RK ROYAL KLUDGE RK918 White Brown Switch Rgb Usb-C","","BLANCO","","RK ROYAL KLUDGE","0",",00","USD","Cód.","","","Color","Comprar","","","Antes","USD",",00","Precio","IVA inc.","En stock","En stock","","Cantidad","","https://www.infinit.com.uy/imgs/productos/productos3_37316.jpg"
"1778255771-62","https://www.infinit.com.uy/catalogo/gamer/infinit/","88","Garantía: 2 AÑOS / NUEVO","192131","Mouse Gamer Logitech G502 X 25600dpi Sensor Hero 25K Usb","-10%","BLANCO","10","LOGITECH G","98",",00","USD","Cód.","","","Color","Comprar","","","Antes","USD",",00","Ahora","IVA inc.","En stock","En stock","","Cantidad","%","https://www.infinit.com.uy/imgs/productos/productos3_24260.jpg"
"1778255771-63","https://www.infinit.com.uy/catalogo/gamer/infinit/","90","Garantía: 2 AÑOS / NUEVO","BFXEGUHST","Usb Hub ELGATO Para Stream Deck + 10GBN9901","","","","ELGATO","0",",00","USD","Cód.","","","","Comprar","","Nuevo","Antes","USD",",00","Precio","IVA inc.","En stock","En stock","","Cantidad","","https://www.infinit.com.uy/imgs/productos/productos3_41209.jpg"
"1778255771-64","https://www.infinit.com.uy/catalogo/gamer/infinit/","92","Garantía: 2 AÑOS / NUEVO","195801","Auricular Gamer LOGITECH G432 7.1ch Envolvente Dts X 2.0 Usb y 3.5mm Para Ps4 xBox Pcs Nintendo Smartphone Tablets","-7%","NEGRO","7","LOGITECH G","99",",00","USD","Cód.","","","Color","Comprar","","","Antes","USD",",00","Ahora","IVA inc.","En stock","En stock","","Cantidad","%","https://www.infinit.com.uy/imgs/productos/productos3_9061.jpg"
"1778255771-65","https://www.infinit.com.uy/catalogo/gamer/infinit/","95","Garantía: 1 AÑO / NUEVO","192380","Combo LOGITECH Pop Icon Inalambrico Teclado y Mouse Grafito Usb 920-013052","","GRIS OSCURO","","LOGITECH","0",",00","USD","Cód.","","","Color","Comprar","","","Antes","USD",",00","Precio","IVA inc.","En stock","En stock","","Cantidad","","https://www.infinit.com.uy/imgs/productos/productos3_38608.jpg"
"1778255771-66","https://www.infinit.com.uy/catalogo/gamer/infinit/","95","Garantía: 1 AÑO / NUEVO","192381","Combo LOGITECH Pop Icon Inalambrico Teclado y Mouse Rosa Usb 920-013053","","ROSA","","LOGITECH","0",",00","USD","Cód.","","","Color","Comprar","","","Antes","USD",",00","Precio","IVA inc.","En stock","En stock","","Cantidad","","https://www.infinit.com.uy/imgs/productos/productos3_38610.jpg"
"1778255771-67","https://www.infinit.com.uy/catalogo/gamer/infinit/","95","Garantía: 1 AÑO / NUEVO","192382","Combo LOGITECH Pop Icon Inalambrico Teclado y Mouse Lila Usb 920-013054","","LILA","","LOGITECH","0",",00","USD","Cód.","","","Color","Comprar","","","Antes","USD",",00","Precio","IVA inc.","En stock","En stock","","Cantidad","","https://www.infinit.com.uy/imgs/productos/productos3_38612.jpg"
"1778255771-68","https://www.infinit.com.uy/catalogo/gamer/infinit/","95","Garantía: 1 AÑO / NUEVO","192383","Combo LOGITECH Pop Icon Inalambrico Teclado y Mouse Blanco Usb 920-013055","","BLANCO","","LOGITECH","0",",00","USD","Cód.","","","Color","Comprar","","","Antes","USD",",00","Precio","IVA inc.","En stock","En stock","","Cantidad","","https://www.infinit.com.uy/imgs/productos/productos3_38614.jpg"
"1778255771-69","https://www.infinit.com.uy/catalogo/gamer/infinit/","95","Garantía: 1 AÑO / NUEVO","HX1470","Auricular HYPERX CLOUD JET Inalambricos Para PC MAC Ps4 Ps5 Mobile","","NEGRO","","HYPERX","0",",00","USD","Cód.","","","Color","Comprar","","","Antes","USD",",00","Precio","IVA inc.","En stock","En stock","","Cantidad","","https://www.infinit.com.uy/imgs/productos/productos3_40453.jpg"
"1778255771-70","https://www.infinit.com.uy/catalogo/gamer/infinit/","96","6 Meses De Garantía / Nuevo","BFXTTM70","Mouse Gamer Thermaltake Level 20 Rgb 16000Dpi Usb Negro","","NEGRO","","THERMALTAKE","96",",00","USD","Cód.","","","Color","Comprar","","","Antes","USD",",00","Precio","IVA inc.","En stock","En stock","","Cantidad","","https://www.infinit.com.uy/imgs/productos/productos3_15656.jpg"
"1778255771-71","https://www.infinit.com.uy/catalogo/gamer/infinit/","96","Garantía: 1 AÑO / NUEVO","I02038","Monitor Gamer GRAVITY S215 21,5 100Hz 5ms Panel VA Fhd Hdmi Vga","","","","GRAVITY","0",",00","USD","Cód.","22""","","Medida","Comprar","","","Antes","USD",",00","Precio","IVA inc.","En stock","En stock","","Cantidad","","https://www.infinit.com.uy/imgs/productos/productos3_40852.jpg"
"1778255771-72","https://www.infinit.com.uy/catalogo/gamer/infinit/","97","Garantía: 1 AÑO / NUEVO","BFXBLB6","Teclado RK ROYAL KLUDGE M65 Ocean Blue Beige Switch Rgb Usb-C","-2%","BLANCO","2","RK ROYAL KLUDGE","99",",00","USD","Cód.","","","Color","Comprar","","","Antes","USD",",00","Ahora","IVA inc.","En stock","En stock","","Cantidad","%","https://www.infinit.com.uy/imgs/productos/productos3_37339.jpg"
"1778255771-73","https://www.infinit.com.uy/catalogo/gamer/infinit/","99","Garantía: 2 AÑOS / NUEVO","P195972","Teclado Gamer LOGITECH G413 SE Mecanico Teclas Romer-G Iluminacion Led Blanca Teclas De Pbt","","NEGRO","","LOGITECH G","0",",00","USD","Cód.","","","Color","Comprar","","","Antes","USD",",00","Precio","IVA inc.","En stock","En stock","","Cantidad","","https://www.infinit.com.uy/imgs/productos/productos3_20834.jpg"
"1778255771-74","https://www.infinit.com.uy/catalogo/gamer/infinit/","99","Garantía: 2 AÑOS / NUEVO","192362","Mouse Gamer LOGITECH G309 25600dpi Sensor Hero 25K Inalámbrico Blanco","","BLANCO","","LOGITECH G","99",",00","USD","Cód.","","","Color","Comprar","Destacado","","Antes","USD",",00","Precio","IVA inc.","En stock","En stock","","Cantidad","","https://www.infinit.com.uy/imgs/productos/productos3_34715.jpg"
"1778255771-75","https://www.infinit.com.uy/catalogo/gamer/infinit/","101","Garantía: 1 AÑO / NUEVO","192318","Teclado Mecanico Logitech Pop Keys Blast Inalambrico Hasta 3 Dispositivos Simultaneos","","AMARILLO","","LOGITECH","0",",00","USD","Cód.","","","Color","Comprar","","","Antes","USD",",00","Precio","IVA inc.","En stock","En stock","","Cantidad","","https://www.infinit.com.uy/imgs/productos/productos3_20845.jpg"
"1778255771-76","https://www.infinit.com.uy/catalogo/gamer/infinit/","105","Garantía: 2 AÑOS / NUEVO","192314","Auricular Gamer LOGITECH G435 981-001073 Inalambrico Bluetooth LightSpeed Pc Mac Ps5 y Ps4","","BLANCO","","LOGITECH G","0",",00","USD","Cód.","","","Color","Comprar","Destacado","","Antes","USD",",00","Precio","IVA inc.","En stock","En stock","","Cantidad","","https://www.infinit.com.uy/imgs/productos/productos3_33309.jpg"
"1778255771-77","https://www.infinit.com.uy/catalogo/gamer/infinit/","105","Garantía: 1 AÑO / NUEVO","SG238F17","Monitor Gamer SHOT GAMING 24 SG238F17 100Hz 3ms LED Fhd 1080p Hdmi DisplayPort Comptible Con Vesa","","NEGRO","","SHOT GAMING","105",",00","USD","Cód.","24""","Consultar","Medida","","","","Antes","USD",",00","Precio","IVA inc.","Agotado","Agotado","Color","","","https://www.infinit.com.uy/imgs/productos/productos3_37870.jpg"
"1778255771-78","https://www.infinit.com.uy/catalogo/gamer/infinit/","106","Garantía: 1 AÑO / NUEVO","BFX6BLS","Teclado RK ROYAL KLUDGE M65 Ocean Blue Cream Switch Rgb Usb-C","","BLANCO","","RK ROYAL KLUDGE","0",",00","USD","Cód.","","","Color","Comprar","","","Antes","USD",",00","Precio","IVA inc.","En stock","En stock","","Cantidad","","https://www.infinit.com.uy/imgs/productos/productos3_37336.jpg"
"1778255771-79","https://www.infinit.com.uy/catalogo/gamer/infinit/","106","6 Meses Garantía / Nuevo","PRV-CON213","Joystick GameSir G8 Plus Para Celulares y Tablets Negro","","","","GAMESIR","0",",10","USD","Cód.","","","","Comprar","","","Antes","USD",",00","Precio","IVA inc.","En stock","En stock","","Cantidad","","https://www.infinit.com.uy/imgs/productos/productos3_38036.jpg"
"1778255771-80","https://www.infinit.com.uy/catalogo/gamer/infinit/","107","Garantía: 1 AÑO / NUEVO","I02039","Monitor Gamer Gravity 24 S238 100Hz 5ms Panel VA Fhd 1080p Hdmi Vga Comptible Con Vesa","-4%","","4","GRAVITY","111",",00","USD","Cód.","24""","","Medida","Comprar","","","Antes","USD",",00","Ahora","IVA inc.","En stock","En stock","","Cantidad","%","https://www.infinit.com.uy/imgs/productos/productos3_37621.jpg"
"1778255771-81","https://www.infinit.com.uy/catalogo/gamer/infinit/","107","Garantía: 1 AÑO / NUEVO","BFXL7GRB","Teclado RK ROYAL KLUDGE L75 Palm Green Beige Switch Rgb Usb-C","-6%","GRIS","6","RK ROYAL KLUDGE","114",",00","USD","Cód.","","","Color","Comprar","","","Antes","USD",",00","Ahora","IVA inc.","En stock","En stock","","Cantidad","%","https://www.infinit.com.uy/imgs/productos/productos3_37935.jpg"
"1778255771-82","https://www.infinit.com.uy/catalogo/gamer/infinit/","110","Garantía: 1 AÑO / NUEVO","BFXSFRT","Soporte Frontal FANATEC para volante CRD-9900013-WW","","NEGRO","","FANATEC","0",",00","USD","Cód.","","","Color","Comprar","","","Antes","USD",",00","Precio","IVA inc.","En stock","En stock","","Cantidad","","https://www.infinit.com.uy/imgs/productos/productos3_39881.jpg"
"1778255771-83","https://www.infinit.com.uy/catalogo/gamer/infinit/","112","1 Año de Garantía / Nuevo","PRV-VOL17","Volante GENIUS SpeedMaster Palanca y Pedales Con Vibracion Para PS4 PS3 y PC","","","","GENIUS","0",",00","USD","Cód.","","","","Comprar","","","Antes","USD",",00","Precio","IVA inc.","En stock","En stock","","Cantidad","","https://www.infinit.com.uy/imgs/productos/productos3_38009.jpg"
"1778255771-84","https://www.infinit.com.uy/catalogo/gamer/infinit/","113","Garantía: 1 AÑO / NUEVO","BFXM7PB","Teclado RK ROYAL KLUDGE M70 Cyan Purple Beige Switch Rgb Usb-C","","CYAN","","RK ROYAL KLUDGE","0",",00","USD","Cód.","","","Color","Comprar","","","Antes","USD",",00","Precio","IVA inc.","En stock","En stock","","Cantidad","","https://www.infinit.com.uy/imgs/productos/productos3_37925.jpg"
"1778255771-85","https://www.infinit.com.uy/catalogo/gamer/infinit/","113","Garantía: 1 AÑO / NUEVO","BFX7CPE","Teclado RK ROYAL KLUDGE M70 Cyan Purple Cream Switch Rgb Usb-C","","CYAN","","RK ROYAL KLUDGE","0",",00","USD","Cód.","","","Color","Comprar","","","Antes","USD",",00","Precio","IVA inc.","En stock","En stock","","Cantidad","","https://www.infinit.com.uy/imgs/productos/productos3_37928.jpg"
"1778255771-86","https://www.infinit.com.uy/catalogo/gamer/infinit/","114","Garantía: 1 AÑO / NUEVO","BFXL7GRC","Teclado RK ROYAL KLUDGE L75 Palm Green Cream Switch Rgb Usb-C","","GRIS","","RK ROYAL KLUDGE","0",",00","USD","Cód.","","","Color","Comprar","","","Antes","USD",",00","Precio","IVA inc.","En stock","En stock","","Cantidad","","https://www.infinit.com.uy/imgs/productos/productos3_37937.jpg"
"1778255771-87","https://www.infinit.com.uy/catalogo/gamer/infinit/","114","6 Meses Garantía / Nuevo","PRV-CON212","Joystick GameSir X4 Aileron Inalámbrico Xbox Negro","","","","GAMESIR","0",",32","USD","Cód.","","","","Comprar","","","Antes","USD",",00","Precio","IVA inc.","En stock","En stock","","Cantidad","","https://www.infinit.com.uy/imgs/productos/productos3_38031.jpg"
"1778255771-88","https://www.infinit.com.uy/catalogo/gamer/infinit/","115","Garantía: 1 AÑO / NUEVO","195989","Teclado Mecanico Logitech Pop Keys Heartbreaker Inalambrico Hasta 3 Dispositivos Simultaneos","","ROSA","","LOGITECH","102",",00","USD","Cód.","","","Color","Comprar","Destacado","","Antes","USD",",00","Ahora","IVA inc.","En stock","En stock","","Cantidad","","https://www.infinit.com.uy/imgs/productos/productos3_20848.jpg"
"1778255771-89","https://www.infinit.com.uy/catalogo/gamer/infinit/","115","Garantía: 6 MESES / OPEN BOX","97855170743","Mouse Gamer Logitech G Pro Edicion League Of Legends LOL 25600dpi Inalambrico LightSpeed Sensor Hero 25k","","AZUL OSCURO","","LOGITECH G","100",",00","USD","Cód.","","","Color","Comprar","","","Antes","USD",",00","Ahora","IVA inc.","En stock","En stock","","Cantidad","","https://www.infinit.com.uy/imgs/productos/productos3_29008.jpg"
"1778255771-90","https://www.infinit.com.uy/catalogo/gamer/infinit/","117","Garantía: 2 AÑOS / NUEVO","195805","Mouse Gamer Logitech G903 Inalambrico Sensor Hero 12000dpi Con LightSpeed y PowerPlay Ambidiestro","","NEGRO","","LOGITECH G","113",",00","USD","Cód.","","","Color","Comprar","","","Antes","USD",",00","Ahora","IVA inc.","En stock","En stock","","Cantidad","","https://www.infinit.com.uy/imgs/productos/productos3_9644.jpg"
"1778255771-91","https://www.infinit.com.uy/catalogo/gamer/infinit/","119","Garantía: 1 AÑO / OPEN BOX","97855170767","Teclado Gamer LOGITECH G PRO Mecanico Rgb LightSync Edicion League of Legends Switch Gx Brown Ref","","AZUL OSCURO","","LOGITECH G","0",",00","USD","Cód.","","","Color","Comprar","","","Antes","USD",",00","Precio","IVA inc.","En stock","En stock","","Cantidad","","https://www.infinit.com.uy/imgs/productos/productos3_29144.jpg"
"1778255771-92","https://www.infinit.com.uy/catalogo/gamer/infinit/","120","Garantía: 2 AÑOS / NUEVO","195804","Mouse Gamer LOGITECH G502 Rgb Inalambrico Lightspeed 12000dpi Sensor Hero Usb","","NEGRO","","LOGITECH G","120",",00","USD","Cód.","","","Color","Comprar","","","Antes","USD",",00","Precio","IVA inc.","En stock","En stock","","Cantidad","","https://www.infinit.com.uy/imgs/productos/productos3_9234.jpg"
"1778255771-93","https://www.infinit.com.uy/catalogo/gamer/infinit/","120","Garantía: 1 AÑO / NUEVO","BFXM87B","Teclado RK ROYAL KLUDGE M87 Ocean Blue Blue Switch Rgb Usb-C","-6%","BLANCO","6","RK ROYAL KLUDGE","128",",00","USD","Cód.","","","Color","Comprar","","","Antes","USD",",00","Ahora","IVA inc.","En stock","En stock","","Cantidad","%","https://www.infinit.com.uy/imgs/productos/productos3_37859.jpg"
"1778255771-94","https://www.infinit.com.uy/catalogo/gamer/infinit/","121","Garantía: 1 AÑO / NUEVO","JOY94","Joystick Sony PlayStation 5 Ps5 Original DualSense Inalambrico Usb-c Negro","","NEGRO","","SONY","99",",00","USD","Cód.","","","Color","Comprar","","","Antes","USD",",00","Ahora","IVA inc.","En stock","En stock","","Cantidad","","https://www.infinit.com.uy/imgs/productos/productos3_25796.jpg"
"1778255771-95","https://www.infinit.com.uy/catalogo/gamer/infinit/","122","Garantía: 1 AÑO / NUEVO","JOY88","Joystick Sony PlayStation 5 Ps5 Original DualSense Inalambrico Usb-c Blanco","","BLANCO","","SONY","121",",00","USD","Cód.","","","Color","Comprar","","","Antes","USD",",00","Ahora","IVA inc.","En stock","En stock","","Cantidad","","https://www.infinit.com.uy/imgs/productos/productos3_14177.jpg"
"1778255771-96","https://www.infinit.com.uy/catalogo/gamer/infinit/","123","Garantía: 3 AÑOS / NUEVO","MSLS24D300G","Monitor Gamer SAMSUNG 24 Essential S3 MSLS24D300G Panel IPS FHD 100hz 1080p Hdmi Vga Compatible Vesa 100x100","","NEGRO","","SAMSUNG","123",",00","USD","Cód.","24""","","Medida","Comprar","","","Antes","USD",",00","Precio","IVA inc.","En stock","En stock","Color","Cantidad","","https://www.infinit.com.uy/imgs/productos/productos3_37661.jpg"
"1778255771-97","https://www.infinit.com.uy/catalogo/gamer/infinit/","124","Garantía: 1 AÑO / NUEVO","BFXMDRT","Soporte de pedales FANATEC CRD-9900021-WW","","NEGRO","","FANATEC","0",",00","USD","Cód.","","","Color","Comprar","","","Antes","USD",",00","Precio","IVA inc.","En stock","En stock","","Cantidad","","https://www.infinit.com.uy/imgs/productos/productos3_39879.jpg"
"1778255771-98","https://www.infinit.com.uy/catalogo/gamer/infinit/","125","Garantía: 1 AÑO / NUEVO","MCOT27100","Monitor Gamer COMSTAR 27 S270F100 100Hz 5Ms Fhd 1080p Panel Va Hdmi Vga Compatible Vesa 100x100","-7%","","7","COMSTAR","134",",00","USD","Cód.","27""","","Medida","Comprar","","","Antes","USD",",00","Ahora","IVA inc.","En stock","En stock","","Cantidad","%","https://www.infinit.com.uy/imgs/productos/productos3_35882.jpg"
"1778255771-99","https://www.infinit.com.uy/catalogo/gamer/infinit/","127","Garantía: 2 AÑOS / NUEVO","BFXVIDCP","Capturadora De Vídeo ELGATO Video Capture 680 X 360","-2%","BLANCO","2","ELGATO","129",",00","USD","Cód.","","","Color","Comprar","","","Antes","USD",",00","Ahora","IVA inc.","En stock","En stock","","Cantidad","%","https://www.infinit.com.uy/imgs/productos/productos3_35946.jpg"
"1778255771-100","https://www.infinit.com.uy/catalogo/gamer/infinit/","131","Garantía: 1 AÑO / NUEVO","104","Auricular Razer Star Wars The Old Republic Con Sonido Surround Dolby 7.1 Pc","-20%","GRIS","20","RAZER","164",",00","USD","Cód.","","","Color","Comprar","","","Antes","USD",",00","Ahora","IVA inc.","En stock","En stock","","Cantidad","%","https://www.infinit.com.uy/imgs/productos/productos3_22397.jpg"
"1778255771-101","https://www.infinit.com.uy/catalogo/gamer/infinit/","131","Garantía: 2 AÑOS / NUEVO","BFXWVNE","Microfono de Condensador ELGATO Wabe Neo para Streaming USB-C Blanco","","BLANCO","","ELGATO","0",",00","USD","Cód.","","","Color","Comprar","Destacado","","Antes","USD",",00","Precio","IVA inc.","En stock","En stock","","Cantidad","","https://www.infinit.com.uy/imgs/productos/productos3_35683.jpg"
"1778255771-102","https://www.infinit.com.uy/catalogo/gamer/infinit/","131","Garantía: 2 AÑOS / NUEVO","BFXKLGHN","Luz Led ELGATO Key Light Neo 10LAJ9901 Panel Led Brillo 1000 Lumens Ajustable Para Streaming","","","","ELGATO","0",",00","USD","Cód.","","","","Comprar","","Nuevo","Antes","USD",",00","Precio","IVA inc.","En stock","En stock","","Cantidad","","https://www.infinit.com.uy/imgs/productos/productos3_41163.jpg"
"1778255771-103","https://www.infinit.com.uy/catalogo/gamer/infinit/","131","Garantía: 2 AÑOS / NUEVO","BFXJ991","Luz Led ELGATO Key Light Neo 10LAJ9911 Panel Led Brillo 1000 Lumens Ajustable Para Streaming","","","","","0",",00","USD","Cód.","","","","Comprar","","Nuevo","Antes","USD",",00","Precio","IVA inc.","En stock","En stock","","Cantidad","","https://www.infinit.com.uy/imgs/productos/productos3_41169.jpg"
"1778255771-104","https://www.infinit.com.uy/catalogo/gamer/infinit/","131","Serie Challenger","PRV-MON340","Monitor Gamer AsRock 24.5"" 120Hz 1ms","","","","ASROCK","0",",20","USD","Cód.","","","","Comprar","","","Antes","USD",",00","Precio","IVA inc.","En stock","En stock","","Cantidad","","https://www.infinit.com.uy/imgs/productos/productos3_40641.jpg"
"1778255771-105","https://www.infinit.com.uy/catalogo/gamer/infinit/","135","Garantía: 1 AÑO / NUEVO","I02040","Monitor Gamer GRAVITY 24 CZ238 Curvo 180Hz 1ms Panel VA Fhd 1080p Hdmi Vga Comptible Con Vesa","-17%","","17","GRAVITY","163",",00","USD","Cód.","24""","","Medida","Comprar","","","Antes","USD",",00","Ahora","IVA inc.","En stock","En stock","","Cantidad","%","https://www.infinit.com.uy/imgs/productos/productos3_37622.jpg"
"1778255771-106","https://www.infinit.com.uy/catalogo/gamer/infinit/","136","Garantía: 1 AÑO / OPEN BOX","BFXELGB1","Stream Deck ELGATO Neo 10GBJ9901 8 Botones LCD Personalizables para Streaming","","","","ELGATO","0",",00","USD","Cód.","","Consultar","","","","Nuevo","Antes","USD",",00","Precio","IVA inc.","Agotado","Agotado","","","","https://www.infinit.com.uy/imgs/productos/productos3_41202.jpg"
"1778255771-107","https://www.infinit.com.uy/catalogo/gamer/infinit/","137","Garantía: 2 AÑOS / NUEVO","BFXSDP","Stream Deck ELGATO Pedal Controlador Manos Libres 3 Botones Configurables Para Streaming","","","","ELGATO","137",",00","USD","Cód.","","","","Comprar","","","Antes","USD",",00","Precio","IVA inc.","En stock","En stock","","Cantidad","","https://www.infinit.com.uy/imgs/productos/productos3_25437.jpg"
"1778255771-108","https://www.infinit.com.uy/catalogo/gamer/infinit/","138","Garantía: 1 AÑO / NUEVO","HP5950","Auricular HYPERX CLOUD STINGER CORE Inalambricos Audio Espacial DTS Para PC PS4 PS5","","BLANCO","","HYPERX","0",",00","USD","Cód.","","","Color","Comprar","","","Antes","USD",",00","Precio","IVA inc.","En stock","En stock","","Cantidad","","https://www.infinit.com.uy/imgs/productos/productos3_40424.jpg"
"1778255771-109","https://www.infinit.com.uy/catalogo/gamer/infinit/","138","Garantía: 3 AÑOS / NUEVO","GB0541","Monitor Gamer GIGABYTE 24.5 GS25F14 144Hz 1Ms FHd 1080p Panel Ips Amd FreeSync 2x Hdmi Dp Compatible Vesa 100x100","","","","GIGABYTE","0",",00","USD","Cód.","24.5""","","Medida","Comprar","","","Antes","USD",",00","Precio","IVA inc.","En stock","En stock","","Cantidad","","https://www.infinit.com.uy/imgs/productos/productos3_40754.jpg"
"1778255771-110","https://www.infinit.com.uy/catalogo/gamer/infinit/","138","Garantía: 2 AÑOS / NUEVO","BFXKLHY","Luz Led ELGATO Key Light Neo 10LAL9901 Panel Led Brillo 1000 Lumens Ajustable Para Streaming","","","","ELGATO","0",",00","USD","Cód.","","","","Comprar","","Nuevo","Antes","USD",",00","Precio","IVA inc.","En stock","En stock","","Cantidad","","https://www.infinit.com.uy/imgs/productos/productos3_41166.jpg"
"1778255771-111","https://www.infinit.com.uy/catalogo/gamer/infinit/","140","Garantía: 3 AÑOS / NUEVO","MSLS27D300G","Monitor Gamer SAMSUNG 27 Essential S3 LS27D300GANXZA Panel IPS FHD 100hz 1080p Hdmi Vga Compatible Vesa 100x100","","","","SAMSUNG","140",",00","USD","Cód.","27""","","Medida","Comprar","","","Antes","USD",",00","Precio","IVA inc.","En stock","En stock","","Cantidad","","https://www.infinit.com.uy/imgs/productos/productos3_37666.jpg"
"1778255771-112","https://www.infinit.com.uy/catalogo/gamer/infinit/","143","Garantía: 3 AÑOS / NUEVO","MT065VWS88","Monitor Gamer VIEWSONIC 24 VA2416C Curvo 1500R 100Hz 1Ms FHD 1080p Panel VA Hdmi Dp Vesa 100x100","-1%","NEGRO","1","VIEWSONIC","145",",00","USD","Cód.","24""","","Medida","Comprar","","","Antes","USD",",00","Ahora","IVA inc.","En stock","En stock","Color","Cantidad","%","https://www.infinit.com.uy/imgs/productos/productos3_40186.jpg"
"1778255771-113","https://www.infinit.com.uy/catalogo/gamer/infinit/","145","Serie Challenger","PRV-MON341","Monitor Gamer AsRock 27"" 120Hz 1ms","","","","ASROCK","0",",60","USD","Cód.","","","","Comprar","","","Antes","USD",",00","Precio","IVA inc.","En stock","En stock","","Cantidad","","https://www.infinit.com.uy/imgs/productos/productos3_40668.jpg"
"1778255771-114","https://www.infinit.com.uy/catalogo/gamer/infinit/","146","Garantía: 1 AÑO / NUEVO","BFXSTRDN","Stream Deck ELGATO Neo 8 Botones LCD Personalizables Streaming Blanco","-3%","BLANCO","3","ELGATO","151",",00","USD","Cód.","","","Color","Comprar","","","Antes","USD",",00","Ahora","IVA inc.","En stock","En stock","","Cantidad","%","https://www.infinit.com.uy/imgs/productos/productos3_35680.jpg"
"1778255771-115","https://www.infinit.com.uy/catalogo/gamer/infinit/","147","Garantía: 2 AÑOS / NUEVO","9S63BC61T002","Monitor Gamer MSI Optix 24 G242L-E14 144Hz 1Ms FHd 1080p Panel UR Ips Adaptative Sync Hdmi Dp Compatible Vesa 100x100","-2%","NEGRO","2","MSI","150",",00","USD","Cód.","24""","","Medida","Comprar","","","Antes","USD",",00","Ahora","IVA inc.","En stock","En stock","Color","Cantidad","%","https://www.infinit.com.uy/imgs/productos/productos3_40288.jpg"
"1778255771-116","https://www.infinit.com.uy/catalogo/gamer/infinit/","149","Garantía: 1 AÑO / NUEVO","SG27F17","Monitor Gamer SHOT GAMING 27 SG27F17 100Hz 3ms LED Fhd 1080p Hdmi DisplayPort Comptible Con Vesa","-7%","","7","SHOT GAMING","160",",00","USD","Cód.","27""","","Medida","Comprar","","","Antes","USD",",00","Ahora","IVA inc.","En stock","En stock","","Cantidad","%","https://www.infinit.com.uy/imgs/productos/productos3_37875.jpg"
"1778255771-117","https://www.infinit.com.uy/catalogo/gamer/infinit/","152","Garantía: 1 AÑO / NUEVO","BFXBPC","Bandeja para PC/Consola FANATEC Simulador de carreras CRD-9900001-WW","","NEGRO","","FANATEC","0",",00","USD","Cód.","","","Color","Comprar","","","Antes","USD",",00","Precio","IVA inc.","En stock","En stock","","Cantidad","","https://www.infinit.com.uy/imgs/productos/productos3_39883.jpg"
"1778255771-118","https://www.infinit.com.uy/catalogo/gamer/infinit/","155","Garantía: 1 AÑO / NUEVO","22412","Monitor Gamer ASROCK 24 Cl25ff 2 100Hz 1Ms Full Hd 1080p Panel Ips Rgb Amd FreeSync Hdmi Vga Compatible Vesa 100x100","-1%","NEGRO","1","ASROCK","157",",00","USD","Cód.","25""","","Medida","Comprar","Destacado","","Antes","USD",",00","Ahora","IVA inc.","En stock","En stock","Color","Cantidad","%","https://www.infinit.com.uy/imgs/productos/productos3_34640.jpg"
"1778255771-119","https://www.infinit.com.uy/catalogo/gamer/infinit/","156","Garantía: 2 AÑOS / NUEVO","192103","Auriculares Gamer Logitech G535 Inalambrico Streaming Pc Mac","","NEGRO","","LOGITECH G","0",",00","USD","Cód.","","","Color","Comprar","","","Antes","USD",",00","Precio","IVA inc.","En stock","En stock","","Cantidad","","https://www.infinit.com.uy/imgs/productos/productos3_27250.jpg"
"1778255771-120","https://www.infinit.com.uy/catalogo/gamer/infinit/","156","Garantía: 3 AÑOS / NUEVO","24MS500B","Monitor Gamer LG 24"" 24MS500-B 100Hz 5Ms Fhd HD Panel IPS Hdmi x2 Vesa 75x75","","","","LG","152",",00","USD","Cód.","24""","Consultar","Medida","","","","Antes","USD",",00","Ahora","IVA inc.","Agotado","Agotado","","","","https://www.infinit.com.uy/imgs/productos/productos3_35180.jpg"
"1778255771-121","https://www.infinit.com.uy/catalogo/gamer/infinit/","157","Garantía: 2 AÑOS / NUEVO","122503","Volante Pedalera y Palanca SUPERDRIVE Gs550 Levas 3 Niveles De Sensibilidad Vibracion Ps3 Ps4 xBox y Pc Racing Wheel","-5%","","5","SUPERDRIVE","166",",00","USD","Cód.","","","","Comprar","","","Antes","USD",",00","Ahora","IVA inc.","En stock","En stock","","Cantidad","%","https://www.infinit.com.uy/imgs/productos/productos3_33651.jpg"
"1778255771-122","https://www.infinit.com.uy/catalogo/gamer/infinit/","157","Modelo G24i.","PRV-MON307","Monitor Gamer XIAOMI 24 G24I 180Hz 1ms IPS FullHD","","","","XIAOMI","0",",60","USD","Cód.","","","","Comprar","","Nuevo","Antes","USD",",00","Precio","IVA inc.","En stock","En stock","","Cantidad","","https://www.infinit.com.uy/imgs/productos/productos3_41430.jpg"
"1778255771-123","https://www.infinit.com.uy/catalogo/gamer/infinit/","167","Garantía: 2 AÑOS / NUEVO","BFXMIAR2","Wabe Mic Arm LP ELGATO 10AAN9901 Brazo Articulado de Calidad de Estudio","-1%","NEGRO","1","ELGATO","168",",00","USD","Cód.","","","Color","Comprar","","","Antes","USD",",00","Ahora","IVA inc.","En stock","En stock","","Cantidad","%","https://www.infinit.com.uy/imgs/productos/productos3_32567.jpg"
"1778255771-124","https://www.infinit.com.uy/catalogo/gamer/infinit/","168","Garantía: 2 AÑOS / NUEVO","BFXWMCW","Wabe Mic Arm LP ELGATO 10AAN9911 Brazo Articulado Profesional","","BLANCO","","ELGATO","145",",00","USD","Cód.","","","Color","Comprar","","","Antes","USD",",00","Ahora","IVA inc.","En stock","En stock","","Cantidad","","https://www.infinit.com.uy/imgs/productos/productos3_32540.jpg"
"1778255771-125","https://www.infinit.com.uy/catalogo/gamer/infinit/","168","Garantía: 1 AÑO / NUEVO","I02041","Monitor Gamer Gravity 27 CZ270 Curvo 180Hz 1ms Panel VA Fhd 1080p Hdmi Vga Comptible Con Vesa","-11%","","11","GRAVITY","189",",00","USD","Cód.","27""","","Medida","Comprar","","","Antes","USD",",00","Ahora","IVA inc.","En stock","En stock","","Cantidad","%","https://www.infinit.com.uy/imgs/productos/productos3_37623.jpg"
"1778255771-126","https://www.infinit.com.uy/catalogo/gamer/infinit/","169","Tasa de refresco de 100 Hz","PRV-MON342","Monitor Gamer Asus 27 IPS Full HD IPS 100Hz 1Ms VESA 100x100","","","","ASUS","0",",00","USD","Cód.","","","","Comprar","","Nuevo","Antes","USD",",00","Precio","IVA inc.","En stock","En stock","","Cantidad","","https://www.infinit.com.uy/imgs/productos/productos3_41174.jpg"
"1778255771-127","https://www.infinit.com.uy/catalogo/gamer/infinit/","170","Garantía: 1 AÑO / NUEVO","ACSPETTROBT","Auricular Gamer Cougar Spettro Inalambrico Bluetooth y Jack 3.5mm Hasta 14 Horas De Autonimia","","NEGRO","","COUGAR","0",",00","USD","Cód.","","","Color","Comprar","","","Antes","USD",",00","Precio","IVA inc.","En stock","En stock","","Cantidad","","https://www.infinit.com.uy/imgs/productos/productos3_31486.jpg"
"1778255771-128","https://www.infinit.com.uy/catalogo/gamer/infinit/","174","Garantía: 2 AÑOS / NUEVO","192267","Mouse Gamer LOGITECH PRO X Superlight 2 Inalambrico Lightspeed Hero Magenta Usb","","MAGENTA","","LOGITECH G","174",",00","USD","Cód.","","","Color","Comprar","","","Antes","USD",",00","Precio","IVA inc.","En stock","En stock","","Cantidad","","https://www.infinit.com.uy/imgs/productos/productos3_32271.jpg"
"1778255771-129","https://www.infinit.com.uy/catalogo/gamer/infinit/","176","Garantía: 6 MESES / NUEVO","SGPG414","Silla Gamer PERSEO PEGASUS Regulable 160 Grados Soporta Hasta 120kg Material Cuero Sintetico","-5%","BLANCO","5","PERSEO","186",",00","USD","Cód.","","","Color","Comprar","","","Antes","USD",",00","Ahora","IVA inc.","En stock","En stock","","Cantidad","%","https://www.infinit.com.uy/imgs/productos/productos3_20321.jpg"
"1778255771-130","https://www.infinit.com.uy/catalogo/gamer/infinit/","176","Garantía: 3 AÑOS / NUEVO","MT024VWS02","Monitor Gamer VIEWSONIC 24 Omni VX2418C Curvo Fhd 180Hz IPS 1500r 1ms Hdmi DisplayPort Amd FreeSync","-23%","","23","VIEWSONIC","230",",00","USD","Cód.","","Consultar","","","","","Antes","USD",",00","Ahora","IVA inc.","Agotado","Agotado","","","%","https://www.infinit.com.uy/imgs/productos/productos3_40891.jpg"
"1778255771-131","https://www.infinit.com.uy/catalogo/gamer/infinit/","177","Garantía: 2 AÑOS / NUEVO","BFXDXMIC","Microfono ELGATO Wave DX Dinamico 10MAH9901","","NEGRO","","ELGATO","174",",00","USD","Cód.","","","Color","Comprar","","","Antes","USD",",00","Ahora","IVA inc.","En stock","En stock","","Cantidad","","https://www.infinit.com.uy/imgs/productos/productos3_32558.jpg"
"1778255771-132","https://www.infinit.com.uy/catalogo/gamer/infinit/","177","Modelo G27i 2024","PRV-MON298","Monitor Gamer XIAOMI 27 G27i 165Hz 1ms IPS FullHD","","","","XIAOMI","0",",10","USD","Cód.","","","","Comprar","","Nuevo","Antes","USD",",00","Precio","IVA inc.","En stock","En stock","","Cantidad","","https://www.infinit.com.uy/imgs/productos/productos3_41428.jpg"
"1778255771-133","https://www.infinit.com.uy/catalogo/gamer/infinit/","178","Garantía: 6 MESES / NUEVO","SGPD403","Silla Gamer PERSEO Pegasus Regulable 160 Grados Soporta Hasta 120kg Material Cuero Sintetico","-5%","GOLD","5","PERSEO","187",",00","USD","Cód.","","","Color","Comprar","","","Antes","USD",",00","Ahora","IVA inc.","En stock","En stock","","Cantidad","%","https://www.infinit.com.uy/imgs/productos/productos3_20316.jpg"
"1778255771-134","https://www.infinit.com.uy/catalogo/gamer/infinit/","181","Garantía: 1 AÑO / NUEVO","186032","Silla Gamer HUZARO Hz-Combat 5.0 Air Mesh Malla de Nailon Hasta 140kg Regulable Reclinable Almohadon y Reposapies","-5%","GRIS","5","HUZARO","191",",00","USD","Cód.","","","Color","Comprar","","","Antes","USD",",00","Ahora","IVA inc.","En stock","En stock","","Cantidad","%","https://www.infinit.com.uy/imgs/productos/productos3_33780.jpg"
"1778255771-135","https://www.infinit.com.uy/catalogo/gamer/infinit/","181","Garantía: 3 AÑOS / NUEVO","GB0417","Monitor Gamer GIGABYTE 27 GS27FA 180Hz 1Ms FHd 1080p Panel Ips Amd FreeSync 2x Hdmi Dp Compatible Vesa 100x100","-14%","","14","GIGABYTE","210",",00","USD","Cód.","27""","","Medida","Comprar","","","Antes","USD",",00","Ahora","IVA inc.","En stock","En stock","","Cantidad","%","https://www.infinit.com.uy/imgs/productos/productos3_35478.jpg"
"1778255771-136","https://www.infinit.com.uy/catalogo/gamer/infinit/","183","Garantía: 1 AÑO / NUEVO","BFXHBCS","Pedalera FANATEC CSL-P con sensores magneticos","","NEGRO","","FANATEC","0",",00","USD","Cód.","","","Color","Comprar","","","Antes","USD",",00","Precio","IVA inc.","En stock","En stock","","Cantidad","","https://www.infinit.com.uy/imgs/productos/productos3_39866.jpg"
"1778255771-137","https://www.infinit.com.uy/catalogo/gamer/infinit/","183","Garantía: 2 AÑOS / NUEVO","BFXEGXLRD","Interfaz Audio ELGATO Xlr Dock 10GBM9901 Para Stream Deck +","","","","ELGATO","0",",00","USD","Cód.","","","","Comprar","","Nuevo","Antes","USD",",00","Precio","IVA inc.","En stock","En stock","","Cantidad","","https://www.infinit.com.uy/imgs/productos/productos3_41212.jpg"
"1778255771-138","https://www.infinit.com.uy/catalogo/gamer/infinit/","184","Garantía: 1 AÑO / NUEVO","MPH27200","Monitor Gamer PERSEO 27 Hermes 200hz 1ms Panel Va Fhd 1080p FreeSync Hdmi Dp Compatible Con Vesa 100x100 Parlantes","-7%","NEGRO","7","PERSEO","198",",00","USD","Cód.","27""","","Medida","Comprar","Destacado","","Antes","USD",",00","Ahora","IVA inc.","En stock","En stock","Color","Cantidad","%","https://www.infinit.com.uy/imgs/productos/productos3_29374.jpg"
"1778255771-139","https://www.infinit.com.uy/catalogo/gamer/infinit/","185","Garantía: 2 AÑOS / NUEVO","192311","Teclado Gamer Logitech G715 Tkl Inalambrico Mecanico Switch Tactil Con Apoya Muñecas","-16%","BLANCO","16","LOGITECH G","221",",00","USD","Cód.","","","Color","Comprar","Destacado","","Antes","USD",",00","Ahora","IVA inc.","En stock","En stock","","Cantidad","%","https://www.infinit.com.uy/imgs/productos/productos3_28318.jpg"
"1778255771-140","https://www.infinit.com.uy/catalogo/gamer/infinit/","187","Garantía: 2 AÑOS / NUEVO","BFXGCNEO","Capturadora de Vídeo ELGATO Game Capture Neo Fhd 1080P 60Fps","-2%","BLANCO","2","ELGATO","190",",00","USD","Cód.","","","Color","Comprar","","","Antes","USD",",00","Ahora","IVA inc.","En stock","En stock","","Cantidad","%","https://www.infinit.com.uy/imgs/productos/productos3_35692.jpg"
"1778255771-141","https://www.infinit.com.uy/catalogo/gamer/infinit/","187","Garantía: 1 AÑO / NUEVO","HP6061","Auricular HYPERX CLOUD III Inalambricos Para PC, Consola Sony Ps4 Ps5, Xbox y Nintendo Switch","","NEGRO","","HYPERX","0",",00","USD","Cód.","","","Color","Comprar","","","Antes","USD",",00","Precio","IVA inc.","En stock","En stock","","Cantidad","","https://www.infinit.com.uy/imgs/productos/productos3_40350.jpg"
"1778255771-142","https://www.infinit.com.uy/catalogo/gamer/infinit/","187","Garantía: 1 AÑO / NUEVO","HP6060","Auricular HYPERX CLOUD III Inalambricos Para PC, Consola Sony Ps4 Ps5, Xbox y Nintendo Switch","","ROJO","","HYPERX","0",",00","USD","Cód.","","","Color","Comprar","","","Antes","USD",",00","Precio","IVA inc.","En stock","En stock","","Cantidad","","https://www.infinit.com.uy/imgs/productos/productos3_40356.jpg"
"1778255771-143","https://www.infinit.com.uy/catalogo/gamer/infinit/","187","Serie Phantom Gaming","PRV-MON339","Monitor Gamer AsRock 27"" 180Hz 1ms","","","","ASROCK","0",",60","USD","Cód.","","","","Comprar","","","Antes","USD",",00","Precio","IVA inc.","En stock","En stock","","Cantidad","","https://www.infinit.com.uy/imgs/productos/productos3_40722.jpg"
"1778255771-144","https://www.infinit.com.uy/catalogo/gamer/infinit/","190","Garantía: 2 AÑOS / NUEVO","BFXKLM","Luz Led ELGATO Key Light Mini Brillo 800 Lumens Ajustable para Streaming 10LAD9901","-1%","","1","ELGATO","192",",00","USD","Cód.","","","","Comprar","","","Antes","USD",",00","Ahora","IVA inc.","En stock","En stock","","Cantidad","%","https://www.infinit.com.uy/imgs/productos/productos3_25181.jpg"
"1778255771-145","https://www.infinit.com.uy/catalogo/gamer/infinit/","195","Garantía: 2 AÑOS / NUEVO","DHILM24E","Monitor DAHUA 24 Lm24-E230 Fhd 1080p Panel Va 165Hz Led Conexiones Hdmi Display Port Audio Output","","NEGRO","","DAHUA","195",",00","USD","Cód.","24""","","Medida","Comprar","Destacado","","Antes","USD",",00","Precio","IVA inc.","En stock","En stock","Color","Cantidad","","https://www.infinit.com.uy/imgs/productos/productos3_25845.jpg"
"1778255771-146","https://www.infinit.com.uy/catalogo/gamer/infinit/","195","Tasa de refresco de 180 Hz","PRV-MON346","Monitor Gamer Asus 24 TUF IPS Full HD 180Hz 1Ms Parlantes VESA 100x100","","","","ASUS","0",",10","USD","Cód.","","","","Comprar","","Nuevo","Antes","USD",",00","Precio","IVA inc.","En stock","En stock","","Cantidad","","https://www.infinit.com.uy/imgs/productos/productos3_41173.jpg"
"1778255771-147","https://www.infinit.com.uy/catalogo/gamer/infinit/","196","Modelo G27i 2026","PRV-MON335","Monitor Gamer XIAOMI 27 G27i 200Hz 1ms IPS FullHD","","","","XIAOMI","0",",60","USD","Cód.","","","","Comprar","","Nuevo","Antes","USD",",00","Precio","IVA inc.","En stock","En stock","","Cantidad","","https://www.infinit.com.uy/imgs/productos/productos3_41426.jpg"
"1778255771-148","https://www.infinit.com.uy/catalogo/gamer/infinit/","206","Garantía: 3 AÑOS / NUEVO","27MS500","Monitor Gamer LG 27"" 27MS500-B 100Hz 5Ms Fhd Panel IPS Hdmi x2 Vesa 75x75","","","","LG","0",",00","USD","Cód.","27""","Consultar","Medida","","","","Antes","USD",",00","Precio","IVA inc.","Agotado","Agotado","","","","https://www.infinit.com.uy/imgs/productos/productos3_37624.jpg"
"1778255771-149","https://www.infinit.com.uy/catalogo/gamer/infinit/","209","Garantía: 1 AÑO / NUEVO","165007","Soporte de Teclado y Mouse Next Level Racing NLR A012","","NEGRO","","NEXT LEVEL RACING","0",",00","USD","Cód.","","","Color","Comprar","","","Antes","USD",",00","Precio","IVA inc.","En stock","En stock","","Cantidad","","https://www.infinit.com.uy/imgs/productos/productos3_32376.jpg"
"1778255771-150","https://www.infinit.com.uy/catalogo/gamer/infinit/","210","Garantía: 1 AÑO / NUEVO","MON326","Monitor Gamer MSI Optix 27 G2712F 180Hz 1Ms FHd 1080p Panel UR Ips Adaptative Sync Hdmi Dp Compatible Vesa 100x100","","NEGRO","","MSI","210",",00","USD","Cód.","27""","","Medida","Comprar","","","Antes","USD",",00","Precio","IVA inc.","En stock","En stock","Color","Cantidad","","https://www.infinit.com.uy/imgs/productos/productos3_38728.jpg"
"1778255771-151","https://www.infinit.com.uy/catalogo/gamer/infinit/","212","Garantía: 1 AÑO / NUEVO","186000","Silla Gamer HUZARO HZ-Combat 5.0 Air Mesh Tejido de Carbono Hasta 140kg Regulable Reclinable Almohadilla Reposapies","-7%","NEGRO","7","HUZARO","227",",00","USD","Cód.","","","Color","Comprar","","","Antes","USD",",00","Ahora","IVA inc.","En stock","En stock","","Cantidad","%","https://www.infinit.com.uy/imgs/productos/productos3_33825.jpg"
"1778255771-152","https://www.infinit.com.uy/catalogo/gamer/infinit/","212","Garantía: 3 AÑOS / NUEVO","GB0515","Monitor Gamer GIGABYTE 25 GS25F2A 240Hz 1Ms FHd 1080p Panel Ips Amd FreeSync 2x Hdmi Dp Compatible Vesa 100x100","-3%","","3","GIGABYTE","218",",00","USD","Cód.","25""","","Medida","Comprar","","","Antes","USD",",00","Ahora","IVA inc.","En stock","En stock","","Cantidad","%","https://www.infinit.com.uy/imgs/productos/productos3_40759.jpg"
"1778255771-153","https://www.infinit.com.uy/catalogo/gamer/infinit/","215","Garantía: 2 AÑOS / NUEVO","BFX15PC","Stream Deck ELGATO Scissors Keys 10GBL9901 15 Botones LCD Personalizables para Streaming","","","","ELGATO","0",",00","USD","Cód.","","","","Comprar","","Nuevo","Antes","USD",",00","Precio","IVA inc.","En stock","En stock","","Cantidad","","https://www.infinit.com.uy/imgs/productos/productos3_41205.jpg"
"1778255771-154","https://www.infinit.com.uy/catalogo/gamer/infinit/","216","Garantía: 1 AÑO / NUEVO","MP270Q180","Monitor Gamer PERSEO 27 Hermes 180hz 1ms Panel Ips 2k Qhd FreeSync Hdmi Dp Compatible Con Vesa 100x100 Parlantes","-14%","NEGRO","14","PERSEO","250",",00","USD","Cód.","27""","","Medida","Comprar","","","Antes","USD",",00","Ahora","IVA inc.","En stock","En stock","Color","Cantidad","%","https://www.infinit.com.uy/imgs/productos/productos3_31633.jpg"
"1778255771-155","https://www.infinit.com.uy/catalogo/gamer/infinit/","221","Garantía: 1 AÑO / NUEVO","SG32F17","Monitor Gamer SHOT GAMING 32 SG32F17 75Hz 5ms LED Fhd 1080p Hdmi Vga Comptible Con Vesa","-6%","","6","SHOT GAMING","236",",00","USD","Cód.","32""","","Medida","Comprar","","","Antes","USD",",00","Ahora","IVA inc.","En stock","En stock","","Cantidad","%","https://www.infinit.com.uy/imgs/productos/productos3_37878.jpg"
"1778255771-156","https://www.infinit.com.uy/catalogo/gamer/infinit/","221","Garantía: 1 AÑO / NUEVO","BFX24WW","Kit Palanca de cambio FANATEC Simulador de Carreras CRD-9900024-WW","","NEGRO","","FANATEC","0",",00","USD","Cód.","","","Color","Comprar","","","Antes","USD",",00","Precio","IVA inc.","En stock","En stock","","Cantidad","","https://www.infinit.com.uy/imgs/productos/productos3_39885.jpg"
"1778255771-157","https://www.infinit.com.uy/catalogo/gamer/infinit/","221","Tasa de refresco de 180 Hz","PRV-MON347","Monitor Gamer Asus 27 TUF Fast IPS Full HD 180Hz 1Ms Parlantes VESA 100x100","","","","ASUS","0",",80","USD","Cód.","","","","Comprar","","Nuevo","Antes","USD",",00","Precio","IVA inc.","En stock","En stock","","Cantidad","","https://www.infinit.com.uy/imgs/productos/productos3_41188.jpg"
"1778255771-158","https://www.infinit.com.uy/catalogo/gamer/infinit/","225","Garantía: 2 AÑOS / NUEVO","BFXDECK2","Stream Deck ELGATO Mk2 15 Botones LCD Personalizables Streaming Blanco","-1%","BLANCO","1","ELGATO","228",",00","USD","Cód.","","","Color","Comprar","","","Antes","USD",",00","Ahora","IVA inc.","En stock","En stock","","Cantidad","%","https://www.infinit.com.uy/imgs/productos/productos3_35699.jpg"
"1778255771-159","https://www.infinit.com.uy/catalogo/gamer/infinit/","227","Garantía: 2 AÑOS / NUEVO","BFXSDM2","Stream Deck ELGATO Mk2 D-10GBA9901 15 Botones LCD Personalizables Para Streaming","-1%","NEGRO","1","ELGATO","229",",00","USD","Cód.","","","Color","Comprar","","","Antes","USD",",00","Ahora","IVA inc.","En stock","En stock","","Cantidad","%","https://www.infinit.com.uy/imgs/productos/productos3_25386.jpg"
"1778255771-160","https://www.infinit.com.uy/catalogo/gamer/infinit/","227","Garantía: 1 AÑO / NUEVO","1Q1HDGRB0001","Silla Gamer COUGAR STRYDER Soporta Hasta 120Kg Regulable Reclinable 155 Grados","","GRIS","","COUGAR","0",",00","USD","Cód.","","","Color","Comprar","","","Antes","USD",",00","Precio","IVA inc.","En stock","En stock","","Cantidad","","https://www.infinit.com.uy/imgs/productos/productos3_40564.jpg"
"1778255771-161","https://www.infinit.com.uy/catalogo/gamer/infinit/","229","Garantía: 1 AÑO / OPEN BOX","4718017341189","Monitor Gamer ASUS 24 VG248QG 165Hz 1ms Led Panel Tn Full Hd Hdmi Dp Dvi G-Sync","","NEGRO","","ASUS","228",",00","USD","Cód.","24""","","Medida","Comprar","","","Antes","USD",",00","Ahora","IVA inc.","En stock","En stock","Color","Cantidad","","https://www.infinit.com.uy/imgs/productos/productos3_18200.jpg"
"1778255771-162","https://www.infinit.com.uy/catalogo/gamer/infinit/","230","Garantía: 2 AÑOS / NUEVO","BFXWXLR","Interfaz de Audio ELGATO Wabe Xlr 10MAG9901 USB-C Streaming","-2%","NEGRO","2","ELGATO","234",",00","USD","Cód.","","","Color","Comprar","","","Antes","USD",",00","Ahora","IVA inc.","En stock","En stock","","Cantidad","%","https://www.infinit.com.uy/imgs/productos/productos3_32526.jpg"
"1778255771-163","https://www.infinit.com.uy/catalogo/gamer/infinit/","234","Garantía: 1 AÑO / NUEVO","BFXTMSB","Soporte THERMALTAKE Triple Para Monitor GEA-RMS-TMSBLK-01","","NEGRO","","THERMALTAKE","235",",00","USD","Cód.","","","Color","Comprar","","","Antes","USD",",00","Ahora","IVA inc.","En stock","En stock","","Cantidad","","https://www.infinit.com.uy/imgs/productos/productos3_36726.jpg"
"1778255771-164","https://www.infinit.com.uy/catalogo/gamer/infinit/","234","Garantía: 1 AÑO / NUEVO","BFXTRS","Soporte THERMALTAKE Triple Para Monitor SNOW GEA-RMS-TMSWHT-01","","BLANCO","","THERMALTAKE","0",",00","USD","Cód.","","","Color","Comprar","","","Antes","USD",",00","Precio","IVA inc.","En stock","En stock","","Cantidad","","https://www.infinit.com.uy/imgs/productos/productos3_36733.jpg"
"1778255771-165","https://www.infinit.com.uy/catalogo/gamer/infinit/","234","Garantía: 2 AÑOS / NUEVO","9S63CE51T002","Monitor Gamer MSI MAG 27 G272F 200Hz 0.5Ms FHd 1080p Panel UR Ips Adaptative Sync Hdmi Dp Compatible Vesa 100x100","","NEGRO","","MSI","0",",00","USD","Cód.","27""","","Medida","Comprar","","","Antes","USD",",00","Precio","IVA inc.","En stock","En stock","Color","Cantidad","","https://www.infinit.com.uy/imgs/productos/productos3_40291.jpg"
"1778255771-166","https://www.infinit.com.uy/catalogo/gamer/infinit/","235","Garantía: 2 AÑOS / NUEVO","BFX1TRX","Capturadora Video Externa ELGATO Game S 10GBR9901 4k 60Fps Hdmi","","","","ELGATO","0",",00","USD","Cód.","","","","Comprar","","Nuevo","Antes","USD",",00","Precio","IVA inc.","En stock","En stock","","Cantidad","","https://www.infinit.com.uy/imgs/productos/productos3_41128.jpg"
"1778255771-167","https://www.infinit.com.uy/catalogo/gamer/infinit/","243","Garantía: 1 AÑO / NUEVO","HX1415","Auricular HYPERX CLOUD ALPHA Inalambricos Audio Espacial DTS Para PC","","ROJO","","HYPERX","0",",00","USD","Cód.","","","Color","Comprar","","","Antes","USD",",00","Precio","IVA inc.","En stock","En stock","","Cantidad","","https://www.infinit.com.uy/imgs/productos/productos3_40319.jpg"
"1778255771-168","https://www.infinit.com.uy/catalogo/gamer/infinit/","249","Garantía: 1 AÑO / NUEVO","BFXSWP1","Volante FANATEC CSL_SW_P1_V2R_QR2L","","NEGRO","","FANATEC","0",",00","USD","Cód.","","","Color","Comprar","","","Antes","USD",",00","Precio","IVA inc.","En stock","En stock","","Cantidad","","https://www.infinit.com.uy/imgs/productos/productos3_39890.jpg"
"1778255771-169","https://www.infinit.com.uy/catalogo/gamer/infinit/","250","Garantía: 3 AÑOS / NUEVO","24GS60F","Monitor Gamer LG 24 24GS60F Ultra Gear 180Hz 1Ms Fhd 1080p Ips Amd FreeSync Hdr10","-1%","NEGRO","1","LG","253",",00","USD","Cód.","24""","Consultar","Medida","","","","Antes","USD",",00","Ahora","IVA inc.","Agotado","Agotado","Color","","%","https://www.infinit.com.uy/imgs/productos/productos3_33432.jpg"
"1778255771-170","https://www.infinit.com.uy/catalogo/gamer/infinit/","256","Garantía: 1 AÑO / NUEVO","EMDE10","Escritorio Electrico MARVO DE-10 Mesa Regulable En Altura Negro","-1%","NEGRO","1","MARVO","258",",00","USD","Cód.","","","Color","Comprar","","","Antes","USD",",00","Ahora","IVA inc.","En stock","En stock","","Cantidad","%","https://www.infinit.com.uy/imgs/productos/productos3_39700.jpg"
"1778255771-171","https://www.infinit.com.uy/catalogo/gamer/infinit/","260","Garantía: 1 AÑO / NUEVO","HX1473","Auricular HYPERX CLOUD III S Inalambricos Para PC MAC Ps5 Nintendo Switch NGENUITY","","ROJO","","HYPERX","0",",00","USD","Cód.","","","Color","Comprar","","","Antes","USD",",00","Precio","IVA inc.","En stock","En stock","","Cantidad","","https://www.infinit.com.uy/imgs/productos/productos3_40441.jpg"
"1778255771-172","https://www.infinit.com.uy/catalogo/gamer/infinit/","260","Garantía: 1 AÑO / NUEVO","HX1475","Auricular HYPERX CLOUD III S Inalambricos Para PC MAC Ps5 Nintendo Switch NGENUITY","","NEGRO","","HYPERX","0",",00","USD","Cód.","","","Color","Comprar","","","Antes","USD",",00","Precio","IVA inc.","En stock","En stock","","Cantidad","","https://www.infinit.com.uy/imgs/productos/productos3_40447.jpg"
"1778255771-173","https://www.infinit.com.uy/catalogo/gamer/infinit/","268","Garantía: 1 AÑO / NUEVO","SCELITEBLACK","Silla Gamer COUGAR ARMOR ELITE Soporta Hasta 120Kg Regulable Reclinable 160 Grados Almohadones","","NEGRO","","COUGAR","266",",00","USD","Cód.","","","Color","Comprar","","","Antes","USD",",00","Ahora","IVA inc.","En stock","En stock","","Cantidad","","https://www.infinit.com.uy/imgs/productos/productos3_29024.jpg"
"1778255771-174","https://www.infinit.com.uy/catalogo/gamer/infinit/","269","Garantía: 2 AÑOS / NUEVO","192269","Teclado Gamer LOGITECH Pro X Tkl Inalambrico Mecanico Switch LightSpeed","","BLANCO","","LOGITECH G","270",",00","USD","Cód.","","","Color","Comprar","","","Antes","USD",",00","Ahora","IVA inc.","En stock","En stock","","Cantidad","","https://www.infinit.com.uy/imgs/productos/productos3_37348.jpg"
"1778255771-175","https://www.infinit.com.uy/catalogo/gamer/infinit/","269","Garantía: 1 AÑO / NUEVO","192270","Teclado Gamer LOGITECH Pro X Tkl Inalambrico Mecanico Switch LightSpeed","","ROSA","","LOGITECH G","270",",00","USD","Cód.","","","Color","Comprar","","","Antes","USD",",00","Ahora","IVA inc.","En stock","En stock","","Cantidad","","https://www.infinit.com.uy/imgs/productos/productos3_37351.jpg"
"1778255771-176","https://www.infinit.com.uy/catalogo/gamer/infinit/","270","Garantía: 1 AÑO / NUEVO","ECDEIMUSRGB","Escritorio Gamer COUGAR DEIMUS 120 Rgb Usb3.0 y Tipo C Facil Organizacion De Cables","-2%","NEGRO","2","COUGAR","276",",00","USD","Cód.","","","Color","Comprar","","","Antes","USD",",00","Ahora","IVA inc.","En stock","En stock","","Cantidad","%","https://www.infinit.com.uy/imgs/productos/productos3_25255.jpg"
"1778255771-177","https://www.infinit.com.uy/catalogo/gamer/infinit/","270","Garantía: 1 AÑO / NUEVO","SGCELITEWHI","Silla Gamer COUGAR Armor Elite Blanco Hasta 120Kg Regulable Ergonomica Reclinable 160Grados Almohadones","","BLANCO","","COUGAR","267",",00","USD","Cód.","","","Color","Comprar","","","Antes","USD",",00","Ahora","IVA inc.","En stock","En stock","","Cantidad","","https://www.infinit.com.uy/imgs/productos/productos3_27556.jpg"
"1778255771-178","https://www.infinit.com.uy/catalogo/gamer/infinit/","270","Garantía: 1 AÑO / NUEVO","SGCELITEOR","Silla Gamer Cougar Armor Elite Soporta Hasta 120kg Regulable Ergonomica Reclinable 160 Grados Almohadones","-3%","NARANJA","3","COUGAR","277",",00","USD","Cód.","","","Color","Comprar","Destacado","","Antes","USD",",00","Ahora","IVA inc.","En stock","En stock","","Cantidad","%","https://www.infinit.com.uy/imgs/productos/productos3_29031.jpg"
"1778255771-179","https://www.infinit.com.uy/catalogo/gamer/infinit/","270","Garantía: 2 AÑOS / NUEVO","BFXHD6X","Capturadora Video Externa ELGATO Hd60 X 10GBE9901 Hdmi Usb-c Streaming","-2%","NEGRO","2","ELGATO","275",",00","USD","Cód.","","","Color","Comprar","","","Antes","USD",",00","Ahora","IVA inc.","En stock","En stock","","Cantidad","%","https://www.infinit.com.uy/imgs/productos/productos3_32531.jpg"
"1778255771-180","https://www.infinit.com.uy/catalogo/gamer/infinit/","277","Garantía: 1 AÑO / RECERTIFICADO","47180117400541","Monitor Gamer ASUS 27 TUF VG278QG 144Hz 1ms Led Panel Full Hd Hdmi Dp","","NEGRO","","ASUS","0",",00","USD","Cód.","27""","","Medida","Comprar","","","Antes","USD",",00","Precio","IVA inc.","En stock","En stock","Color","Cantidad","","https://www.infinit.com.uy/imgs/productos/productos3_39105.jpg"
"1778255771-181","https://www.infinit.com.uy/catalogo/gamer/infinit/","282","Garantía: 3 AÑOS / NUEVO","GB0410","Monitor Gamer GIGABYTE 27 GS27QA 180Hz 1Ms QHd 1440p Panel Ips Amd FreeSync 2x Hdmi Dp Compatible Vesa 100x100","","","","GIGABYTE","283",",00","USD","Cód.","27""","","Medida","Comprar","","","Antes","USD",",00","Ahora","IVA inc.","En stock","En stock","","Cantidad","","https://www.infinit.com.uy/imgs/productos/productos3_35473.jpg"
"1778255771-182","https://www.infinit.com.uy/catalogo/gamer/infinit/","300","Garantía: 2 AÑOS / NUEVO","BFXD1011","Stream Deck y Mezclador de Audio ELGATO 10GBD9911 Usb Blanco Streaming","-2%","BLANCO","2","ELGATO","305",",00","USD","Cód.","","","Color","Comprar","Destacado","","Antes","USD",",00","Ahora","IVA inc.","En stock","En stock","","Cantidad","%","https://www.infinit.com.uy/imgs/productos/productos3_32579.jpg"
"1778255771-183","https://www.infinit.com.uy/catalogo/gamer/infinit/","302","Garantía: 2 AÑOS / NUEVO","BFXSTDD","Stream Deck + Controlador de Estudio ELGATO Usb Negro Streaming","","NEGRO","","ELGATO","303",",00","USD","Cód.","","","Color","Comprar","","","Antes","USD",",00","Ahora","IVA inc.","En stock","En stock","","Cantidad","","https://www.infinit.com.uy/imgs/productos/productos3_32583.jpg"
"1778255771-184","https://www.infinit.com.uy/catalogo/gamer/infinit/","314","Garantía: 2 AÑOS / NUEVO","195882","Teclado Mecanico LOGITECH G915 Inalambrico Rgb Tkl Idioma Ingles","","NEGRO","","LOGITECH G","0",",00","USD","Cód.","","Consultar","Color","","","","Antes","USD",",00","Precio","IVA inc.","Agotado","Agotado","","","","https://www.infinit.com.uy/imgs/productos/productos3_15338.jpg"
"1778255771-185","https://www.infinit.com.uy/catalogo/gamer/infinit/","316","Garantía: 2 AÑOS / NUEVO","CF9010051W","Silla Gamer CORSAIR TC100 Fabric Relaxed Soporta Hatsa 120Kg Regulable Renclinable 160 Grados Almohadones Negro","-5%","NEGRO","5","CORSAIR","331",",00","USD","Cód.","","","Color","Comprar","","","Antes","USD",",00","Ahora","IVA inc.","En stock","En stock","","Cantidad","%","https://www.infinit.com.uy/imgs/productos/productos3_27243.jpg"
"1778255771-186","https://www.infinit.com.uy/catalogo/gamer/infinit/","316","Garantía: 2 AÑOS / NUEVO","CF9010052W","Silla Gamer CORSAIR TC100 Fabric Relaxed Soporta Hatsa 120Kg Regulable Renclinable 160 Grados Almohadones Negro y Gris","-3%","GRIS","3","CORSAIR","325",",00","USD","Cód.","","","Color","Comprar","","","Antes","USD",",00","Ahora","IVA inc.","En stock","En stock","","Cantidad","%","https://www.infinit.com.uy/imgs/productos/productos3_27398.jpg"
"1778255771-187","https://www.infinit.com.uy/catalogo/gamer/infinit/","316","Garantía: 1 AÑO / NUEVO","ECESTAR140B","Escritorio Gamer COUGAR E-Star 140 Ajustes de altura personalizados y organizador de cables","-13%","NEGRO","13","COUGAR","363",",00","USD","Cód.","","","Color","Comprar","Destacado","","Antes","USD",",00","Ahora","IVA inc.","En stock","En stock","","Cantidad","%","https://www.infinit.com.uy/imgs/productos/productos3_35039.jpg"
"1778255771-188","https://www.infinit.com.uy/catalogo/gamer/infinit/","320","Garantía: 1 AÑO / NUEVO","165006","Soporte De Monitor NEXT LEVEL RACING NLR-A011","","NEGRO","","NEXT LEVEL RACING","320",",00","USD","Cód.","","","Color","Comprar","","","Antes","USD",",00","Precio","IVA inc.","En stock","En stock","","Cantidad","","https://www.infinit.com.uy/imgs/productos/productos3_32384.jpg"
"1778255771-189","https://www.infinit.com.uy/catalogo/gamer/infinit/","320","Garantía: 3 AÑOS / NUEVO","27GS60F","Monitor Gamer LG 27 27GS60F Ultra Gear 180Hz 1Ms FHd 1080p Ips Amd FreeSync Hdmi Dp","","NEGRO","","LG","303",",00","USD","Cód.","27""","Consultar","Medida","","","","Antes","USD",",00","Ahora","IVA inc.","Agotado","Agotado","Color","","","https://www.infinit.com.uy/imgs/productos/productos3_33440.jpg"
"1778255771-190","https://www.infinit.com.uy/catalogo/gamer/infinit/","329","Garantía: 1 AÑO / NUEVO","1Q1H3MEJFGRB","Silla Gamer COUGAR EXPLORE JET GREY F Soporta Hasta 120Kg Regulable Reclinable 155 Grados Almohadones","","GRIS","","COUGAR","0",",00","USD","Cód.","","","Color","Comprar","","","Antes","USD",",00","Precio","IVA inc.","En stock","En stock","","Cantidad","","https://www.infinit.com.uy/imgs/productos/productos3_40560.jpg"
"1778255771-191","https://www.infinit.com.uy/catalogo/gamer/infinit/","331","Garantía: 1 AÑO / NUEVO","MPUZ34W180","Monitor Gamer PERSEO Hermes 34 MPUC.34PU.180H Curvo 1ms 180Hz 2k Wqhd Hdmi Dp Vesa 100x100","","NEGRO","","PERSEO","0",",00","USD","Cód.","34""","","Medida","Comprar","","Nuevo","Antes","USD",",00","Precio","IVA inc.","En stock","En stock","Color","Cantidad","","https://www.infinit.com.uy/imgs/productos/productos3_41497.jpg"
"1778255771-192","https://www.infinit.com.uy/catalogo/gamer/infinit/","334","Garantía: 3 AÑOS / NUEVO","GB0505","Monitor Gamer GIGABYTE 32 GS32QCA Curvo 180Hz 1Ms 2k QHd 1440p Panel VA Amd FreeSync 2x Hdmi Dp Compatible Vesa 100x100","-4%","","4","GIGABYTE","349",",00","USD","Cód.","32""","","Medida","Comprar","","","Antes","USD",",00","Ahora","IVA inc.","En stock","En stock","","Cantidad","%","https://www.infinit.com.uy/imgs/productos/productos3_40764.jpg"
"1778255771-193","https://www.infinit.com.uy/catalogo/gamer/infinit/","338","Garantía: 3 AÑOS / NUEVO","MSLS27CG552","Monitor Gamer Curvo SAMSUNG Odyssey 27 G5 165Hz 1Ms QHd 1440p Panel VA FreeSync Hdmi Dp Compatible Vesa 75x75","-14%","NEGRO","14","SAMSUNG","393",",00","USD","Cód.","","","Color","Comprar","","","Antes","USD",",00","Ahora","IVA inc.","En stock","En stock","","Cantidad","%","https://www.infinit.com.uy/imgs/productos/productos3_35288.jpg"
"1778255771-194","https://www.infinit.com.uy/catalogo/gamer/infinit/","346","Garantía: 2 AÑOS / NUEVO","BFXEGC4KX","Capturadora Video Externa ELGATO Game X 10GBH9901 4k144Fps Hdmi","","","","ELGATO","0",",00","USD","Cód.","","","","Comprar","","Nuevo","Antes","USD",",00","Precio","IVA inc.","En stock","En stock","","Cantidad","","https://www.infinit.com.uy/imgs/productos/productos3_41133.jpg"
"1778255771-195","https://www.infinit.com.uy/catalogo/gamer/infinit/","355","Tasa de refresco de 170 Hz","PRV-MON348","Monitor Gamer Asus 32 TUF Fast QHD 2K 170Hz 1Ms Parlantes VESA 100x100","","","","ASUS","0",",80","USD","Cód.","","","","Comprar","","Nuevo","Antes","USD",",00","Precio","IVA inc.","En stock","En stock","","Cantidad","","https://www.infinit.com.uy/imgs/productos/productos3_41191.jpg"
"1778255771-196","https://www.infinit.com.uy/catalogo/gamer/infinit/","356","Garantía: 2 AÑOS / NUEVO","192135","Auriculares Logitech G735 Gamer Inalambrico Bluetooth Rgb Pc Mac","-9%","BLANCO","9","LOGITECH G","392",",00","USD","Cód.","","","Color","Comprar","","","Antes","USD",",00","Ahora","IVA inc.","En stock","En stock","","Cantidad","%","https://www.infinit.com.uy/imgs/productos/productos3_27298.jpg"
"1778255771-197","https://www.infinit.com.uy/catalogo/gamer/infinit/","357","Garantía: 15 DÍAS / NUEVO","MECRMOSSAW","Escritorio Electrico Gamer COUGAR ROYAL MOSSA 120  Mesa Regulable En Altura Blanco","-3%","BLANCO","3","COUGAR","367",",00","USD","Cód.","","","Color","Comprar","","","Antes","USD",",00","Ahora","IVA inc.","En stock","En stock","","Cantidad","%","https://www.infinit.com.uy/imgs/productos/productos3_29190.jpg"
"1778255771-198","https://www.infinit.com.uy/catalogo/gamer/infinit/","366","Garantía: 1 AÑO / NUEVO","350009","Silla Gamer COOLER MASTER Caliber R2C Hasta 150kg Regulable Ergonomica Reclinable 180 Grados","","NEGRO","","COOLER MASTER","0",",00","USD","Cód.","","","Color","Comprar","","","Antes","USD",",00","Precio","IVA inc.","En stock","En stock","","Cantidad","","https://www.infinit.com.uy/imgs/productos/productos3_38201.jpg"
"1778255771-199","https://www.infinit.com.uy/catalogo/gamer/infinit/","375","Garantía: 1 AÑO / NUEVO","165000","Simulador Next Level Racing NLR-S021 Gt Lite Cockpit","-3%","NEGRO","3","NEXT LEVEL RACING","388",",00","USD","Cód.","","Consultar","Color","","","","Antes","USD",",00","Ahora","IVA inc.","Agotado","Agotado","","","%","https://www.infinit.com.uy/imgs/productos/productos3_32380.jpg"
"1778255771-200","https://www.infinit.com.uy/catalogo/gamer/infinit/","379","Garantía: 3 AÑOS / NUEVO","MSLS32CG552","Monitor Gamer SAMSUNG 32 Odyssey G5 Ls32cg552 165Hz 1Ms 2K Qhd Panel VA Curvo 1000R AMD FreeSync Compatible Vesa 75x75","-13%","NEGRO","13","SAMSUNG","434",",00","USD","Cód.","32""","","Medida","Comprar","","","Antes","USD",",00","Ahora","IVA inc.","En stock","En stock","Color","Cantidad","%","https://www.infinit.com.uy/imgs/productos/productos3_32296.jpg"
"1778255771-201","https://www.infinit.com.uy/catalogo/gamer/infinit/","389","Garantía: 2 AÑOS / NUEVO","192137","Volante y Pedalera LOGITECH G29 Con Levas Para Pc Sony Ps3 Ps4 y Ps5","","NEGRO","","LOGITECH G","389",",00","USD","Cód.","","Consultar","Color","","","","Antes","USD",",00","Precio","IVA inc.","Agotado","Agotado","","","","https://www.infinit.com.uy/imgs/productos/productos3_7332.jpg"
"1778255771-202","https://www.infinit.com.uy/catalogo/gamer/infinit/","389","Garantía: 2 AÑOS / NUEVO","192159","Volante y Pedalera LOGITECH G920 Para xBox One y Pc","-2%","NEGRO","2","LOGITECH G","395",",00","USD","Cód.","","","Color","Comprar","","","Antes","USD",",00","Ahora","IVA inc.","En stock","En stock","","Cantidad","%","https://www.infinit.com.uy/imgs/productos/productos3_9566.jpg"
"1778255771-203","https://www.infinit.com.uy/catalogo/gamer/infinit/","392","Garantía: 2 AÑOS / NUEVO","CF9010056W","Silla Gamer CORSAIR T3 Rush 2023 Soporta Hasta 120kg Regulable Ergonomica Reclinable 160 Grados Almohadones","-1%","GRIS","1","CORSAIR","396",",00","USD","Cód.","","","Color","Comprar","","","Antes","USD",",00","Ahora","IVA inc.","En stock","En stock","","Cantidad","%","https://www.infinit.com.uy/imgs/productos/productos3_27211.jpg"
"1778255771-204","https://www.infinit.com.uy/catalogo/gamer/infinit/","400","Garantía: 2 AÑOS / NUEVO","CF9010057W","Silla Gamer CORSAIR T3 Rush 2023 Charcoal Hasta 120kg Regulable Ergonomica Reclinable 160 Grados Almohadones","","GRIS","","CORSAIR","400",",00","USD","Cód.","","","Color","Comprar","","","Antes","USD",",00","Precio","IVA inc.","En stock","En stock","","Cantidad","","https://www.infinit.com.uy/imgs/productos/productos3_30042.jpg"
"1778255771-205","https://www.infinit.com.uy/catalogo/gamer/infinit/","403","Garantía: 2 AÑOS / NUEVO","BFXPRMPT","Prompter ELGATO 10WAD9901 Para Streaming","-1%","NEGRO","1","ELGATO","409",",00","USD","Cód.","","","Color","Comprar","","","Antes","USD",",00","Ahora","IVA inc.","En stock","En stock","","Cantidad","%","https://www.infinit.com.uy/imgs/productos/productos3_35695.jpg"
"1778255771-206","https://www.infinit.com.uy/catalogo/gamer/infinit/","422","Garantía: 2 AÑOS / NUEVO","BFXE4KPR","Tarjeta Capturadora Video ELGATO Game 10GBK9901 Pro 4k 60fps Hdmi","","","","ELGATO","0",",00","USD","Cód.","","","","Comprar","","Nuevo","Antes","USD",",00","Precio","IVA inc.","En stock","En stock","","Cantidad","","https://www.infinit.com.uy/imgs/productos/productos3_41124.jpg"
"1778255771-207","https://www.infinit.com.uy/catalogo/gamer/infinit/","424","1 AÑO DE GARANTIA / NUEVO","MAEI322QURPB","Monitor Gamer ACER 31.5 Nitro Ei322qur Curvo 2K 2560 x 1440 Panel Va 165Hz 1ms Hdmi Dp AMD FreeSync Vesa 75x75 Parlantes","-1%","NEGRO","1","ACER","430",",00","USD","Cód.","31.5""","","Medida","Comprar","Destacado","","Antes","USD",",00","Ahora","IVA inc.","En stock","En stock","Color","Cantidad","%","https://www.infinit.com.uy/imgs/productos/productos3_29375.jpg"
"1778255771-208","https://www.infinit.com.uy/catalogo/gamer/infinit/","438","Garantía: 3 AÑOS / NUEVO","MSLS27BG400E","Monitor Gamer SAMSUNG Odyssey 27 G4 240Hz 1Ms Full Hd 1080p Panel Ips FreeSync GSync 2x Hdmi Dp Compatible Vesa 100x100","-2%","NEGRO","2","SAMSUNG","448",",00","USD","Cód.","","","Color","Comprar","Destacado","","Antes","USD",",00","Ahora","IVA inc.","En stock","En stock","","Cantidad","%","https://www.infinit.com.uy/imgs/productos/productos3_35278.jpg"
"1778255771-209","https://www.infinit.com.uy/catalogo/gamer/infinit/","452","Garantía: 2 AÑOS / NUEVO","KIT192137","Volante Pedalera y Palanca LOGITECH G29 Para PC PlayStation Sony Ps3 Ps4 Ps5","","NEGRO","","LOGITECH G","452",",00","USD","Cód.","","","Color","Comprar","","","Antes","USD",",00","Precio","IVA inc.","En stock","En stock","","Cantidad","","https://www.infinit.com.uy/imgs/productos/productos3_9597.jpg"
"1778255771-210","https://www.infinit.com.uy/catalogo/gamer/infinit/","452","2 Años de Garantía / Nuevo","KIT10507","Palanca y Volante Logitech G920 Con Pedales Driving Force Pc Xbox One","-2%","NEGRO","2","LOGITECH G","459",",00","USD","Cód.","","","Color","Comprar","Destacado","","Antes","USD",",00","Ahora","IVA inc.","En stock","En stock","","Cantidad","%","https://www.infinit.com.uy/imgs/productos/productos3_14958.jpg"
"1778255771-211","https://www.infinit.com.uy/catalogo/gamer/infinit/","461","Garantía: 2 AÑOS / NUEVO","192211","Volante y Pedalera LOGITECH G923 Simulador Para Pc Xbox One","","NEGRO","","LOGITECH G","0",",00","USD","Cód.","","","Color","Comprar","","","Antes","USD",",00","Precio","IVA inc.","En stock","En stock","","Cantidad","","https://www.infinit.com.uy/imgs/productos/productos3_15068.jpg"
"1778255771-212","https://www.infinit.com.uy/catalogo/gamer/infinit/","474","Modelo G Pro 27i. Luz ambiental RGB","PRV-MON321","Monitor Gamer XIAOMI 27 Mini LED G PRO 27i  WQHD 180Hz 1ms HDR","","","","XIAOMI","0",",20","USD","Cód.","","","","Comprar","","Nuevo","Antes","USD",",00","Precio","IVA inc.","En stock","En stock","","Cantidad","","https://www.infinit.com.uy/imgs/productos/productos3_41433.png"
"1778255771-213","https://www.infinit.com.uy/catalogo/gamer/infinit/","482","Garantía: 3 AÑOS / NUEVO","MSLC34G55TW","Monitor Gamer Curvo SAMSUNG Odyssey 34 G5 165Hz 1Ms UwqHd 1440p Panel VA FreeSync 2x Hdmi Dp Compatible Vesa 75x75","-5%","NEGRO","5","SAMSUNG","508",",00","USD","Cód.","34""","","Medida","Comprar","","","Antes","USD",",00","Ahora","IVA inc.","En stock","En stock","Color","Cantidad","%","https://www.infinit.com.uy/imgs/productos/productos3_37779.jpg"
"1778255771-214","https://www.infinit.com.uy/catalogo/gamer/infinit/","515","Garantía: 1 AÑO / NUEVO","BFX32GM","Monitor Gamer Curvo THERMALTAKE 32 TGM-V32CQ 170Hz 1Ms QHd 1440p Panel Va Amd FreeSync 2x Hdmi Dp Compatible Vesa 75x75","","NEGRO","","THERMALTAKE","0",",00","USD","Cód.","32""","","Medida","Comprar","","","Antes","USD",",00","Precio","IVA inc.","En stock","En stock","Color","Cantidad","","https://www.infinit.com.uy/imgs/productos/productos3_40117.jpg"
"1778255771-215","https://www.infinit.com.uy/catalogo/gamer/infinit/","517","Garantía: 3 AÑOS / NUEVO","32GS75Q","Monitor Gamer LG 32 32gs75q Ultra Gear 180hz 1ms Qhd 2560 x 1440 Ips Amd G-Sync Hdmi Dp Hdr10 Montaje Vesa 100 x 100","","NEGRO","","LG","499",",00","USD","Cód.","32""","Consultar","Medida","","","","Antes","USD",",00","Ahora","IVA inc.","Agotado","Agotado","Color","","","https://www.infinit.com.uy/imgs/productos/productos3_33461.jpg"
"1778255771-216","https://www.infinit.com.uy/catalogo/gamer/infinit/","525","2 Años de Garantía / Nuevo","10625","Volante Pedalera y Palanca LOGITECH G923 Trueforce Para PC y Xbox One","-1%","NEGRO","1","LOGITECH G","529",",00","USD","Cód.","","","Color","Comprar","Destacado","","Antes","USD",",00","Ahora","IVA inc.","En stock","En stock","","Cantidad","%","https://www.infinit.com.uy/imgs/productos/productos3_15197.jpg"
"1778255771-217","https://www.infinit.com.uy/catalogo/gamer/infinit/","555","Garantía: 1 AÑO / NUEVO","SCEVOORANG","Silla Gamer COUGAR Armor Evo Naranja Soporta Hasta 160Kg Regulable Reclinable 180 Grados Almohadones","-1%","NARANJA","1","COUGAR","559",",00","USD","Cód.","","","Color","Comprar","","","Antes","USD",",00","Ahora","IVA inc.","En stock","En stock","","Cantidad","%","https://www.infinit.com.uy/imgs/productos/productos3_29069.jpg"
"1778255771-218","https://www.infinit.com.uy/catalogo/gamer/infinit/","567","Garantía: 3 AÑOS / NUEVO","34GP63A","Monitor Gamer LG 34gp63a Ultra Gear 160hz 1ms Qhd 3440 x 1440p Va Amd FreeSync Hdmi Hdr10 Montaje Vesa 100 x 100","","NEGRO","","LG","560",",00","USD","Cód.","34""","Consultar","Medida","","","","Antes","USD",",00","Ahora","IVA inc.","Agotado","Agotado","Color","","","https://www.infinit.com.uy/imgs/productos/productos3_33468.jpg"
"1778255771-219","https://www.infinit.com.uy/catalogo/gamer/infinit/","567","Garantía: 3 AÑOS / NUEVO","34G600A","Monitor Gamer Curvo LG 34 34G600A WQHD 3440 x 1440 Panel Va 160Hz 1ms Hdmi Dp AMD FreeSync","","GRIS","","LG","0",",00","USD","Cód.","34""","Consultar","Medida","","","","Antes","USD",",00","Precio","IVA inc.","Agotado","Agotado","Color","","","https://www.infinit.com.uy/imgs/productos/productos3_40236.jpg"
"1778255771-220","https://www.infinit.com.uy/catalogo/gamer/infinit/","602","Garantía: 1 AÑO / NUEVO","ECRMOSSAB150","Escritorio Electrico Gamer Cougar Royal Mossa 150 Mesa Regulable y Programable En Altura Negro","-3%","NEGRO","3","COUGAR","622",",00","USD","Cód.","","","Color","Comprar","Destacado","","Antes","USD",",00","Ahora","IVA inc.","En stock","En stock","","Cantidad","%","https://www.infinit.com.uy/imgs/productos/productos3_31449.jpg"
"1778255771-221","https://www.infinit.com.uy/catalogo/gamer/infinit/","602","Garantía: 1 AÑO / NUEVO","ECRMOSSAW150","Escritorio Electrico Gamer COUGAR ROYAL MOSSA 150 Mesa Regulable y Programable En Altura Blanco","-3%","BLANCO","3","COUGAR","622",",00","USD","Cód.","","","Color","Comprar","","","Antes","USD",",00","Ahora","IVA inc.","En stock","En stock","","Cantidad","%","https://www.infinit.com.uy/imgs/productos/productos3_31457.jpg"
"1778255771-222","https://www.infinit.com.uy/catalogo/gamer/infinit/","620","Tasa de refresco de 160 Hz","PRV-MON344","Monitor Gamer Asus 27 ROG Fast IPS 4K UHD 160Hz 1Ms HDR VESA 100x100","","","","ASUS","0",",80","USD","Cód.","","","","Comprar","","Nuevo","Antes","USD",",00","Precio","IVA inc.","En stock","En stock","","Cantidad","","https://www.infinit.com.uy/imgs/productos/productos3_41180.jpg"
"1778255771-223","https://www.infinit.com.uy/catalogo/gamer/infinit/","631","Garantía: 1 AÑO / NUEVO","BFXRQ2","Base de volante FANATEC Simulador MXM CSL_DD_QR2L_90_US","","NEGRO","","FANATEC","0",",00","USD","Cód.","","","Color","Comprar","","","Antes","USD",",00","Precio","IVA inc.","En stock","En stock","","Cantidad","","https://www.infinit.com.uy/imgs/productos/productos3_39873.jpg"
"1778255771-224","https://www.infinit.com.uy/catalogo/gamer/infinit/","642","Garantía: 3 AÑOS / NUEVO","MSLS27BG650","Monitor Gamer Curvo SAMSUNG Odyssey 27 G6 240Hz 1Ms QHd 1440p Panel VA FreeSync 2x Hdmi Dp Compatible Vesa 100x100","-2%","NEGRO","2","SAMSUNG","657",",00","USD","Cód.","27""","","Medida","Comprar","","","Antes","USD",",00","Ahora","IVA inc.","En stock","En stock","Color","Cantidad","%","https://www.infinit.com.uy/imgs/productos/productos3_35283.jpg"
"1778255771-225","https://www.infinit.com.uy/catalogo/gamer/infinit/","643","Garantía: 1 AÑO / NUEVO","BFXGR30R","Simulador de Carreras THERMALTAKE GR300 Cockpit Negro","","NEGRO","","THERMALTAKE","0",",00","USD","Cód.","","","Color","Comprar","","","Antes","USD",",00","Precio","IVA inc.","En stock","En stock","","Cantidad","","https://www.infinit.com.uy/imgs/productos/productos3_40129.jpg"
"1778255771-226","https://www.infinit.com.uy/catalogo/gamer/infinit/","661","Garantía: 3 AÑOS / NUEVO","MSLS34C650U","Monitor Gamer SAMSUNG Curvo Viewfinity 34 S65UC Panel Led VA UWQHD 100hz 1440p FreeSync Hdmi DP Compatible Vesa 100x100","-14%","NEGRO","14","SAMSUNG","769",",00","USD","Cód.","","","Color","Comprar","Destacado","","Antes","USD",",00","Ahora","IVA inc.","En stock","En stock","","Cantidad","%","https://www.infinit.com.uy/imgs/productos/productos3_35080.jpg"
"1778255771-227","https://www.infinit.com.uy/catalogo/gamer/infinit/","728","Garantía: 1 AÑO / NUEVO","BFX27MG","Monitor Gamer THERMALTAKE 27 TPM-I27FUK 160Hz 1Ms 4k 2160p Panel Ips G-Sync 2x Hdmi Dp Compatible Vesa 75x75","","NEGRO","","THERMALTAKE","0",",00","USD","Cód.","27""","","Medida","Comprar","","","Antes","USD",",00","Precio","IVA inc.","En stock","En stock","Color","Cantidad","","https://www.infinit.com.uy/imgs/productos/productos3_40172.jpg"
"1778255771-228","https://www.infinit.com.uy/catalogo/gamer/infinit/","791","Garantía: 3 AÑOS / NUEVO","MSLS34C654T","Monitor Gamer SAMSUNG Curvo Viewfinity 34 S65UC Led VA UWQHD 100hz 1440p FreeSync Hdmi DP Compatible Vesa 100x100 Blanco","-9%","BLANCO","9","SAMSUNG","866",",00","USD","Cód.","","","Color","Comprar","","","Antes","USD",",00","Ahora","IVA inc.","En stock","En stock","","Cantidad","%","https://www.infinit.com.uy/imgs/productos/productos3_35091.jpg"
"1778255771-229","https://www.infinit.com.uy/catalogo/gamer/infinit/","797","Garantía: 1 AÑO / NUEVO","BFXQ2BL","Base de Volante para Simulador CSL_DD_QR2L_180_US","","NEGRO","","FANATEC","0",",00","USD","Cód.","","","Color","Comprar","","","Antes","USD",",00","Precio","IVA inc.","En stock","En stock","","Cantidad","","https://www.infinit.com.uy/imgs/productos/productos3_39888.jpg"
"1778255771-230","https://www.infinit.com.uy/catalogo/gamer/infinit/","839","Garantía: 1 AÑO / NUEVO","165009","Simulador Next Level Racing NLR-S034 Cockpit Go Kart Plus","-14%","NEGRO","14","NEXT LEVEL RACING","981",",00","USD","Cód.","","","Color","Comprar","","","Antes","USD",",00","Ahora","IVA inc.","En stock","En stock","","Cantidad","%","https://www.infinit.com.uy/imgs/productos/productos3_35670.jpg"
"1778255771-231","https://www.infinit.com.uy/catalogo/gamer/infinit/","900","Garantía: 3 AÑOS / NUEVO","MSL32BG702","Monitor Gamer SAMSUNG Odyssey 32 G70b 144Hz 1Ms 4k 2160p Panel Ips FreeSync 2x Hdmi Dp Compatible Vesa 100x100","-5%","NEGRO","5","SAMSUNG","949",",00","USD","Cód.","32""","","Medida","Comprar","","","Antes","USD",",00","Ahora","IVA inc.","En stock","En stock","Color","Cantidad","%","https://www.infinit.com.uy/imgs/productos/productos3_37774.jpg"
"1778255771-232","https://www.infinit.com.uy/catalogo/gamer/infinit/","923","Garantía: 6 MESES / NUEVO","CON198","Consola Ps5 SONY Playstation 5 Slim 1Tb Digital Con Joystick Astro's Playroom","","BLANCO","","SONY","825",",00","USD","Cód.","","","Color","Comprar","","","Antes","USD",",00","Ahora","IVA inc.","En stock","En stock","","Cantidad","","https://www.infinit.com.uy/imgs/productos/productos3_22854.jpg"
"1778255771-233","https://www.infinit.com.uy/catalogo/gamer/infinit/","961","Garantía: 3 AÑOS / NUEVO","27G850A","Monitor Gamer LG 27 27G850A Ultragear UHD 3840 x 2160 Panel Ips 240Hz 1ms Hdmi Dp AMD FreeSync","","NEGRO","","LG","0",",00","USD","Cód.","27""","Consultar","Medida","","","","Antes","USD",",00","Precio","IVA inc.","Agotado","Agotado","Color","","","https://www.infinit.com.uy/imgs/productos/productos3_40226.jpg"
"1778255771-234","https://www.infinit.com.uy/catalogo/gamer/infinit/","965","Garantía: 1 AÑO / NUEVO","SCTERMINATOR","Silla Gamer COUGAR Terminator CGR-TER Soporta Hasta 135Kg","-2%","NEGRO","2","COUGAR","988",",00","USD","Cód.","","","Color","Comprar","Destacado","","Antes","USD",",00","Ahora","IVA inc.","En stock","En stock","","Cantidad","%","https://www.infinit.com.uy/imgs/productos/productos3_35029.jpg"
"1778255771-235","https://www.infinit.com.uy/catalogo/gamer/infinit/","994","Garantía: 1 AÑO / NUEVO","BFXG6TF","Volante y Pedalera THERMALTAKE G6 GRB-G6D-DGT3BB-01","","NEGRO","","THERMALTAKE","0",",00","USD","Cód.","","","Color","Comprar","","","Antes","USD",",00","Precio","IVA inc.","En stock","En stock","","Cantidad","","https://www.infinit.com.uy/imgs/productos/productos3_40177.jpg"
"1778255771-236","https://www.infinit.com.uy/catalogo/gamer/infinit/","995","Garantía: 1 AÑO / NUEVO","ECMARSRGB2","Escritorio Gamer Electrico COUGAR E-MARS 150 Rgb Usb 3.0 y Tipo-C Organizacion De Cables Regulacion De Altura Programabl","","NEGRO","","COUGAR","998",",00","USD","Cód.","","","Color","Comprar","","","Antes","USD",",00","Ahora","IVA inc.","En stock","En stock","","Cantidad","","https://www.infinit.com.uy/imgs/productos/productos3_31439.jpg"
"1778255771-237","https://www.infinit.com.uy/catalogo/gamer/infinit/","1.045","Garantía: 6 MESES / NUEVO","CON198JOY88","Consola Ps5 Sony Playstation 5 Slim 1Tb Digital 2 Joystick DualSense Astro's Playroom","","BLANCO","","SONY","1.003",",00","USD","Cód.","","","Color","Comprar","","","Antes","USD",",00","Ahora","IVA inc.","En stock","En stock","","Cantidad","","https://www.infinit.com.uy/imgs/productos/productos3_33607.jpg"
"1778255771-238","https://www.infinit.com.uy/catalogo/gamer/infinit/","1.212","Garantía: 1 AÑO / NUEVO","165008","Simulador NETX LEVEL RACING NLR-S009 Cockpit Gt Track","-4%","","4","NEXT LEVEL RACING","1.266",",00","USD","Cód.","","","","Comprar","","","Antes","USD",",00","Ahora","IVA inc.","En stock","En stock","","Cantidad","%","https://www.infinit.com.uy/imgs/productos/productos3_35665.jpg"
"1778255771-239","https://www.infinit.com.uy/catalogo/gamer/infinit/","1.243","Garantía: 6 MESES / NUEVO","KITPS5CON198","Consola Ps5 Sony Playstation 5 Slim 1Tb Digital 2 Joystick DualSense Astro's Playroom + Base + Auriculares","","BLANCO","","SONY","1.200",",00","USD","Cód.","","","Color","Comprar","","Nuevo","Antes","USD",",00","Ahora","IVA inc.","En stock","En stock","","Cantidad","","https://www.infinit.com.uy/imgs/productos/productos3_41475.jpg"
"1778255771-240","https://www.infinit.com.uy/catalogo/gamer/infinit/","1.283","Garantía: 2 AÑOS / NUEVO","BFXSTES","Stream Deck ELGATO Studio 10GBO9901 32 Botones LCD Personalizables Streaming","","","","ELGATO","0",",00","USD","Cód.","","","","Comprar","","","Antes","USD",",00","Precio","IVA inc.","En stock","En stock","","Cantidad","","https://www.infinit.com.uy/imgs/productos/productos3_40884.jpg"
"1778255771-241","https://www.infinit.com.uy/catalogo/gamer/infinit/","1.481","Garantía: 3 AÑOS / NUEVO","MSL27DG602S","Monitor Gamer SAMSUNG Odyssey 27 G6 360Hz 0.03Ms QHd 1440p Panel Oled FreeSync 2x Hdmi Dp Compatible Vesa 100x100","-13%","PLATA","13","SAMSUNG","1.694",",00","USD","Cód.","27""","","Medida","Comprar","","","Antes","USD",",00","Ahora","IVA inc.","En stock","En stock","Color","Cantidad","%","https://www.infinit.com.uy/imgs/productos/productos3_37769.jpg"
"1778255771-242","https://www.infinit.com.uy/catalogo/gamer/infinit/","1.494","Garantía: 3 AÑOS / NUEVO","27GX704A","Monitor Gamer LG 27 27GX704A Ultragear QHD 2560 x 1440 Panel Oled 240Hz 0.03ms Hdmi Dp AMD FreeSync","-11%","NEGRO","11","LG","1.676",",00","USD","Cód.","27""","Consultar","Medida","","","","Antes","USD",",00","Ahora","IVA inc.","Agotado","Agotado","Color","","%","https://www.infinit.com.uy/imgs/productos/productos3_40231.jpg"
"1778255771-243","https://www.infinit.com.uy/catalogo/gamer/infinit/","1.876","Garantía: 3 AÑOS / NUEVO","34GX90SA","Monitor Gamer Curvo Smart LG 34 34GX90SA-W WQHD 3440 x 1440 Panel Oled 240Hz 0.03ms Hdmi Dp AMD FreeSync","-5%","GRIS","5","LG","1.965",",00","USD","Cód.","34""","Consultar","Medida","","","","Antes","USD",",00","Ahora","IVA inc.","Agotado","Agotado","Color","","%","https://www.infinit.com.uy/imgs/productos/productos3_40240.jpg"
"1778255771-244","https://www.infinit.com.uy/catalogo/gamer/infinit/","2.047","Garantía: 3 AÑOS / NUEVO","MSLS34BG850N","Monitor Gamer Curvo SAMSUNG Odyssey 34 G8 175Hz 0.03Ms UWQHD 1440p Panel Oled FreeSync Micro Hdmi Mini Dp Vesa 100x100","","GRIS","","SAMSUNG","2.047",",00","USD","Cód.","","","Color","Comprar","Destacado","","Antes","USD",",00","Precio","IVA inc.","En stock","En stock","","Cantidad","","https://www.infinit.com.uy/imgs/productos/productos3_35323.jpg"
"1778255771-245","https://www.infinit.com.uy/catalogo/gamer/infinit/","2.058","Garantía: 3 AÑOS / NUEVO","MSLS34BG850S","Monitor Gamer Curvo SAMSUNG Odyssey 34 G8 175Hz 0.1Ms UWQHD 1440p Panel Oled FreeSync Micro Hdmi Mini Dp Vesa 100x100","","GRIS","","SAMSUNG","0",",00","USD","Cód.","","","Color","Comprar","Destacado","","Antes","USD",",00","Precio","IVA inc.","En stock","En stock","","Cantidad","","https://www.infinit.com.uy/imgs/productos/productos3_35337.jpg"
"1778255771-246","https://www.infinit.com.uy/catalogo/gamer/infinit/","2.140","Garantía: 3 AÑOS / NUEVO","MSLS49DG956S","Monitor Gamer Curvo SAMSUNG Odyssey 49 G9 956 240Hz 0.03Ms DQHD 1440p Panel Oled GSync Hdmi Dp Compatible Vesa 100x100","","PLATA","","SAMSUNG","0",",00","USD","Cód.","","","Color","Comprar","","","Antes","USD",",00","Precio","IVA inc.","En stock","En stock","","Cantidad","","https://www.infinit.com.uy/imgs/productos/productos3_35338.jpg"
