web_scraper_order,web_scraper_start_url,sku,position,description,name,data,data2,data3,brand,data4,data5,data6,data7,data8,data9,data10,data11,data12,data13,data14,data15,data16,data17,data18,data19,data20,data21,data22,data23,image
"1778257364-1","https://www.infinit.com.uy/catalogo/hardware/infinit/","2554","","6 MESES DE GARANTIA / EXTRAIDOS DE EQUIPOS","DISCO DURO 250GB 2.5 SATA OEM MARCAS VARIAS 5400RPM","","","","","Cód.","","2.5""","Consultar","","","","","","Agotado","Agotado","Medida","","","","","","","","","https://www.infinit.com.uy/imgs/productos/productos3_12635.jpg"
"1778257364-2","https://www.infinit.com.uy/catalogo/hardware/infinit/","PRV-MOT211","","Socket AMD Ryzen AM4","Motherboard ASUS TUF Gaming B550M-Plus WiFi II AM4","","","","ASUS","Cód.","","","Consultar","","","","Nuevo","","En stock","En stock","","","","","","","","","","https://www.infinit.com.uy/imgs/productos/productos3_41422.png"
"1778257364-3","https://www.infinit.com.uy/catalogo/hardware/infinit/","GRA100","1","Garantía: FUNCIONAL / NUEVO","Pasta Termica Grasa Siliconada 1grs","","","","","Cód.",",00","","","Comprar","0","USD","","","En stock","En stock","","","Cantidad",",00","Antes","USD","Precio","IVA inc.","","https://www.infinit.com.uy/imgs/productos/productos3_25761.jpg"
"1778257364-4","https://www.infinit.com.uy/catalogo/hardware/infinit/","821","5","1 AÑOS DE GARANTÍA / EXTRAIDAS DE EQUIPOS","Memoria Ram Sodimm 1Gb Ddr3 1333Mhz Generica Para Notebook Varias Marcas","-38%","","38","GENERICO","Cód.",",00","","","Comprar","8","USD","","","En stock","En stock","","","Cantidad",",00","Antes","USD","Ahora","IVA inc.","%","https://www.infinit.com.uy/imgs/productos/productos3_8590.jpg"
"1778257364-5","https://www.infinit.com.uy/catalogo/hardware/infinit/","PRV-COO60","5","1 Año de Garantía","Cooler DEEPCOOL CK-11509 Para Intel","","","","DEEPCOOL","Cód.",",80","","","Comprar","0","USD","","","En stock","En stock","","","Cantidad",",00","Antes","USD","Precio","IVA inc.","","https://www.infinit.com.uy/imgs/productos/productos3_37686.jpg"
"1778257364-6","https://www.infinit.com.uy/catalogo/hardware/infinit/","822","8","","Memoria RAM SodimmI 4Gb Ddr3 1600Mhz para Notebooks Varias Marcas","-47%","","47","","Cód.",",00","","Consultar","","15","USD","","","Agotado","Agotado","","","",",00","Antes","USD","Ahora","IVA inc.","%","https://www.infinit.com.uy/imgs/productos/productos3_38290.jpg"
"1778257364-7","https://www.infinit.com.uy/catalogo/hardware/infinit/","SHOTRGBCOOLING","10","Garantía: FUNCIONAL / NUEVO","Fan Cooler Shot Gaming 120mm Led Rgb Para Gabinete","-17%","NEGRO","17","SHOT GAMING","Cód.",",00","","Consultar","","12","USD","","","Agotado","Agotado","Color","","",",00","Antes","USD","Ahora","IVA inc.","%","https://www.infinit.com.uy/imgs/productos/productos3_27292.jpg"
"1778257364-8","https://www.infinit.com.uy/catalogo/hardware/infinit/","586","481","Garantía: 1 AÑO / NUEVO","Ventilador Raidmax 140mm Led Azul Cobra Fan Cooler","-15%","AZUL","15","RAIDMAX","Cód.","","140MM","","Comprar","565","$U","","Destacado","En stock","En stock","Medida","Color","Cantidad",",60","Antes","$U","Ahora","IVA inc.","%","https://www.infinit.com.uy/imgs/productos/productos3_8491.jpg"
"1778257364-9","https://www.infinit.com.uy/catalogo/hardware/infinit/","COO07","15","Garantía: 1 AÑO / NUEVO","Fan Cooler Cpu DEEPCOOL ICE Edge Mini Fs v2.0 Intel y Amd","","AZUL","","DEEPCOOL","Cód.",",00","","","Comprar","15","USD","","","En stock","En stock","Color","","Cantidad",",00","Antes","USD","Precio","IVA inc.","","https://www.infinit.com.uy/imgs/productos/productos3_11159.jpg"
"1778257364-10","https://www.infinit.com.uy/catalogo/hardware/infinit/","4044951028924","16","Garantía: 1 AÑO / NUEVO","Fan Cooler Ventilador Sharkoon Shark Light Rgb 120mm 20 Leds","-11%","NEGRO","11","SHARKOON","Cód.",",00","120MM","","Comprar","18","USD","","Destacado","En stock","En stock","Medida","Color","Cantidad",",00","Antes","USD","Ahora","IVA inc.","%","https://www.infinit.com.uy/imgs/productos/productos3_11772.jpg"
"1778257364-11","https://www.infinit.com.uy/catalogo/hardware/infinit/","FCPS500","17","GARANTIA FUNCIONAL / NUEVO","Fuente de Poder COMSTAR 500w Atx Generica Sata Molex Para Pc","-61%","","61","GENERICO","Cód.",",00","","","Comprar","44","USD","","","En stock","En stock","","","Cantidad",",00","Antes","USD","Ahora","IVA inc.","%","https://www.infinit.com.uy/imgs/productos/productos3_8735.jpg"
"1778257364-12","https://www.infinit.com.uy/catalogo/hardware/infinit/","MEM368","17","Garantía: 1 AÑO / NUEVO","Memoria Ram Sodimm HIKSEMI 4Gb Ddr3 1600Mhz","-15%","NEGRO","15","HIKSEMI","Cód.",",00","","","Comprar","20","USD","","","En stock","En stock","Color","","Cantidad",",00","Antes","USD","Ahora","IVA inc.","%","https://www.infinit.com.uy/imgs/productos/productos3_38287.jpg"
"1778257364-13","https://www.infinit.com.uy/catalogo/hardware/infinit/","BFXTG50","21","Garantía: FUNCIONAL / NUEVO","Pasta Termica Grasa Siliconada THERMALTAKE Tg-50 4grs Cl-O024-grosgm-a","","GRIS","","THERMALTAKE","Cód.",",00","","","Comprar","0","USD","","","En stock","En stock","Color","","Cantidad",",00","Antes","USD","Precio","IVA inc.","","https://www.infinit.com.uy/imgs/productos/productos3_30105.jpg"
"1778257364-14","https://www.infinit.com.uy/catalogo/hardware/infinit/","12306","30","Garantía: 1 AÑO / NUEVO","Memoria RAM Sodimm 4Gb Ddr4 3200Mhz Para Notebook Laptop Netbook","-14%","","14","OEM","Cód.",",00","","","Comprar","35","USD","","","En stock","En stock","","","Cantidad",",00","Antes","USD","Ahora","IVA inc.","%","https://www.infinit.com.uy/imgs/productos/productos3_21175.jpg"
"1778257364-15","https://www.infinit.com.uy/catalogo/hardware/infinit/","PRV-FAN75","30","1 Año de Garantía","Fan Cooler DEEPCOOL FC120 Argb Para Gabinetes","","","","DEEPCOOL","Cód.",",04","","","Comprar","0","USD","","","En stock","En stock","","","Cantidad",",00","Antes","USD","Precio","IVA inc.","","https://www.infinit.com.uy/imgs/productos/productos3_37724.jpg"
"1778257364-16","https://www.infinit.com.uy/catalogo/hardware/infinit/","PRV-FAN104","31","Compacto, silencioso e intuitivo","Cooler Disipador Cpu BE QUIET! Pure Rock Slim 3","","","","BE QUIET!","Cód.",",70","","","Comprar","0","USD","Nuevo","","En stock","En stock","","","Cantidad",",00","Antes","USD","Precio","IVA inc.","","https://www.infinit.com.uy/imgs/productos/productos3_41219.jpg"
"1778257364-17","https://www.infinit.com.uy/catalogo/hardware/infinit/","11220","37","Garantía: 1 AÑO / NEW PULL","Solido M.2 128GB Sk Hynix 2280 Sata 6.0 Gb/s","","VERDE","","VARIAS MARCAS","Cód.",",00","","Consultar","","16","USD","","","Agotado","Agotado","Color","","",",00","Antes","USD","Ahora","IVA inc.","","https://www.infinit.com.uy/imgs/productos/productos3_17170.jpg"
"1778257364-18","https://www.infinit.com.uy/catalogo/hardware/infinit/","COO99","39","Garantía: 1 AÑO / NUEVO","Cooler Disipador Cpu DEEPCOOL Gammaxx Ag400WH Argb Socket Lga1700 y Am5","-3%","BLANCO","3","DEEPCOOL","Cód.","","120MM","","Comprar","40","USD","","","En stock","En stock","Medida","Color","Cantidad","","Antes","USD","Ahora","IVA inc.","%","https://www.infinit.com.uy/imgs/productos/productos3_27975.jpg"
"1778257364-19","https://www.infinit.com.uy/catalogo/hardware/infinit/","SHOTSUP8012","39","Garantía: 6 MESES / NUEVO","Gabinete Gamer SHOT GAMING 8012 Atx Con Frente y Lateral De Vidrio Templado","-9%","NEGRO","9","SHOT GAMING","Cód.",",00","","","Comprar","43","USD","","","En stock","En stock","Color","","Cantidad",",00","Antes","USD","Ahora","IVA inc.","%","https://www.infinit.com.uy/imgs/productos/productos3_27245.jpg"
"1778257364-20","https://www.infinit.com.uy/catalogo/hardware/infinit/","H110LGA1151","40","Garantía: 6 MESES / RECERTIFICADO","Motherboard Foxconn SuperMicro X9SCL-F Socket LGA 1155/1151","-52%","","52","FOXCONN","Cód.",",00","","","Comprar","83","USD","","","En stock","En stock","","","Cantidad",",00","Antes","USD","Ahora","IVA inc.","%","https://www.infinit.com.uy/imgs/productos/productos3_31281.jpg"
"1778257364-21","https://www.infinit.com.uy/catalogo/hardware/infinit/","SHOTSUP8192","42","Garantía: 5 DIAS / NUEVO","Gabinete Gamer Shot Gaming 8192 Rgb Atx Con Lateral De Vidrio Templado","","NEGRO","","SHOT GAMING","Cód.",",00","","","Comprar","0","USD","","","En stock","En stock","Color","","Cantidad",",00","Antes","USD","Precio","IVA inc.","","https://www.infinit.com.uy/imgs/productos/productos3_29436.jpg"
"1778257364-22","https://www.infinit.com.uy/catalogo/hardware/infinit/","PRV-FAN105","42","Super compacto. Alto rendimiento","Cooler Disipador Cpu BE QUIET! Pure Rock 3","","","","BE QUIET!","Cód.",",90","","","Comprar","0","USD","Nuevo","","En stock","En stock","","","Cantidad",",00","Antes","USD","Precio","IVA inc.","","https://www.infinit.com.uy/imgs/productos/productos3_41222.jpg"
"1778257364-23","https://www.infinit.com.uy/catalogo/hardware/infinit/","SHOT801080A","43","Garantía: 6 MESES / NUEVO","Gabinete Gamer Shot Gaming 8010-80A Rgb Atx Con Lateral De Vidrio Templado","","","","SHOT GAMING","Cód.",",00","","","Comprar","0","USD","","","En stock","En stock","","","Cantidad",",00","Antes","USD","Precio","IVA inc.","","https://www.infinit.com.uy/imgs/productos/productos3_39990.jpg"
"1778257364-24","https://www.infinit.com.uy/catalogo/hardware/infinit/","SHOTSUP8335","44","Garantía: 6 MESES / NUEVO","Gabinete Gamer Shot Gaming 8335 Rgb Atx Con Lateral De Vidrio Templado","","BLANCO","","SHOT GAMING","Cód.",",00","","","Comprar","44","USD","","","En stock","En stock","Color","","Cantidad",",00","Antes","USD","Precio","IVA inc.","","https://www.infinit.com.uy/imgs/productos/productos3_27268.jpg"
"1778257364-25","https://www.infinit.com.uy/catalogo/hardware/infinit/","BFXMX90","44","Garantía: 1 AÑO / NUEVO","Disipador CPU ALSEYE M90 RGB Ventiladores 92mm Para Intel y Amd","","NEGRO","","ALSEYE","Cód.",",00","","","Comprar","0","USD","","","En stock","En stock","Color","","Cantidad",",00","Antes","USD","Precio","IVA inc.","","https://www.infinit.com.uy/imgs/productos/productos3_40568.jpg"
"1778257364-26","https://www.infinit.com.uy/catalogo/hardware/infinit/","PRV-FUE134","45","Fuente / 1 Año de Garantía","Fuente De Poder DEEPCOOL 450W 80 Plus White PF450D-HA","","","","DEEPCOOL","Cód.",",10","","","Comprar","0","USD","","","En stock","En stock","","","Cantidad",",00","Antes","USD","Precio","IVA inc.","","https://www.infinit.com.uy/imgs/productos/productos3_37459.jpg"
"1778257364-27","https://www.infinit.com.uy/catalogo/hardware/infinit/","FP50080PB","48","Garantía: 3 AÑOS / NUEVO","Fuente de Poder PERSEO 500w 80 Plus Bronce Para Pc","-8%","","8","PERSEO","Cód.",",00","","Consultar","","52","USD","","","Agotado","Agotado","","","",",00","Antes","USD","Ahora","IVA inc.","%","https://www.infinit.com.uy/imgs/productos/productos3_10807.jpg"
"1778257364-28","https://www.infinit.com.uy/catalogo/hardware/infinit/","TAR198","48","Garantía: 1 AÑO / NUEVO","Tarjeta De Video BIOSTAR G210 1Gb Ddr3 Nvidia GeForce Vga Hdmi Dvi","-17%","","17","BIOSTAR","Cód.",",00","","","Comprar","58","USD","","","En stock","En stock","","","Cantidad",",00","Antes","USD","Ahora","IVA inc.","%","https://www.infinit.com.uy/imgs/productos/productos3_21709.jpg"
"1778257364-29","https://www.infinit.com.uy/catalogo/hardware/infinit/","PRV-FAN106","48","Super compacto. Alto rendimiento","Cooler Disipador Cpu BE QUIET! Pure Rock 3 LX","","","","BE QUIET!","Cód.",",00","","","Comprar","0","USD","Nuevo","","En stock","En stock","","","Cantidad",",00","Antes","USD","Precio","IVA inc.","","https://www.infinit.com.uy/imgs/productos/productos3_41225.jpg"
"1778257364-30","https://www.infinit.com.uy/catalogo/hardware/infinit/","GAB151","49","Garantía: FUNCIONAL / NUEVO","Gabinete Gamer X-LIZZARD XZZ-GC-01 Argb 3 Fanes 120mm Argb Frente y Lateral Vidrio Templado","-16%","NEGRO","16","X-LIZZARD","Cód.",",00","","","Comprar","58","USD","","","En stock","En stock","Color","","Cantidad",",00","Antes","USD","Ahora","IVA inc.","%","https://www.infinit.com.uy/imgs/productos/productos3_8418.jpg"
"1778257364-31","https://www.infinit.com.uy/catalogo/hardware/infinit/","SHOTFA3148","49","Garantía: 6 MESES / NUEVO","Gabinete Gamer Shot Gaming FA3148 Rgb Atx Con Frontal de Acrilico","","NEGRO","","SHOT GAMING","Cód.",",00","","","Comprar","0","USD","","","En stock","En stock","Color","","Cantidad",",00","Antes","USD","Precio","IVA inc.","","https://www.infinit.com.uy/imgs/productos/productos3_37355.jpg"
"1778257364-32","https://www.infinit.com.uy/catalogo/hardware/infinit/","GCOCCCSHEXI5","50","Garantía: FUNCIONAL / NUEVO","Combo Gabinete COMSTAR GCOCS-CCSHEXIH con fuente de poder 550W Mid Tower Teclado Mouse y Parlantes","-6%","NEGRO","6","COMSTAR","Cód.",",00","","","Comprar","53","USD","","","En stock","En stock","Color","","Cantidad",",00","Antes","USD","Ahora","IVA inc.","%","https://www.infinit.com.uy/imgs/productos/productos3_36121.jpg"
"1778257364-33","https://www.infinit.com.uy/catalogo/hardware/infinit/","BFXCSG","50","Garantía: FUNCIONAL / NUEVO","Gabinete SPARTAN 173G22 Combo Fuente 600W Teclado y Mouse Atx","","","","","Cód.",",00","","","Comprar","0","USD","","","En stock","En stock","","","Cantidad",",00","Antes","USD","Precio","IVA inc.","","https://www.infinit.com.uy/imgs/productos/productos3_40848.jpg"
"1778257364-34","https://www.infinit.com.uy/catalogo/hardware/infinit/","I01456","51","Garantía: 1 AÑO / NUEVO","Gabinete Gamer Gravity Rg08 Rgb Frontal Atx Lateral De Vidrio Templado + 1 Fan Rgb 120mm","-9%","BLANCO","9","GRAVITY","Cód.",",00","","","Comprar","56","USD","","Destacado","En stock","En stock","NEGRO","","Cantidad",",00","Antes","USD","Ahora","IVA inc.","%","https://www.infinit.com.uy/imgs/productos/productos3_29682.jpg"
"1778257364-35","https://www.infinit.com.uy/catalogo/hardware/infinit/","FP55080PB","51","Garantía: 3 AÑOS / NUEVO","Fuente De Poder PERSEO 550w 80 Plus Bronce","-2%","NEGRO","2","PERSEO","Cód.",",00","","","Comprar","52","USD","","","En stock","En stock","Color","","Cantidad",",00","Antes","USD","Ahora","IVA inc.","%","https://www.infinit.com.uy/imgs/productos/productos3_36323.jpg"
"1778257364-36","https://www.infinit.com.uy/catalogo/hardware/infinit/","PRV-COO124","51","LED RGB direccionable.","Cooler DEEPCOOL AG400 Digital Blanco Argb Para Intel y AMD","","","","DEEPCOOL","Cód.",",40","","","Comprar","0","USD","","","En stock","En stock","","","Cantidad",",00","Antes","USD","Precio","IVA inc.","","https://www.infinit.com.uy/imgs/productos/productos3_37717.jpg"
"1778257364-37","https://www.infinit.com.uy/catalogo/hardware/infinit/","FP60080PB","53","Garantía: 3 AÑOS / NUEVO","Fuente De Poder PERSEO 600w Cert 80 Plus Bronce","-5%","NEGRO","5","PERSEO","Cód.",",00","","","Comprar","56","USD","","","En stock","En stock","Color","","Cantidad",",00","Antes","USD","Ahora","IVA inc.","%","https://www.infinit.com.uy/imgs/productos/productos3_8513.jpg"
"1778257364-38","https://www.infinit.com.uy/catalogo/hardware/infinit/","BFXNEM08","55","Garantía: 3 AÑOS / NUEVO","Memoria RAM Sodimm NETAC 8Gb Ddr3 1600Mhz","","","","NETAC","Cód.",",00","","","Comprar","28","USD","","","En stock","En stock","","","Cantidad",",00","Antes","USD","Ahora","IVA inc.","","https://www.infinit.com.uy/imgs/productos/productos3_26620.jpg"
"1778257364-39","https://www.infinit.com.uy/catalogo/hardware/infinit/","BFXNEM04","55","Garantía: 3 AÑOS / NUEVO","Memoria RAM NETAC 8Gb Ddr3 1600Mhz Basic 1.5v","","VERDE","","NETAC","Cód.",",00","","","Comprar","43","USD","","","En stock","En stock","Color","","Cantidad",",00","Antes","USD","Ahora","IVA inc.","","https://www.infinit.com.uy/imgs/productos/productos3_27551.jpg"
"1778257364-40","https://www.infinit.com.uy/catalogo/hardware/infinit/","PRV-FAN107","55","Super compacto. Alto rendimiento","Cooler Disipador Cpu BE QUIET! Pure Rock Pro 3","","","","BE QUIET!","Cód.",",10","","","Comprar","0","USD","Nuevo","","En stock","En stock","","","Cantidad",",00","Antes","USD","Precio","IVA inc.","","https://www.infinit.com.uy/imgs/productos/productos3_41228.jpg"
"1778257364-41","https://www.infinit.com.uy/catalogo/hardware/infinit/","CCF50ARGB","58","Garantía: 1 AÑO / NUEVO","Disipador Cpu COUGAR Forza 50 Argb 120mm Para Intel y Amd","-5%","NEGRO","5","COUGAR","Cód.",",00","","","Comprar","61","USD","","","En stock","En stock","Color","","Cantidad",",00","Antes","USD","Ahora","IVA inc.","%","https://www.infinit.com.uy/imgs/productos/productos3_31521.jpg"
"1778257364-42","https://www.infinit.com.uy/catalogo/hardware/infinit/","FP65080PB","58","Garantía: 3 AÑOS / NUEVO","Fuente De Poder PERSEO 650w 80 Plus Bronce","-9%","","9","PERSEO","Cód.",",00","","","Comprar","64","USD","","","En stock","En stock","","","Cantidad",",00","Antes","USD","Ahora","IVA inc.","%","https://www.infinit.com.uy/imgs/productos/productos3_35359.jpg"
"1778257364-43","https://www.infinit.com.uy/catalogo/hardware/infinit/","BFXS82X","58","Garantía: 1 AÑO / NUEVO","Gabinete Gamer XYZ MAVERICK MESH + 6 Fanes 120mm ARGB Usb y Audio Frontal Negro","","NEGRO","","XYZ","Cód.",",00","","","Comprar","0","USD","","","En stock","En stock","Color","","Cantidad",",00","Antes","USD","Precio","IVA inc.","","https://www.infinit.com.uy/imgs/productos/productos3_40506.jpg"
"1778257364-44","https://www.infinit.com.uy/catalogo/hardware/infinit/","FCXTC55080PW","59","Garantía: 2 AÑOS / NUEVO","Fuente De Poder COUGAR XTC 550w ARGB 80 Plus White Atx","","NEGRO","","COUGAR","Cód.",",00","","","Comprar","58","USD","","","En stock","En stock","Color","","Cantidad",",00","Antes","USD","Ahora","IVA inc.","","https://www.infinit.com.uy/imgs/productos/productos3_29179.jpg"
"1778257364-45","https://www.infinit.com.uy/catalogo/hardware/infinit/","210011","59","Garantía: 1 AÑO / NUEVO","Fuente De Poder AEROCOOL CYLON RGB 500w 80P White","","","","AEROCOOL","Cód.",",00","","","Comprar","0","USD","","","En stock","En stock","","","Cantidad",",00","Antes","USD","Precio","IVA inc.","","https://www.infinit.com.uy/imgs/productos/productos3_36131.jpg"
"1778257364-46","https://www.infinit.com.uy/catalogo/hardware/infinit/","PSAZ650W","61","Garantía: 1 AÑO / NUEVO","Fuente De Poder AZZA PSAZ-650W 650w Certificado 80 Plus Bronce","-3%","","3","AZZA","Cód.",",00","","","Comprar","63","USD","","","En stock","En stock","","","Cantidad",",00","Antes","USD","Ahora","IVA inc.","%","https://www.infinit.com.uy/imgs/productos/productos3_35709.jpg"
"1778257364-47","https://www.infinit.com.uy/catalogo/hardware/infinit/","BFXSA961","61","Garantía: 1 AÑO / NUEVO","Gabinete Gamer XYZ 300-X MESH + 6 Fanes 120mm ARGB Usb y Audio Frontal Negro","-8%","NEGRO","8","XYZ","Cód.",",00","","","Comprar","66","USD","","","En stock","En stock","Color","","Cantidad",",00","Antes","USD","Ahora","IVA inc.","%","https://www.infinit.com.uy/imgs/productos/productos3_40511.jpg"
"1778257364-48","https://www.infinit.com.uy/catalogo/hardware/infinit/","GCPURITRGBBK","63","Garantía: 1 AÑO / NUEVO","Gabinete COUGAR Purity Rgb Mini Tower 1 Fan Argb Vidrio Templado Lateral","","NEGRO","","COUGAR","Cód.",",00","","","Comprar","63","USD","","","En stock","En stock","Color","","Cantidad",",00","Antes","USD","Precio","IVA inc.","","https://www.infinit.com.uy/imgs/productos/productos3_23742.jpg"
"1778257364-49","https://www.infinit.com.uy/catalogo/hardware/infinit/","COO97","63","Garantía: 1 AÑO / NUEVO","Water Cooler Liquida Cpu DEEPCOOL LE300 Rgb Inte S1700 Amd AM5","","NEGRO","","DEEPCOOL","Cód.",",00","","","Comprar","0","USD","","","En stock","En stock","Color","","Cantidad",",00","Antes","USD","Precio","IVA inc.","","https://www.infinit.com.uy/imgs/productos/productos3_33163.jpg"
"1778257364-50","https://www.infinit.com.uy/catalogo/hardware/infinit/","PRV-FAN76","66","1 Año de Garantía","Fan Cooler DEEPCOOL FC120 ARGB Blanco 3 en 1 Para Gabinetes","","","","DEEPCOOL","Cód.",",49","","","Comprar","0","USD","","","En stock","En stock","","","Cantidad",",00","Antes","USD","Precio","IVA inc.","","https://www.infinit.com.uy/imgs/productos/productos3_37726.jpg"
"1778257364-51","https://www.infinit.com.uy/catalogo/hardware/infinit/","PRV-FAN73","66","1 Año de Garantía","Fan Cooler DEEPCOOL FC120 ARGB Negro 3 en 1 para Gabinetes","","","","DEEPCOOL","Cód.",",50","","","Comprar","0","USD","","","En stock","En stock","","","Cantidad",",00","Antes","USD","Precio","IVA inc.","","https://www.infinit.com.uy/imgs/productos/productos3_37690.jpg"
"1778257364-52","https://www.infinit.com.uy/catalogo/hardware/infinit/","BFXSSF18","67","Garantía: 3 AÑOS / NUEVO","Fuente De Poder SEASONIC 500w 80 Plus White A12 Ssr-500ra","-1%","NEGRO","1","SEASONIC","Cód.",",00","","","Comprar","68","USD","","","En stock","En stock","Color","","Cantidad",",00","Antes","USD","Ahora","IVA inc.","%","https://www.infinit.com.uy/imgs/productos/productos3_12186.jpg"
"1778257364-53","https://www.infinit.com.uy/catalogo/hardware/infinit/","FCATLAS550","67","Garantía: 2 AÑOS / NUEVO","Fuente De Poder COUGAR Atlas 550 550w 80 Plus Bronce","-1%","NEGRO","1","COUGAR","Cód.",",00","","","Comprar","68","USD","","","En stock","En stock","Color","","Cantidad",",00","Antes","USD","Ahora","IVA inc.","%","https://www.infinit.com.uy/imgs/productos/productos3_35349.jpg"
"1778257364-54","https://www.infinit.com.uy/catalogo/hardware/infinit/","KITSHOTSUP8012","68","Garantía: 6 MESES / NUEVO","Gabinete Gamer Shot Gaming 8012 + 3 Fanes Rgb 120mm Atx Con Frente y Lateral De Vidrio Templado","-3%","NEGRO","3","SHOT GAMING","Cód.",",00","","","Comprar","70","USD","","","En stock","En stock","Color","","Cantidad",",00","Antes","USD","Ahora","IVA inc.","%","https://www.infinit.com.uy/imgs/productos/productos3_29294.jpg"
"1778257364-55","https://www.infinit.com.uy/catalogo/hardware/infinit/","BFXAIRO2G","68","Garantía: 1 AÑO / NUEVO","Gabinete Gamer XYZ AIRONE 200 GLASS + 5 Fanes 120mm ARGB Usb y Audio Frontal Negro y Blanco","","NEGRO/BLANCO","","XYZ","Cód.",",00","","","Comprar","0","USD","","","En stock","En stock","Color","","Cantidad",",00","Antes","USD","Precio","IVA inc.","","https://www.infinit.com.uy/imgs/productos/productos3_38984.jpg"
"1778257364-56","https://www.infinit.com.uy/catalogo/hardware/infinit/","KITSHOTSUP8013","71","Garantía: 6 MESES / NUEVO","Gabinete Gamer Shot Gaming 8013 Rgb Atx Con Lateral De Vidrio Templado + 3 Fanes Rgb 120mm","-9%","NEGRO","9","SHOT GAMING","Cód.",",00","","","Comprar","78","USD","","Destacado","En stock","En stock","Color","","Cantidad",",00","Antes","USD","Ahora","IVA inc.","%","https://www.infinit.com.uy/imgs/productos/productos3_27744.jpg"
"1778257364-57","https://www.infinit.com.uy/catalogo/hardware/infinit/","BFXSSF19","73","Garantía: 3 AÑOS / NUEVO","Fuente De Poder SEASONIC 600w 80 Plus White A12 Ssr-600ra","-1%","NEGRO","1","SEASONIC","Cód.",",00","","Consultar","","74","USD","","","Agotado","Agotado","Color","","",",00","Antes","USD","Ahora","IVA inc.","%","https://www.infinit.com.uy/imgs/productos/productos3_12179.jpg"
"1778257364-58","https://www.infinit.com.uy/catalogo/hardware/infinit/","BFXS84E","73","Garantía: 1 AÑO / NUEVO","Water Cooler Liquida CPU XYZ AQUAPULSE 240 Argb Socket Para Intel y AMD","","NEGRO","","XYZ","Cód.",",00","","","Comprar","0","USD","","","En stock","En stock","Color","","Cantidad",",00","Antes","USD","Precio","IVA inc.","","https://www.infinit.com.uy/imgs/productos/productos3_40550.jpg"
"1778257364-59","https://www.infinit.com.uy/catalogo/hardware/infinit/","BFXTTC105","74","Garantía: 1 AÑO / NUEVO","Disipador Cpu Thermaltake Toughair 510 Para Socket Amd Am4 Intel S1700","-4%","NEGRO","4","THERMALTAKE","Cód.",",00","120MM","","Comprar","77","USD","","","En stock","En stock","Medida","Color","Cantidad",",00","Antes","USD","Ahora","IVA inc.","%","https://www.infinit.com.uy/imgs/productos/productos3_21385.jpg"
"1778257364-60","https://www.infinit.com.uy/catalogo/hardware/infinit/","GCMX360RGB","75","Garantía: 1 AÑO / NUEVO","Gabinete Gamer COUGAR MX360 ARGB Mid Tower 1 Fan Argb Vidrio Templado Lateral","","NEGRO","","COUGAR","Cód.",",00","","","Comprar","0","USD","","","En stock","En stock","Color","","Cantidad",",00","Antes","USD","Precio","IVA inc.","","https://www.infinit.com.uy/imgs/productos/productos3_27583.jpg"
"1778257364-61","https://www.infinit.com.uy/catalogo/hardware/infinit/","PRV-COO142","75","1 Año de Garantía","Cooler DEEPCOOL AG620 Argb Blanco Para Intel y AMD","","","","DEEPCOOL","Cód.",",18","","","Comprar","0","USD","","","En stock","En stock","","","Cantidad",",00","Antes","USD","Precio","IVA inc.","","https://www.infinit.com.uy/imgs/productos/productos3_37722.jpg"
"1778257364-62","https://www.infinit.com.uy/catalogo/hardware/infinit/","PRV-FAN109","75","Super compacto. Alto rendimiento","Cooler Disipador Cpu BE QUIET! Pure Rock Pro 3 LX","","","","BE QUIET!","Cód.",",20","","","Comprar","0","USD","Nuevo","","En stock","En stock","","","Cantidad",",00","Antes","USD","Precio","IVA inc.","","https://www.infinit.com.uy/imgs/productos/productos3_41231.jpg"
"1778257364-63","https://www.infinit.com.uy/catalogo/hardware/infinit/","9117C96017","76","Garantía: 3 AÑOS / NUEVO","Motherboard MSI A520M-A Pro Series Socket Am4 Para Amd","-1%","","1","MSI","Cód.",",00","","","Comprar","77","USD","","","En stock","En stock","","","Cantidad",",00","Antes","USD","Ahora","IVA inc.","%","https://www.infinit.com.uy/imgs/productos/productos3_24098.jpg"
"1778257364-64","https://www.infinit.com.uy/catalogo/hardware/infinit/","FCATLAS600","76","Garantía: 1 AÑO / NUEVO","Fuente De Poder COUGAR Atlas 600w 80 Plus Bronce CGR BA-600","-1%","NEGRO","1","COUGAR","Cód.",",00","","","Comprar","77","USD","","","En stock","En stock","Color","","Cantidad",",00","Antes","USD","Ahora","IVA inc.","%","https://www.infinit.com.uy/imgs/productos/productos3_35785.jpg"
"1778257364-65","https://www.infinit.com.uy/catalogo/hardware/infinit/","BFXTESX5","77","Garantía: 1 AÑO / NUEVO","Gabinete Gamer XYZ TESSERACT X 50 + 6 Fanes 120mm ARGB Usb y Audio Frontal Negro","-1%","NEGRO","1","XYZ","Cód.",",00","","","Comprar","78","USD","","","En stock","En stock","Color","","Cantidad",",00","Antes","USD","Ahora","IVA inc.","%","https://www.infinit.com.uy/imgs/productos/productos3_38991.jpg"
"1778257364-66","https://www.infinit.com.uy/catalogo/hardware/infinit/","BFXCS8S","78","Garantía: 3 AÑOS / NUEVO","Memoria RAM CORSAIR Vengeance 8Gb Ddr4 3200Mhz CL22 Sodimm","-78%","NEGRO","78","CORSAIR","Cód.",",00","","","Comprar","353","USD","","","En stock","En stock","Color","","Cantidad",",00","Antes","USD","Ahora","IVA inc.","%","https://www.infinit.com.uy/imgs/productos/productos3_40040.jpg"
"1778257364-67","https://www.infinit.com.uy/catalogo/hardware/infinit/","4044951037544","80","Garantía: 1 AÑO / NUEVO","Gabinete Gamer Sharkoon Rgb Wave 4 Fanes 120mm 4 Puertos Vidrio Templado","-6%","NEGRO","6","SHARKOON","Cód.",",00","","","Comprar","85","USD","","Destacado","En stock","En stock","Color","","Cantidad",",00","Antes","USD","Ahora","IVA inc.","%","https://www.infinit.com.uy/imgs/productos/productos3_25989.jpg"
"1778257364-68","https://www.infinit.com.uy/catalogo/hardware/infinit/","21261","80","Garantía: 1 AÑO / NUEVO","Fuente De Poder AEROCOOL 800w 80 Plus Bronce KCAS-800W","","","","AEROCOOL","Cód.",",00","","","Comprar","0","USD","","","En stock","En stock","","","Cantidad",",00","Antes","USD","Precio","IVA inc.","","https://www.infinit.com.uy/imgs/productos/productos3_40398.jpg"
"1778257364-69","https://www.infinit.com.uy/catalogo/hardware/infinit/","BFXSSR5","82","Garantía: 1 AÑO / NUEVO","Gabinete Gamer XYZ TESSERACT X 50 + 6 Fanes 120mm ARGB Usb y Audio Frontal Blanco","-1%","BLANCO","1","XYZ","Cód.",",00","","","Comprar","83","USD","","","En stock","En stock","Color","","Cantidad",",00","Antes","USD","Ahora","IVA inc.","%","https://www.infinit.com.uy/imgs/productos/productos3_40499.jpg"
"1778257364-70","https://www.infinit.com.uy/catalogo/hardware/infinit/","BFXBE24","83","Garantía: 3 AÑOS / NUEVO","Ssd PATRIOT Burst Elite 240Gb 2.5 Sata3 6 Gbps","","NEGRO","","PATRIOT","Cód.",",00","2.5""","","Comprar","29","USD","","","En stock","En stock","Medida","Color","Cantidad",",00","Antes","USD","Ahora","IVA inc.","","https://www.infinit.com.uy/imgs/productos/productos3_15214.jpg"
"1778257364-71","https://www.infinit.com.uy/catalogo/hardware/infinit/","GB0214","83","Garantía: 3 AÑOS / NUEVO","Motherboard GIGABYTE A520M K V2 Hdmi Vga Socket Am4 Ddr4","-12%","","12","GIGABYTE","Cód.",",00","","","Comprar","94","USD","","","En stock","En stock","","","Cantidad",",00","Antes","USD","Ahora","IVA inc.","%","https://www.infinit.com.uy/productos/imgs/a520m-k-v2-27570-3.jpg"
"1778257364-72","https://www.infinit.com.uy/catalogo/hardware/infinit/","PRV-FAN114","83","Refrigeración suprema y silenciosa","Water Cooler Liquida BE QUIET! Pure Loop 3 240mm","","","","BE QUIET!","Cód.",",90","","","Comprar","0","USD","Nuevo","","En stock","En stock","","","Cantidad",",00","Antes","USD","Precio","IVA inc.","","https://www.infinit.com.uy/imgs/productos/productos3_41234.jpg"
"1778257364-73","https://www.infinit.com.uy/catalogo/hardware/infinit/","BFXSSP29","84","Garantía: 1 AÑO / NUEVO","Motherboard ASUS PRIME A520Mm-k Am4 Amd Ryzen Ddr4 Hdmi Vga Usb 3.2","-16%","NEGRO","16","ASUS","Cód.",",00","","","Comprar","100","USD","","","En stock","En stock","Color","","Cantidad",",00","Antes","USD","Ahora","IVA inc.","%","https://www.infinit.com.uy/imgs/productos/productos3_33526.jpg"
"1778257364-74","https://www.infinit.com.uy/catalogo/hardware/infinit/","16496","84","Garantía: 3 AÑOS / NUEVO","Memoria Ram Sodimm PATRIOT Signature 16Gb Ddr5 5600Mhz CL40","","","","PATRIOT","Cód.",",00","","Consultar","","0","USD","","","Agotado","Agotado","","","",",00","Antes","USD","Precio","IVA inc.","","https://www.infinit.com.uy/imgs/productos/productos3_38291.jpg"
"1778257364-75","https://www.infinit.com.uy/catalogo/hardware/infinit/","CP990AMD95","88","Garantía: 3 AÑOS DE GARANTIA / NUEVO","Procesador CPU AMD Ryzen 3 3200G Quad Core 3.6 Hasta 4.0Ghz Video Radeon Vega 7","","","","AMD","Cód.",",00","","Consultar","","86","USD","","","Agotado","Agotado","","","",",00","Antes","USD","Ahora","IVA inc.","","https://www.infinit.com.uy/imgs/productos/productos3_9264.jpg"
"1778257364-76","https://www.infinit.com.uy/catalogo/hardware/infinit/","NSX902M","88","Garantía: 1 AÑO / NUEVO","Gabinete Gamer NSX 902M + 4 Fanes Rgb 120mm + Fuente 650w 80P Bronce Lateral Vidrio Templado","-16%","","16","NSX","Cód.",",00","","","Comprar","105","USD","","","En stock","En stock","","","Cantidad",",00","Antes","USD","Ahora","IVA inc.","%","https://www.infinit.com.uy/imgs/productos/productos3_38322.jpg"
"1778257364-77","https://www.infinit.com.uy/catalogo/hardware/infinit/","PRV-COO117","89","1 Año de Garantía","Cooler Deepcool AG620 Digital Argb Blanco Para Intel y AMD","","","","DEEPCOOL","Cód.",",10","","","Comprar","0","USD","","","En stock","En stock","","","Cantidad",",00","Antes","USD","Precio","IVA inc.","","https://www.infinit.com.uy/imgs/productos/productos3_37708.jpg"
"1778257364-78","https://www.infinit.com.uy/catalogo/hardware/infinit/","GCA2MW","90","Garantía: 1 AÑO / NUEVO","Gabinete Cougar Archon 2 Mesh 3 Fanes Preinstalados Lateral De Vidrio Templado","","BLANCO","","COUGAR","Cód.",",00","","","Comprar","90","USD","","Destacado","En stock","En stock","Color","","Cantidad",",00","Antes","USD","Precio","IVA inc.","","https://www.infinit.com.uy/imgs/productos/productos3_24802.jpg"
"1778257364-79","https://www.infinit.com.uy/catalogo/hardware/infinit/","GCA2MB","90","Garantía: 1 AÑO / NUEVO","Gabinete COUGAR Archon 2 Mesh 3 Fanes Preinstalados Lateral De Vidrio Templado","","NEGRO","","COUGAR","Cód.",",00","","","Comprar","77","USD","","","En stock","En stock","Color","","Cantidad",",00","Antes","USD","Ahora","IVA inc.","","https://www.infinit.com.uy/imgs/productos/productos3_24807.jpg"
"1778257364-80","https://www.infinit.com.uy/catalogo/hardware/infinit/","WCCPE240W","90","Garantía: 1 AÑO / NUEVO","Water Cooler Liquida COUGAR 240 POSEIDON Elite Argb Socket Para Intel y AM5","-3%","BLANCO","3","COUGAR","Cód.",",00","","","Comprar","93","USD","","","En stock","En stock","Color","","Cantidad",",00","Antes","USD","Ahora","IVA inc.","%","https://www.infinit.com.uy/imgs/productos/productos3_30574.jpg"
"1778257364-81","https://www.infinit.com.uy/catalogo/hardware/infinit/","WCCPE240B","90","Garantía: 1 AÑO / NUEVO","Water Cooler Liquida COUGAR 240 Poseidon Elite Argb Socket Para Intel y AM5","-31%","","31","COUGAR","Cód.",",00","","","Comprar","130","USD","","","En stock","En stock","","","Cantidad",",00","Antes","USD","Ahora","IVA inc.","%","https://www.infinit.com.uy/imgs/productos/productos3_30577.jpg"
"1778257364-82","https://www.infinit.com.uy/catalogo/hardware/infinit/","420FW","91","Garantía: FUNCIONAL / NUEVO","Gabinete Gamer SHOT GAMING SUP-420W PRO RGB Con Lateral De Vidrio Templado Blanco","","BLANCO","","SHOT GAMING","Cód.",",00","","","Comprar","0","USD","","","En stock","En stock","Color","","Cantidad",",00","Antes","USD","Precio","IVA inc.","","https://www.infinit.com.uy/imgs/productos/productos3_40133.jpg"
"1778257364-83","https://www.infinit.com.uy/catalogo/hardware/infinit/","BFXS525","92","Garantía: 3 AÑOS / NUEVO","Solido Ssd NETAC 240Gb SA500 2.5 Sata3 6.0Gbps Para Notebooks y Pcs","","","","NETAC","Cód.",",00","2,5""","","Comprar","25","USD","","","En stock","En stock","Medida","","Cantidad",",00","Antes","USD","Ahora","IVA inc.","","https://www.infinit.com.uy/imgs/productos/productos3_25151.jpg"
"1778257364-84","https://www.infinit.com.uy/catalogo/hardware/infinit/","VCHUBRGBX3","93","Garantía: 1 AÑO / NUEVO","Kit 3 Fanes COUGAR VORTEX Rgb Spb 120 Pwm Hdb Cooling Kit Comptible Aura Fusion Msi y Polychrome Sync","-4%","NEGRO","4","COUGAR","Cód.",",00","120MM","","Comprar","97","USD","","","En stock","En stock","Medida","Color","Cantidad",",00","Antes","USD","Ahora","IVA inc.","%","https://www.infinit.com.uy/imgs/productos/productos3_31495.jpg"
"1778257364-85","https://www.infinit.com.uy/catalogo/hardware/infinit/","15187","93","Garantía: 1 AÑO / NUEVO","Motherboard ARKTEK AK-B450 EG Am4 Amd Ryzen Ddr4 Hdmi D-Sub DP Usb 3.0","","","","ARKTEK","Cód.",",00","","","Comprar","84","USD","","","En stock","En stock","","","Cantidad",",00","Antes","USD","Ahora","IVA inc.","","https://www.infinit.com.uy/imgs/productos/productos3_35509.jpg"
"1778257364-86","https://www.infinit.com.uy/catalogo/hardware/infinit/","PRV-COO114","93","1 Año de Garantía","Cooler DEEPCOOL AK500 Digital Blanco Para INtel y AMD","","","","DEEPCOOL","Cód.",",60","","","Comprar","0","USD","","","En stock","En stock","","","Cantidad",",00","Antes","USD","Precio","IVA inc.","","https://www.infinit.com.uy/imgs/productos/productos3_37705.jpg"
"1778257364-87","https://www.infinit.com.uy/catalogo/hardware/infinit/","MAH610MHVSM2","94","Garantía: 3 AÑOS / NUEVO","Motherboard ASROCK H610M-HVS M.2 Lga S1700 Ddr4 Para Intel 12va 13va Generacion","-4%","NEGRO","4","ASROCK","Cód.",",00","","","Comprar","98","USD","","","En stock","En stock","Color","","Cantidad",",00","Antes","USD","Ahora","IVA inc.","%","https://www.infinit.com.uy/imgs/productos/productos3_29206.jpg"
"1778257364-88","https://www.infinit.com.uy/catalogo/hardware/infinit/","BFXSEF15","95","Garantía: 3 AÑOS / NUEVO","Fuente De Poder SEASONIC S12III 650w 80P Bronce SSR-650GB3","","","","SEASONIC","Cód.",",00","","","Comprar","95","USD","","","En stock","En stock","","","Cantidad",",00","Antes","USD","Precio","IVA inc.","","https://www.infinit.com.uy/imgs/productos/productos3_36009.jpg"
"1778257364-89","https://www.infinit.com.uy/catalogo/hardware/infinit/","BFX36QB","96","Garantía: 1 AÑO / NUEVO","Water Cooler Liquida CPU XYZ AQUAPULSE 360 Argb Socket Para Intel y AMD","","NEGRO","","XYZ","Cód.",",00","","","Comprar","0","USD","","","En stock","En stock","Color","","Cantidad",",00","Antes","USD","Precio","IVA inc.","","https://www.infinit.com.uy/imgs/productos/productos3_40542.jpg"
"1778257364-90","https://www.infinit.com.uy/catalogo/hardware/infinit/","9117D46063","97","Garantía: 1 AÑO / NUEVO","Motherboard MSI H610M-S PRO Lga Socket S1700 Para Intel 12va 13va y 14va Generación","-13%","NEGRO","13","MSI","Cód.",",00","","","Comprar","111","USD","","","En stock","En stock","Color","","Cantidad",",00","Antes","USD","Ahora","IVA inc.","%","https://www.infinit.com.uy/imgs/productos/productos3_29639.jpg"
"1778257364-91","https://www.infinit.com.uy/catalogo/hardware/infinit/","PRV-COO108","98","1 Año de Garantía","Cooler DEEPCOOL AK620 Digital RGB Para Intel y AMD","","","","DEEPCOOL","Cód.",",20","","","Comprar","0","USD","","","En stock","En stock","","","Cantidad",",00","Antes","USD","Precio","IVA inc.","","https://www.infinit.com.uy/imgs/productos/productos3_41031.jpg"
"1778257364-92","https://www.infinit.com.uy/catalogo/hardware/infinit/","PRV-FAN117","98","Iluminación dinámica. Refrigeración suprema","Water Cooler Liquida BE QUIET! Pure Loop 3 LX 240mm","","","","BE QUIET!","Cód.",",40","","","Comprar","0","USD","Nuevo","","En stock","En stock","","","Cantidad",",00","Antes","USD","Precio","IVA inc.","","https://www.infinit.com.uy/imgs/productos/productos3_41256.jpg"
"1778257364-93","https://www.infinit.com.uy/catalogo/hardware/infinit/","12080027","100","Garantía: 1 AÑO / NUEVO","Water Cooler Liquida Cpu AeroCool Mirage L240 Argb Socket Para Intel y AM5","-5%","","5","AEROCOOL","Cód.",",00","","","Comprar","105","USD","","","En stock","En stock","","","Cantidad",",00","Antes","USD","Ahora","IVA inc.","%","https://www.infinit.com.uy/imgs/productos/productos3_31681.jpg"
"1778257364-94","https://www.infinit.com.uy/catalogo/hardware/infinit/","DCF85ARGB","103","Garantía: 1 AÑO / NUEVO","Disipador Cpu Cougar Forza 85 Argb 120mm Para Intel y Amd","","NEGRO","","COUGAR","Cód.",",00","","","Comprar","93","USD","","Destacado","En stock","En stock","Color","","Cantidad",",00","Antes","USD","Ahora","IVA inc.","","https://www.infinit.com.uy/imgs/productos/productos3_31528.jpg"
"1778257364-95","https://www.infinit.com.uy/catalogo/hardware/infinit/","DISEXT0192T","103","Garantía: 1 AÑO / RECERTIFICADO","Disco Duro 2Tb WESTERN DIGITAL P10 Game Externo Usb 3.2 Tamaño 2.5 Portable","","","","WD","Cód.",",00","2.5""","","Comprar","0","USD","","","En stock","En stock","Medida","","Cantidad",",00","Antes","USD","Precio","IVA inc.","","https://www.infinit.com.uy/imgs/productos/productos3_40276.jpg"
"1778257364-96","https://www.infinit.com.uy/catalogo/hardware/infinit/","CP854ITL20","104","Garantía: 3 AÑOS / NUEVO","Procesador Cpu Intel Pentium Gold G5420 Dual Core 3.8Ghz S1151","","","","INTEL","Cód.",",00","","","Comprar","0","USD","","","En stock","En stock","","","Cantidad",",00","Antes","USD","Precio","IVA inc.","","https://www.infinit.com.uy/imgs/productos/productos3_30558.jpg"
"1778257364-97","https://www.infinit.com.uy/catalogo/hardware/infinit/","BFXSAK5GR","105","Garantía: 1 AÑO / NUEVO","Gabinete Gamer SHARKOON AK5G RGB + 4 Fanes 120mm ARGB Hub 4 Port","","NEGRO","","SHARKOON","Cód.",",00","","","Comprar","0","USD","","","En stock","En stock","Color","","Cantidad",",00","Antes","USD","Precio","IVA inc.","","https://www.infinit.com.uy/imgs/productos/productos3_39383.jpg"
"1778257364-98","https://www.infinit.com.uy/catalogo/hardware/infinit/","BFXNEM102","106","Garantía: 3 AÑOS / NUEVO","Memoria RAM NETAC 8Gb Ddr4 3200Mhz Sodimm","","NEGRO","","NETAC","Cód.",",00","","","Comprar","21","USD","","","En stock","En stock","Color","","Cantidad",",00","Antes","USD","Ahora","IVA inc.","","https://www.infinit.com.uy/imgs/productos/productos3_26818.jpg"
"1778257364-99","https://www.infinit.com.uy/catalogo/hardware/infinit/","4044951037551","106","Garantía: 1 AÑO / NUEVO","Gabinete Gamer SHARKOON HEX Rgb + 6 Fanes Rgb 120mm Lateral Vidrio Templado","-3%","NEGRO","3","SHARKOON","Cód.",",00","","","Comprar","109","USD","","","En stock","En stock","Color","","Cantidad",",00","Antes","USD","Ahora","IVA inc.","%","https://www.infinit.com.uy/imgs/productos/productos3_31050.jpg"
"1778257364-100","https://www.infinit.com.uy/catalogo/hardware/infinit/","12080028","106","Garantía: 1 AÑO / NUEVO","Water Cooler Liquida Cpu AeroCool Mirage L240 Argb Socket Para Intel y AM5","","BLANCO","","AEROCOOL","Cód.",",00","","","Comprar","0","USD","","","En stock","En stock","Color","","Cantidad",",00","Antes","USD","Precio","IVA inc.","","https://www.infinit.com.uy/imgs/productos/productos3_31677.jpg"
"1778257364-101","https://www.infinit.com.uy/catalogo/hardware/infinit/","MBHI610MHD5","106","Garantía: 1 AÑO / NUEVO","Motherboard BIOSTAR H610mh D5 S1700 Intel Ddr5 Hdmi D-Sub Usb 3.2","-9%","","9","BIOSTAR","Cód.",",00","","","Comprar","116","USD","","","En stock","En stock","","","Cantidad",",00","Antes","USD","Ahora","IVA inc.","%","https://www.infinit.com.uy/imgs/productos/productos3_35378.jpg"
"1778257364-102","https://www.infinit.com.uy/catalogo/hardware/infinit/","DCPUCF135","107","Garantía: 1 AÑO / NUEVO","Disipador Cpu COUGAR FORZA 135 Ventiladores 140mm Para Intel y Amd","","NEGRO","","COUGAR","Cód.",",00","","","Comprar","103","USD","","","En stock","En stock","Color","","Cantidad",",00","Antes","USD","Ahora","IVA inc.","","https://www.infinit.com.uy/imgs/productos/productos3_31535.jpg"
"1778257364-103","https://www.infinit.com.uy/catalogo/hardware/infinit/","MOT165","109","Garantía: 1 AÑO / NUEVO","Motherboard ASUS Prime H610m-f D4 S1700 Intel Ddr4 D-Sub Usb 3.2","-12%","","12","ASUS","Cód.",",00","","","Comprar","124","USD","","","En stock","En stock","","","Cantidad",",00","Antes","USD","Ahora","IVA inc.","%","https://www.infinit.com.uy/imgs/productos/productos3_39491.jpg"
"1778257364-104","https://www.infinit.com.uy/catalogo/hardware/infinit/","H610PRODDR5","111","Garantía: 1 AÑO / NUEVO","Motherboard MSI H610M-G Pro Ddr5 Lga Socket S1700 Para Intel 12va 13va y 14va","","NEGRO","","MSI","Cód.",",00","","","Comprar","0","USD","","","En stock","En stock","Color","","Cantidad",",00","Antes","USD","Precio","IVA inc.","","https://www.infinit.com.uy/imgs/productos/productos3_40730.jpg"
"1778257364-105","https://www.infinit.com.uy/catalogo/hardware/infinit/","SADPD48G3200","113","Garantía: 1 AÑO / NUEVO","Memoria Ram Sodimm Adata 8Gb Ddr4 3200Mhz","","","","ADATA","Cód.",",00","","","Comprar","0","USD","","","En stock","En stock","","","Cantidad",",00","Antes","USD","Precio","IVA inc.","","https://www.infinit.com.uy/imgs/productos/productos3_30752.jpg"
"1778257364-106","https://www.infinit.com.uy/catalogo/hardware/infinit/","MAA620M","113","Garantía: 3 AÑOS / NUEVO","Motherboard ASROCK A620M-Hdv/M.2 AM5 Amd Ryzen Ddr5 Hdmi Dp Usb 3.2","-4%","NEGRO","4","ASROCK","Cód.",",00","","","Comprar","118","USD","","","En stock","En stock","Color","","Cantidad",",00","Antes","USD","Ahora","IVA inc.","%","https://www.infinit.com.uy/imgs/productos/productos3_34082.jpg"
"1778257364-107","https://www.infinit.com.uy/catalogo/hardware/infinit/","PRV-COO137","113","Enfriamiento liquido. / 1 Año de Garantía","Water Cooler Liquida DEEPCOOL LS520S Zero Dark 240mm Para Intel y Amd","","","","DEEPCOOL","Cód.",",30","","","Comprar","0","USD","","","En stock","En stock","","","Cantidad",",00","Antes","USD","Precio","IVA inc.","","https://www.infinit.com.uy/imgs/productos/productos3_37392.jpg"
"1778257364-108","https://www.infinit.com.uy/catalogo/hardware/infinit/","4044951028160","114","Garantía: 1 AÑO / NUEVO","Gabinete Gamer Sharkoon Rgb Lit 200 2 Fanes 120mm Argb Hub 4 Port","-4%","NEGRO","4","SHARKOON","Cód.",",00","","","Comprar","119","USD","","","En stock","En stock","Color","","Cantidad",",00","Antes","USD","Ahora","IVA inc.","%","https://www.infinit.com.uy/imgs/productos/productos3_11762.jpg"
"1778257364-109","https://www.infinit.com.uy/catalogo/hardware/infinit/","GB0211","114","Garantía: 3 AÑOS / NUEVO","Motherboard GIGABYTE B550M-K Micro Atx Socket Am4 Para Amd","-25%","","25","GIGABYTE","Cód.",",00","","","Comprar","153","USD","","","En stock","En stock","","","Cantidad",",00","Antes","USD","Ahora","IVA inc.","%","https://www.infinit.com.uy/imgs/productos/productos3_28917.jpg"
"1778257364-110","https://www.infinit.com.uy/catalogo/hardware/infinit/","4044951038244","114","Garantía: 1 AÑO / NUEVO","Gabinete Gamer SHARKOON REBEL C50 Rgb + 4 Fanes Rgb 120mm Lateral Vidrio Templado","-10%","NEGRO","10","SHARKOON","Cód.",",00","","","Comprar","127","USD","","","En stock","En stock","Color","","Cantidad",",00","Antes","USD","Ahora","IVA inc.","%","https://www.infinit.com.uy/imgs/productos/productos3_31056.jpg"
"1778257364-111","https://www.infinit.com.uy/catalogo/hardware/infinit/","4044951038251","114","Garantía: 1 AÑO / NUEVO","Gabinete Gamer SHARKOON REBEL C50 Rgb + 4 Fanes Rgb 120mm Lateral Vidrio Templado","-10%","BLANCO","10","SHARKOON","Cód.",",00","","","Comprar","127","USD","","","En stock","En stock","Color","","Cantidad",",00","Antes","USD","Ahora","IVA inc.","%","https://www.infinit.com.uy/imgs/productos/productos3_31651.jpg"
"1778257364-112","https://www.infinit.com.uy/catalogo/hardware/infinit/","FP85080PB","114","Garantía: 3 AÑOS / NUEVO","Fuente De Poder PERSEO 850w Atx850w-p 80 Plus Gold Full Modular","-1%","NEGRO","1","PERSEO","Cód.",",00","","","Comprar","115","USD","","","En stock","En stock","Color","","Cantidad",",00","Antes","USD","Ahora","IVA inc.","%","https://www.infinit.com.uy/imgs/productos/productos3_34612.jpg"
"1778257364-113","https://www.infinit.com.uy/catalogo/hardware/infinit/","BFXA62MH","114","Garantía: 3 AÑOS / NUEVO","Motherboard GIGABYTE GA-A620M-H 1.0 Am5 Amd Ryzen ARGB HDMI Usb 3.0","-7%","","7","GIGABYTE","Cód.",",00","","","Comprar","122","USD","","","En stock","En stock","","","Cantidad",",00","Antes","USD","Ahora","IVA inc.","%","https://www.infinit.com.uy/imgs/productos/productos3_38811.jpg"
"1778257364-114","https://www.infinit.com.uy/catalogo/hardware/infinit/","PRV-FAN110","117","Máximo rendimiento e iluminación","Water Cooler Liquida BE QUIET! Light Loop 240mm","","","","BE QUIET!","Cód.",",40","","","Comprar","0","USD","Nuevo","","En stock","En stock","","","Cantidad",",00","Antes","USD","Precio","IVA inc.","","https://www.infinit.com.uy/imgs/productos/productos3_41237.jpg"
"1778257364-115","https://www.infinit.com.uy/catalogo/hardware/infinit/","WCCPGT240","119","Garantía: 1 AÑO / NUEVO","Water Cooler Liquida Cougar Poseidon Gt240 Argb Socket Lga1700 y Am5","-99%","","99","COUGAR","Cód.",",00","","","Comprar","11.985","USD","","","En stock","En stock","","","Cantidad",",00","Antes","USD","Ahora","IVA inc.","%","https://www.infinit.com.uy/imgs/productos/productos3_25300.jpg"
"1778257364-116","https://www.infinit.com.uy/catalogo/hardware/infinit/","PRV-FAN118","122","Iluminación dinámica. Refrigeración suprema","Water Cooler Liquida BE QUIET! Pure Loop 3 LX 360mm","","","","BE QUIET!","Cód.",",00","","","Comprar","0","USD","Nuevo","","En stock","En stock","","","Cantidad",",00","Antes","USD","Precio","IVA inc.","","https://www.infinit.com.uy/imgs/productos/productos3_41270.jpg"
"1778257364-117","https://www.infinit.com.uy/catalogo/hardware/infinit/","GCUNIRGBBK","123","Garantía: 1 AÑO / NUEVO","Gabinete COUGAR UNIFACE RGB 4 Fanes 120mm Argb Lateral Vidrio Templado Usb-C Frontal","-5%","NEGRO","5","COUGAR","Cód.",",00","","","Comprar","129","USD","","","En stock","En stock","Color","","Cantidad",",00","Antes","USD","Ahora","IVA inc.","%","https://www.infinit.com.uy/imgs/productos/productos3_31399.jpg"
"1778257364-118","https://www.infinit.com.uy/catalogo/hardware/infinit/","GCUNIRGBWH","123","Garantía: 1 AÑO / NUEVO","Gabinete COUGAR UNIFACE Rgb 4 Fanes 120mm Argb Lateral Vidrio Templado Usb-C Frontal","-5%","BLANCO","5","COUGAR","Cód.",",00","","","Comprar","129","USD","","","En stock","En stock","Color","","Cantidad",",00","Antes","USD","Ahora","IVA inc.","%","https://www.infinit.com.uy/imgs/productos/productos3_31405.jpg"
"1778257364-119","https://www.infinit.com.uy/catalogo/hardware/infinit/","PRV-FAN119","123","Tecnología y refrigeracíon superiores","Water Cooler Liquida BE QUIET! Silent Loop 3 240mm","","","","BE QUIET!","Cód.",",50","","","Comprar","0","USD","Nuevo","","En stock","En stock","","","Cantidad",",00","Antes","USD","Precio","IVA inc.","","https://www.infinit.com.uy/imgs/productos/productos3_41284.jpg"
"1778257364-120","https://www.infinit.com.uy/catalogo/hardware/infinit/","CS000GBT09","124","Garantía: 1 AÑO / NUEVO","Gabinete Gamer GIGABYTE C200 Vidrio Templado Lateral 1 Fan 120mm Mid Tower","-18%","NEGRO","18","GIGABYTE","Cód.",",00","","","Comprar","151","USD","","","En stock","En stock","Color","","Cantidad",",00","Antes","USD","Ahora","IVA inc.","%","https://www.infinit.com.uy/imgs/productos/productos3_18487.jpg"
"1778257364-121","https://www.infinit.com.uy/catalogo/hardware/infinit/","WCCPE360W","125","Garantía: 1 AÑO / NUEVO","Water Cooler Liquida CPU COUGAR Poseidon Elite 360 Argb Socket Para Intel y AM5","","BLANCO","","COUGAR","Cód.",",00","","","Comprar","125","USD","","","En stock","En stock","Color","","Cantidad",",00","Antes","USD","Precio","IVA inc.","","https://www.infinit.com.uy/imgs/productos/productos3_30571.jpg"
"1778257364-122","https://www.infinit.com.uy/catalogo/hardware/infinit/","DISEXT0195T","125","Garantía: 1 AÑO / RECERTIFICADO","Disco Duro 5Tb WESTERN DIGITAL P10 Game Externo Usb 3.2 Tamaño 2.5 Portable","","","","WESTERN DIGITAL","Cód.",",00","2.5""","","Comprar","0","USD","","","En stock","En stock","Medida","","Cantidad",",00","Antes","USD","Precio","IVA inc.","","https://www.infinit.com.uy/imgs/productos/productos3_40268.jpg"
"1778257364-123","https://www.infinit.com.uy/catalogo/hardware/infinit/","PRV-FAN115","125","Refrigeración suprema y silenciosa","Water Cooler Liquida BE QUIET! Pure Loop 3 280mm","","","","BE QUIET!","Cód.",",05","","","Comprar","0","USD","Nuevo","","En stock","En stock","","","Cantidad",",00","Antes","USD","Precio","IVA inc.","","https://www.infinit.com.uy/imgs/productos/productos3_41248.jpg"
"1778257364-124","https://www.infinit.com.uy/catalogo/hardware/infinit/","PRV-FAN111","125","Máximo rendimiento e iluminación","Water Cooler Liquida BE QUIET! Light Loop 240mm Blanco","","","","BE QUIET!","Cód.",",10","","","Comprar","0","USD","Nuevo","","En stock","En stock","","","Cantidad",",00","Antes","USD","Precio","IVA inc.","","https://www.infinit.com.uy/imgs/productos/productos3_41242.jpg"
"1778257364-125","https://www.infinit.com.uy/catalogo/hardware/infinit/","WCCPE360","126","Garantía: 1 AÑO / NUEVO","Water Cooler Liquida Cpu COUGAR Poseidon Elite 360 Argb Socket Para Intel y AM5","-5%","NEGRO","5","COUGAR","Cód.",",00","","","Comprar","132","USD","","","En stock","En stock","Color","","Cantidad",",00","Antes","USD","Ahora","IVA inc.","%","https://www.infinit.com.uy/imgs/productos/productos3_31540.jpg"
"1778257364-126","https://www.infinit.com.uy/catalogo/hardware/infinit/","PRV-COO111","126","Compatible con Intel y AMD.","Cooler DEEPCOOL Assassin IV Para Intel y AMD","","","","DEEPCOOL","Cód.",",90","","","Comprar","0","USD","","","En stock","En stock","","","Cantidad",",00","Antes","USD","Precio","IVA inc.","","https://www.infinit.com.uy/imgs/productos/productos3_37702.jpg"
"1778257364-127","https://www.infinit.com.uy/catalogo/hardware/infinit/","BFXNED02","128","Garantía: 3 AÑOS / NUEVO","Solido Ssd NETAC 480Gb SA500 2.5 Sata3 6.0Gbps Para Notebooks y Pcs","","","","NETAC","Cód.",",00","2,5""","","Comprar","41","USD","","","En stock","En stock","Medida","","Cantidad",",00","Antes","USD","Ahora","IVA inc.","","https://www.infinit.com.uy/imgs/productos/productos3_25150.jpg"
"1778257364-128","https://www.infinit.com.uy/catalogo/hardware/infinit/","UAD35D48G32W","129","Garantía: 1 AÑO / NUEVO","Memoria RAM ADATA Gammix D35 8Gb Ddr4 3200Mhz Xpg Cl16 Blanco","-1%","BLANCO","1","ADATA","Cód.",",00","","","Comprar","130","USD","","","En stock","En stock","Color","","Cantidad",",00","Antes","USD","Ahora","IVA inc.","%","https://www.infinit.com.uy/imgs/productos/productos3_29951.jpg"
"1778257364-129","https://www.infinit.com.uy/catalogo/hardware/infinit/","MB990GBT21","131","Garantía: 3 AÑOS / NUEVO","Motherboard GIGABYTE B840M-H Am5 Amd Ryzen Ddr5","","","","GIGABYTE","Cód.",",00","","","Comprar","0","USD","Nuevo","","En stock","En stock","","","Cantidad",",00","Antes","USD","Precio","IVA inc.","","https://www.infinit.com.uy/imgs/productos/productos3_41343.jpg"
"1778257364-130","https://www.infinit.com.uy/catalogo/hardware/infinit/","PRV-FAN116","133","Refrigeración suprema y silenciosa","Water Cooler Liquida BE QUIET! Pure Loop 3 360mm","","","","BE QUIET!","Cód.",",40","","","Comprar","0","USD","Nuevo","","En stock","En stock","","","Cantidad",",00","Antes","USD","Precio","IVA inc.","","https://www.infinit.com.uy/imgs/productos/productos3_41252.jpg"
"1778257364-131","https://www.infinit.com.uy/catalogo/hardware/infinit/","BFXCF40D","136","Garantía: 1 AÑO / NUEVO","Gabinete Gamer CORSAIR FRAME 4000D ARGB 3 Fanes 120mm USB-C Vidrio Templado CC-9011297-WW","-1%","BLANCO","1","CORSAIR","Cód.",",00","","","Comprar","137","USD","","","En stock","En stock","Color","","Cantidad",",00","Antes","USD","Ahora","IVA inc.","%","https://www.infinit.com.uy/imgs/productos/productos3_37082.jpg"
"1778257364-132","https://www.infinit.com.uy/catalogo/hardware/infinit/","CAR54500","137","Garantía: 3 AÑOS / NUEVO","Procesador Cpu AMD Ryzen 5 4500 Six Core 3.6 Hasta 4.1Ghz Socket Am4","","","","AMD","Cód.",",00","","","Comprar","131","USD","","","En stock","En stock","","","Cantidad",",00","Antes","USD","Ahora","IVA inc.","","https://www.infinit.com.uy/imgs/productos/productos3_22553.jpg"
"1778257364-133","https://www.infinit.com.uy/catalogo/hardware/infinit/","BFXCFR4RS","137","Garantía: 1 AÑO / NUEVO","Gabinete Gamer CORSAIR FRAME 4000D ARGB 3 Fanes 120mm USB-C Vidrio Templado CC-9011296-WW","","NEGRO","","CORSAIR","Cód.",",00","","","Comprar","137","USD","","","En stock","En stock","Color","","Cantidad",",00","Antes","USD","Precio","IVA inc.","","https://www.infinit.com.uy/imgs/productos/productos3_37119.jpg"
"1778257364-134","https://www.infinit.com.uy/catalogo/hardware/infinit/","BFXTT017","137","Garantía: 1 AÑO / NUEVO","Gabinete THERMALTAKE Level 20 GT ARGB USB-C + 3 Fanes 200mm ARGB Laterales De Vidrio CA-1K9-00F1WN-02","-11%","NEGRO","11","THERMALTAKE","Cód.",",00","","","Comprar","154","USD","","","En stock","En stock","Color","","Cantidad",",00","Antes","USD","Ahora","IVA inc.","%","https://www.infinit.com.uy/imgs/productos/productos3_37421.jpg"
"1778257364-135","https://www.infinit.com.uy/catalogo/hardware/infinit/","P300P512GM28","143","Garantía: 3 AÑOS / NUEVO","Solido Ssd Nvme M.2 PATRIOT P300 512Gb 2280 PCIe Gen 3.0 Para Notebooks y Pc","-1%","","1","PATRIOT","Cód.",",00","","","Comprar","145","USD","","","En stock","En stock","","","Cantidad",",00","Antes","USD","Ahora","IVA inc.","%","https://www.infinit.com.uy/imgs/productos/productos3_24489.jpg"
"1778257364-136","https://www.infinit.com.uy/catalogo/hardware/infinit/","GCDUOPRORGBW","146","Garantía: 1 AÑO / NUEVO","Gabinete COUGAR DUOFACE PRO Rgb 4 Fanes 120mm Argb Lateral Vidrio Templado Incluye los 2 Frentes","-1%","BLANCO","1","COUGAR","Cód.",",00","","","Comprar","147","USD","","","En stock","En stock","Color","","Cantidad",",00","Antes","USD","Ahora","IVA inc.","%","https://www.infinit.com.uy/imgs/productos/productos3_31390.jpg"
"1778257364-137","https://www.infinit.com.uy/catalogo/hardware/infinit/","SAD58G48002","146","Garantía: 1 AÑO / NUEVO","Memoria RAM ADATA 8Gb Ddr5 4800Mhz CL40 Udimm","-2%","NEGRO","2","ADATA","Cód.",",00","","","Comprar","149","USD","","","En stock","En stock","Color","","Cantidad",",00","Antes","USD","Ahora","IVA inc.","%","https://www.infinit.com.uy/imgs/productos/productos3_34491.jpg"
"1778257364-138","https://www.infinit.com.uy/catalogo/hardware/infinit/","PRV-FAN112","146","Máximo rendimiento e iluminación","Water Cooler Liquida BE QUIET! Light Loop 360mm","","","","BE QUIET!","Cód.",",40","","","Comprar","0","USD","Nuevo","","En stock","En stock","","","Cantidad",",00","Antes","USD","Precio","IVA inc.","","https://www.infinit.com.uy/imgs/productos/productos3_41260.jpg"
"1778257364-139","https://www.infinit.com.uy/catalogo/hardware/infinit/","DIS029","147","Garantía: 6 MESES / RECERTIFICADO","Disco Duro SEAGATE 8Tb Externo 3.0 Gaming Hub Drive","","BLANCO","","SEAGATE","Cód.",",00","3.5""","Consultar","","0","USD","","","Agotado","Agotado","Medida","Color","",",00","Antes","USD","Precio","IVA inc.","","https://www.infinit.com.uy/imgs/productos/productos3_40921.jpg"
"1778257364-140","https://www.infinit.com.uy/catalogo/hardware/infinit/","PRV-MOT183","147","Socket 1851 Intel Ultra. DDR5. RGB","Mother Asrock B860M-H2 LGA 1851","","","","ASROCK","Cód.",",90","","","Comprar","0","USD","","","En stock","En stock","","","Cantidad",",00","Antes","USD","Precio","IVA inc.","","https://www.infinit.com.uy/imgs/productos/productos3_40652.jpg"
"1778257364-141","https://www.infinit.com.uy/catalogo/hardware/infinit/","TAR206","148","Garantía: 1 AÑO / NUEVO","Tarjeta De Video BIOSTAR RX560 4Gb GDdr5 Amd Radeon Hdmi Dp Dvi","-6%","NEGRO","6","BIOSTAR","Cód.",",00","","","Comprar","157","USD","","","En stock","En stock","Color","","Cantidad",",00","Antes","USD","Ahora","IVA inc.","%","https://www.infinit.com.uy/imgs/productos/productos3_15634.jpg"
"1778257364-142","https://www.infinit.com.uy/catalogo/hardware/infinit/","PRV-GAB160","149","Garantía Funcional","Gabinete DEEPCOOL CH560 Digital + 4 Fanes Argb 140mm Blanco","","","","DEEPCOOL","Cód.",",45","","","Comprar","0","USD","","","En stock","En stock","","","Cantidad",",00","Antes","USD","Precio","IVA inc.","","https://www.infinit.com.uy/imgs/productos/productos3_37466.jpg"
"1778257364-143","https://www.infinit.com.uy/catalogo/hardware/infinit/","CC9011256W","150","Garantía: 1 AÑO / NUEVO","Gabinete Gamer CORSAIR 3000D ARGB Airflow 3 Fanes AR120 Argb CC-9011256-WW Blanco","","BLANCO","","CORSAIR","Cód.",",00","","","Comprar","0","USD","","","En stock","En stock","Color","","Cantidad",",00","Antes","USD","Precio","IVA inc.","","https://www.infinit.com.uy/imgs/productos/productos3_35229.jpg"
"1778257364-144","https://www.infinit.com.uy/catalogo/hardware/infinit/","15517","150","Garantía: 1 AÑO / NUEVO","Memoria RAM Sodimm 8Gb Ddr5 5600Mhz Varias Marcas","-16%","","16","","Cód.",",00","","","Comprar","178","USD","","","En stock","En stock","","","Cantidad",",00","Antes","USD","Ahora","IVA inc.","%","https://www.infinit.com.uy/imgs/productos/productos3_37046.jpg"
"1778257364-145","https://www.infinit.com.uy/catalogo/hardware/infinit/","DWDP2TB","151","Garantía: 2 AÑOS / NUEVO","Disco Duro 2Tb WESTERN DIGITAL Purpura Sata3 3.5"" 6.0Gbps Para Dvr y Sistemas de Seguridad","","PURPURA","","WD","Cód.",",00","3.5""","","Comprar","143","USD","","","En stock","En stock","Medida","Color","Cantidad",",00","Antes","USD","Ahora","IVA inc.","","https://www.infinit.com.uy/imgs/productos/productos3_8642.jpg"
"1778257364-146","https://www.infinit.com.uy/catalogo/hardware/infinit/","DSALEG512G","151","Garantía: 3 AÑOS / NUEVO","Ssd Solido Nvme 512Gb ADATA Legend 710 Pcie Gen3 x4 2280","-15%","","15","ADATA","Cód.",",00","","","Comprar","177","USD","","","En stock","En stock","","","Cantidad",",00","Antes","USD","Ahora","IVA inc.","%","https://www.infinit.com.uy/imgs/productos/productos3_36000.jpg"
"1778257364-147","https://www.infinit.com.uy/catalogo/hardware/infinit/","901CDISPLAY","151","Garantía: FUNCIONAL / NUEVO","Gabinete Gamer SHOT GAMING SUP-901C PRO RGB Display Con Lateral De Vidrio Templado Negro","-1%","NEGRO","1","SHOT GAMING","Cód.",",00","","","Comprar","153","USD","","","En stock","En stock","Color","","Cantidad",",00","Antes","USD","Ahora","IVA inc.","%","https://www.infinit.com.uy/imgs/productos/productos3_40134.jpg"
"1778257364-148","https://www.infinit.com.uy/catalogo/hardware/infinit/","PRV-MOT172","153","Socket AMD Ryzen AM5. DDR5.","Motherboard ASROCK B650M-H/M.2+ AM5","","","","ASROCK","Cód.",",10","","","Comprar","0","USD","","","En stock","En stock","","","Cantidad",",00","Antes","USD","Precio","IVA inc.","","https://www.infinit.com.uy/imgs/productos/productos3_40727.jpg"
"1778257364-149","https://www.infinit.com.uy/catalogo/hardware/infinit/","FAX850WKP","156","Garantía: 1 AÑO / NUEVO","Fuente De Poder ATX 3.1 ADATA XPG Kyber 850w 80 Plus Gold Full Modular","","NEGRO","","ADATA","Cód.",",00","","","Comprar","0","USD","","","En stock","En stock","Color","","Cantidad",",00","Antes","USD","Precio","IVA inc.","","https://www.infinit.com.uy/imgs/productos/productos3_39602.jpg"
"1778257364-150","https://www.infinit.com.uy/catalogo/hardware/infinit/","PRV-FAN113","157","Máximo rendimiento e iluminación","Water Cooler Liquida BE QUIET! Light Loop 360mm Blanco","","","","BE QUIET!","Cód.",",10","","","Comprar","0","USD","Nuevo","","En stock","En stock","","","Cantidad",",00","Antes","USD","Precio","IVA inc.","","https://www.infinit.com.uy/imgs/productos/productos3_41265.jpg"
"1778257364-151","https://www.infinit.com.uy/catalogo/hardware/infinit/","GCFV150RGBBK","159","Garantía: 1 AÑO / NUEVO","Gabinete Gamer COUGAR FV150 Rgb + 4 Fan ARGB 120mm Mid Tower Usb 3.0","-5%","NEGRO","5","COUGAR","Cód.",",00","","","Comprar","168","USD","","","En stock","En stock","Color","","Cantidad",",00","Antes","USD","Ahora","IVA inc.","%","https://www.infinit.com.uy/imgs/productos/productos3_35024.jpg"
"1778257364-152","https://www.infinit.com.uy/catalogo/hardware/infinit/","PRV-MOT167","159","Socket AMD Ryzen AM4. DDR5.","Motherboard ASROCK A620M-C R2.0 AM5 (BULK)","","","","ASROCK","Cód.",",30","","","Comprar","0","USD","","","En stock","En stock","","","Cantidad",",00","Antes","USD","Precio","IVA inc.","","https://www.infinit.com.uy/imgs/productos/productos3_40640.jpg"
"1778257364-153","https://www.infinit.com.uy/catalogo/hardware/infinit/","DWDESE1TB2","160","Garantía: 1 AÑO / NUEVO","Disco Duro 1Tb WESTERN DIGITAL Expansion Externo Usb 3.0 Tamaño 2.5 Portable","","NEGRO","","WD","Cód.",",00","","","Comprar","151","USD","","","En stock","En stock","Color","","Cantidad",",00","Antes","USD","Ahora","IVA inc.","","https://www.infinit.com.uy/imgs/productos/productos3_20481.jpg"
"1778257364-154","https://www.infinit.com.uy/catalogo/hardware/infinit/","GB0501","160","","Motherboard GIGABYTE B860M-K S1851 Intel Ddr5 ARGB HDMI Usb 3.0","-5%","","5","GIGABYTE","Cód.",",00","","","Comprar","168","USD","","","En stock","En stock","","","Cantidad",",00","Antes","USD","Ahora","IVA inc.","%","https://www.infinit.com.uy/imgs/productos/productos3_39526.jpg"
"1778257364-155","https://www.infinit.com.uy/catalogo/hardware/infinit/","SE0049","162","Garantía: 2 AÑOS / NUEVO","Disco Duro 2Tb SEAGATE Expansion Externo 2.5 Usb 3.0 Portatil","","NEGRO","","SEAGATE","Cód.",",00","2,5""","","Comprar","111","USD","","","En stock","En stock","Medida","Color","Cantidad",",00","Antes","USD","Ahora","IVA inc.","","https://www.infinit.com.uy/imgs/productos/productos3_15714.jpg"
"1778257364-156","https://www.infinit.com.uy/catalogo/hardware/infinit/","MB989GBT47","162","Garantía: 3 AÑOS / NUEVO","Motherboard GIGABYTE B760M D3HP 4X Hdmi Vga Socket Ddr5 S1700","-7%","","7","GIGABYTE","Cód.",",00","","","Comprar","174","USD","","","En stock","En stock","","","Cantidad",",00","Antes","USD","Ahora","IVA inc.","%","https://www.infinit.com.uy/imgs/productos/productos3_39160.jpg"
"1778257364-157","https://www.infinit.com.uy/catalogo/hardware/infinit/","CAR55500","163","Garantía: 3 AÑOS / NUEVO","Procesador CPU AMD Ryzen 5 5500 Six Core 3.6Ghz Hasta 4.2Ghz Socket Am4","-8%","","8","AMD","Cód.",",00","","","Comprar","178","USD","","","En stock","En stock","","","Cantidad",",00","Antes","USD","Ahora","IVA inc.","%","https://www.infinit.com.uy/imgs/productos/productos3_22778.jpg"
"1778257364-158","https://www.infinit.com.uy/catalogo/hardware/infinit/","230011","163","Garantía: 1 AÑO / NUEVO","Gabinete Gamer COOLER MASTER Masterbox 520 Mesh + 3 Fanes ARGB Atx Con Lateral De Vidrio Templado Blanco","","BLANCO","","COOLER MASTER","Cód.",",00","","","Comprar","0","USD","","","En stock","En stock","Color","","Cantidad",",00","Antes","USD","Precio","IVA inc.","","https://www.infinit.com.uy/imgs/productos/productos3_38666.jpg"
"1778257364-159","https://www.infinit.com.uy/catalogo/hardware/infinit/","BFXNEM101","164","Garantía: 3 AÑOS / NUEVO","Memoria RAM NETAC 16Gb ddr4 3200Mhz Sodimm","-9%","NEGRO","9","NETAC","Cód.",",00","","Consultar","","180","USD","","","Agotado","Agotado","Color","","",",00","Antes","USD","Ahora","IVA inc.","%","https://www.infinit.com.uy/imgs/productos/productos3_30395.jpg"
"1778257364-160","https://www.infinit.com.uy/catalogo/hardware/infinit/","MB989GBT34","164","Garantía: 3 AÑOS / NUEVO","Motherboard GIGABYTE B650M D3HP Am5 Amd Ryzen Ddr5 ARGB HDMI DP Usb 3.0","-6%","","6","GIGABYTE","Cód.",",00","","","Comprar","175","USD","","","En stock","En stock","","","Cantidad",",00","Antes","USD","Ahora","IVA inc.","%","https://www.infinit.com.uy/imgs/productos/productos3_38788.jpg"
"1778257364-161","https://www.infinit.com.uy/catalogo/hardware/infinit/","SE0089","166","Garantía: 3 AÑOS / NUEVO","Disco Duro 2Tb SEAGATE SkyHawk ST2000VX017 3.5 Sata3 6.0Gbps Para Dvr y Sistemas De Seguridad","-1%","","1","SEAGATE","Cód.",",00","3.5""","","Comprar","168","USD","","","En stock","En stock","Medida","","Cantidad",",00","Antes","USD","Ahora","IVA inc.","%","https://www.infinit.com.uy/imgs/productos/productos3_20701.jpg"
"1778257364-162","https://www.infinit.com.uy/catalogo/hardware/infinit/","AM3006","166","Garantía: 3 AÑOS / NUEVO","Solido Ssd 1Tb HIKSEMI Hs-Essd-Elite9 Externo Usb 3.2 Tipo C Tamaño 2.5","","","","HIKSEMI","Cód.",",00","","","Comprar","0","USD","","","En stock","En stock","","","Cantidad",",00","Antes","USD","Precio","IVA inc.","","https://www.infinit.com.uy/imgs/productos/productos3_40882.jpg"
"1778257364-163","https://www.infinit.com.uy/catalogo/hardware/infinit/","PRV-MOT182","166","Socket 1700 Intel 12a, 13a, 14a gen. DDR5. RGB","Mother Asrock B760M Pro RS LGA 1700 Wifi 6E","","","","ASROCK","Cód.",",60","","","Comprar","0","USD","","","En stock","En stock","","","Cantidad",",00","Antes","USD","Precio","IVA inc.","","https://www.infinit.com.uy/imgs/productos/productos3_40691.jpg"
"1778257364-164","https://www.infinit.com.uy/catalogo/hardware/infinit/","PRV-MOT181","169","Socket 1700 Intel 12a, 13a, 14a gen. DDR5. RGB","Mother Asrock B760M Pro RS LGA 1700","","","","ASROCK","Cód.",",60","","","Comprar","0","USD","","","En stock","En stock","","","Cantidad",",00","Antes","USD","Precio","IVA inc.","","https://www.infinit.com.uy/imgs/productos/productos3_40688.jpg"
"1778257364-165","https://www.infinit.com.uy/catalogo/hardware/infinit/","PRV-FAN121","170","Tecnología y refrigeracíon superiores","Water Cooler Liquida BE QUIET! Silent Loop 3 420mm","","","","BE QUIET!","Cód.",",00","","","Comprar","0","USD","Nuevo","","En stock","En stock","","","Cantidad",",00","Antes","USD","Precio","IVA inc.","","https://www.infinit.com.uy/imgs/productos/productos3_41276.jpg"
"1778257364-166","https://www.infinit.com.uy/catalogo/hardware/infinit/","MAB760MPROR5","171","Garantía: 3 AÑOS / NUEVO","Motherboard ASROCK B760M Pro RS Intel Ddr5 Hdmi 2.1 DP 1.4 Usb 3.2 S1700","-21%","","21","ASROCK","Cód.",",00","","","Comprar","217","USD","","","En stock","En stock","","","Cantidad",",00","Antes","USD","Ahora","IVA inc.","%","https://www.infinit.com.uy/imgs/productos/productos3_35938.jpg"
"1778257364-167","https://www.infinit.com.uy/catalogo/hardware/infinit/","PRV-MOT196","174","Socket AMD Ryzen AM5 DDR5","Motherboard ASROCK B850M-X R2.0 AM5 WiFi","","","","ASROCK","Cód.",",10","","","Comprar","0","USD","","","En stock","En stock","","","Cantidad",",00","Antes","USD","Precio","IVA inc.","","https://www.infinit.com.uy/imgs/productos/productos3_40821.jpg"
"1778257364-168","https://www.infinit.com.uy/catalogo/hardware/infinit/","MB989GBT28","176","Garantía: 3 AÑOS / NUEVO","Motherboard GIGABYTE A620M Ds3H G10 Am5 Amd Ryzen Ddr5","","","","GIGABYTE","Cód.",",00","","","Comprar","0","USD","Nuevo","","En stock","En stock","","","Cantidad",",00","Antes","USD","Precio","IVA inc.","","https://www.infinit.com.uy/imgs/productos/productos3_41346.jpg"
"1778257364-169","https://www.infinit.com.uy/catalogo/hardware/infinit/","BFXTR1G","178","Garantía: 1 AÑO / NUEVO","Gabinete THERMALTAKE TR100 Mini Tower Negro USB-C 3.2 CA-11A-00S1NN-00","","NEGRO","","THERMALTAKE","Cód.",",00","","","Comprar","0","USD","","","En stock","En stock","Color","","Cantidad",",00","Antes","USD","Precio","IVA inc.","","https://www.infinit.com.uy/imgs/productos/productos3_40149.jpg"
"1778257364-170","https://www.infinit.com.uy/catalogo/hardware/infinit/","BFXGT1W","178","Garantía: 1 AÑO / NUEVO","Gabinete THERMALTAKE TR100 Mini Tower Blanco USB-C 3.2 CA-11A-00S1NN-00","","BLANCO","","THERMALTAKE","Cód.",",00","","","Comprar","0","USD","","","En stock","En stock","Color","","Cantidad",",00","Antes","USD","Precio","IVA inc.","","https://www.infinit.com.uy/imgs/productos/productos3_40155.jpg"
"1778257364-171","https://www.infinit.com.uy/catalogo/hardware/infinit/","BFXT1BL","178","Garantía: 1 AÑO / NUEVO","Gabinete THERMALTAKE TR100 Mini Tower Celeste USB-C 3.2 CA-11A-00SFNN-00","","CELESTE","","THERMALTAKE","Cód.",",00","","","Comprar","0","USD","","","En stock","En stock","Color","","Cantidad",",00","Antes","USD","Precio","IVA inc.","","https://www.infinit.com.uy/imgs/productos/productos3_40161.jpg"
"1778257364-172","https://www.infinit.com.uy/catalogo/hardware/infinit/","IT0073","181","Garantía: 3 AÑOS / NUEVO","Procesador Cpu Intel Core i3 14100f Quad Core 3.5 hasta 4.7Ghz S1700","-10%","","10","INTEL","Cód.",",00","","","Comprar","200","USD","","Destacado","En stock","En stock","","","Cantidad",",00","Antes","USD","Ahora","IVA inc.","%","https://www.infinit.com.uy/imgs/productos/productos3_30529.jpg"
"1778257364-173","https://www.infinit.com.uy/catalogo/hardware/infinit/","BFX00S1WN","182","Garantía: 1 AÑO / NUEVO","Gabinete THERMALTAKE THE TOWER 250 Mini USB-C 3.2 + 2 Fanes 120mm Vidrio Templado CA-1Z9-00S1WN-00","","NEGRO","","THERMALTAKE","Cód.",",00","","","Comprar","0","USD","","","En stock","En stock","Color","","Cantidad",",00","Antes","USD","Precio","IVA inc.","","https://www.infinit.com.uy/imgs/productos/productos3_36836.jpg"
"1778257364-174","https://www.infinit.com.uy/catalogo/hardware/infinit/","BFX00SFWN","182","Garantía: 1 AÑO / NUEVO","Gabinete THERMALTAKE THE TOWER 250 Mini Blue USB-C 3.2 + 2 Fanes 120mm Vidrio Templado CA-1Z9-00SFWN-00","","AZUL CLARO","","THERMALTAKE","Cód.",",00","","","Comprar","0","USD","","","En stock","En stock","Color","","Cantidad",",00","Antes","USD","Precio","IVA inc.","","https://www.infinit.com.uy/imgs/productos/productos3_36848.jpg"
"1778257364-175","https://www.infinit.com.uy/catalogo/hardware/infinit/","MAB760MPRW","187","Garantía: 3 AÑOS / NUEVO","Motherboard ASROCK B760M Pro Rs Wifi 6E S1700 Intel Core Ddr5 Hdmi USB 3.2","-2%","NEGRO","2","ASROCK","Cód.",",00","","","Comprar","190","USD","","","En stock","En stock","Color","","Cantidad",",00","Antes","USD","Ahora","IVA inc.","%","https://www.infinit.com.uy/imgs/productos/productos3_34603.jpg"
"1778257364-176","https://www.infinit.com.uy/catalogo/hardware/infinit/","GB0459","187","Garantía: 3 AÑOS / NUEVO","Motherboard GIGABYTE B850 D3HP AM5 Usb-C HDMI 2x DisplayPort","-13%","","13","GIGABYTE","Cód.",",00","","","Comprar","216","USD","","","En stock","En stock","","","Cantidad",",00","Antes","USD","Ahora","IVA inc.","%","https://www.infinit.com.uy/imgs/productos/productos3_39510.jpg"
"1778257364-177","https://www.infinit.com.uy/catalogo/hardware/infinit/","KI9471","189","Garantía: DE POR VIDA / NUEVO","Memoria Ram KINGSTON Fury Beast 8Gb CL36 Ddr5 5600Mhz Udimm Negro","-16%","NEGRO","16","KINGSTON","Cód.",",00","","","Comprar","224","USD","","","En stock","En stock","Color","","Cantidad",",00","Antes","USD","Ahora","IVA inc.","%","https://www.infinit.com.uy/imgs/productos/productos3_40244.jpg"
"1778257364-178","https://www.infinit.com.uy/catalogo/hardware/infinit/","GB0134","192","Garantía: 3 AÑOS / NUEVO","Fuente De Poder GIGABYTE GP-UD1000GM PG5 1000w Cert 80 Plus Gold Full Modular","-1%","","1","GIGABYTE","Cód.",",00","","","Comprar","194","USD","","","En stock","En stock","","","Cantidad",",00","Antes","USD","Ahora","IVA inc.","%","https://www.infinit.com.uy/imgs/productos/productos3_24495.jpg"
"1778257364-179","https://www.infinit.com.uy/catalogo/hardware/infinit/","MB989GBT74","195","Garantía: 3 AÑOS / NUEVO","Motherboard GIGABYTE B840M DS3H Am5 Amd Ryzen Micro ATX Ddr5 ARGB HDMI Usb 3.0","","","","GIGABYTE","Cód.",",00","","","Comprar","0","USD","","","En stock","En stock","","","Cantidad",",00","Antes","USD","Precio","IVA inc.","","https://www.infinit.com.uy/imgs/productos/productos3_38792.jpg"
"1778257364-180","https://www.infinit.com.uy/catalogo/hardware/infinit/","MB989GBT75","196","Garantía: 3 AÑOS / NUEVO","Motherboard GIGABYTE B840M Eagle Am5 Amd Ryzen Micro ATX HDMI Wifi6 Usb 3.0","","","","GIGABYTE","Cód.",",00","","","Comprar","0","USD","","","En stock","En stock","","","Cantidad",",00","Antes","USD","Precio","IVA inc.","","https://www.infinit.com.uy/imgs/productos/productos3_38804.jpg"
"1778257364-181","https://www.infinit.com.uy/catalogo/hardware/infinit/","BFXSCGX8","198","Garantía: 7 AÑOS / NUEVO","Fuente De Poder ATX 3.1 SEASONIC RCore 850w 80 Plus Gold Gx-850 Full Modular PCI-e 5.1 SRP-CGX851","-24%","","24","SEASONIC","Cód.",",00","","","Comprar","262","USD","","","En stock","En stock","","","Cantidad",",00","Antes","USD","Ahora","IVA inc.","%","https://www.infinit.com.uy/imgs/productos/productos3_39635.jpg"
"1778257364-182","https://www.infinit.com.uy/catalogo/hardware/infinit/","810056145583","199","Garantía: 6 MESES / OPEN BOX","Water Cooler Liquida Cpu RAZER 360 HANBO CHROMA RGB Socket Para Intel y Amd","-33%","NEGRO","33","RAZER","Cód.",",00","","","Comprar","299","USD","","","En stock","En stock","Color","","Cantidad",",00","Antes","USD","Ahora","IVA inc.","%","https://www.infinit.com.uy/imgs/productos/productos3_37262.jpg"
"1778257364-183","https://www.infinit.com.uy/catalogo/hardware/infinit/","PRV-MOT188","199","Socket 1851 Intel Ultra. DDR5. RGB","Motherboard BIOSTAR B860MT-E PRO LGA 1851","","","","BIOSTAR","Cód.",",60","","","Comprar","0","USD","Nuevo","","En stock","En stock","","","Cantidad",",00","Antes","USD","Precio","IVA inc.","","https://www.infinit.com.uy/imgs/productos/productos3_41443.jpg"
"1778257364-184","https://www.infinit.com.uy/catalogo/hardware/infinit/","PRV-MOT208","200","Socket AMD Ryzen AM5","Motherboard ASUS TUF Gaming A620AM-Plus WiFi 6 AM5","","","","ASUS","Cód.",",90","","","Comprar","0","USD","Nuevo","","En stock","En stock","","","Cantidad",",00","Antes","USD","Precio","IVA inc.","","https://www.infinit.com.uy/imgs/productos/productos3_41419.png"
"1778257364-185","https://www.infinit.com.uy/catalogo/hardware/infinit/","PRV-MOT173","207","Socket AMD Ryzen AM5. DDR5. RGB","Mother Asrock B650M Pro RS AM5 Wi-Fi 6E","","","","ASROCK","Cód.",",10","","","Comprar","0","USD","","","En stock","En stock","","","Cantidad",",00","Antes","USD","Precio","IVA inc.","","https://www.infinit.com.uy/imgs/productos/productos3_40683.jpg"
"1778257364-186","https://www.infinit.com.uy/catalogo/hardware/infinit/","PRV-MOT200","207","Socket 1700 Intel 12a, 13a, 14a gen DDR5","Mother Asrock B760M PG Riptide LGA 1700 WiFi","","","","ASROCK","Cód.",",10","","","Comprar","0","USD","","","En stock","En stock","","","Cantidad",",00","Antes","USD","Precio","IVA inc.","","https://www.infinit.com.uy/imgs/productos/productos3_40827.jpg"
"1778257364-187","https://www.infinit.com.uy/catalogo/hardware/infinit/","BFXC25XBK","208","Garantía: 1 AÑO / NUEVO","Gabinete Gamer CORSAIR 2500X Vidrio Templado USB-C y Audio Frontal CC-9011265-WW","","","","CORSAIR","Cód.",",00","","","Comprar","0","USD","","","En stock","En stock","","","Cantidad",",00","Antes","USD","Precio","IVA inc.","","https://www.infinit.com.uy/imgs/productos/productos3_26739.jpg"
"1778257364-188","https://www.infinit.com.uy/catalogo/hardware/infinit/","BFX25XWH","208","Garantía: 1 AÑO / NUEVO","Gabinete Gamer CORSAIR 2500X Vidrio Templado USB-C y Audio Frontal CC-9011265-WW Blanco","","BLANCO","","CORSAIR","Cód.",",00","","","Comprar","0","USD","","","En stock","En stock","Color","","Cantidad",",00","Antes","USD","Precio","IVA inc.","","https://www.infinit.com.uy/imgs/productos/productos3_37143.jpg"
"1778257364-189","https://www.infinit.com.uy/catalogo/hardware/infinit/","BFX45XR","209","Garantía: 1 AÑO / NUEVO","Gabinete CORSAIR Frame 4500x RS-R ARGB Blanco CC-9011315-WW","","BLANCO","","CORSAIR","Cód.",",00","","","Comprar","0","USD","","","En stock","En stock","Color","","Cantidad",",00","Antes","USD","Precio","IVA inc.","","https://www.infinit.com.uy/imgs/productos/productos3_40008.jpg"
"1778257364-190","https://www.infinit.com.uy/catalogo/hardware/infinit/","BFXCGX85W","214","Garantía: 7 AÑOS / NUEVO","Fuente De Poder ATX 3.1 SEASONIC RCore 850w 80 Plus Gold Gx-850 Full Modular PCI-e 5.1 SRP-CGX851 Blanco","","BLANCO","","SEASONIC","Cód.",",00","","","Comprar","0","USD","","","En stock","En stock","Color","","Cantidad",",00","Antes","USD","Precio","IVA inc.","","https://www.infinit.com.uy/imgs/productos/productos3_39641.jpg"
"1778257364-191","https://www.infinit.com.uy/catalogo/hardware/infinit/","BFXS1632","214","Garantía: 2 AÑOS / NUEVO","Memoria Ram CORSAIR Vengeance 16Gb Ddr4 3200Mhz CL22 Sodimm","","NEGRO","","CORSAIR","Cód.",",00","","","Comprar","0","USD","","","En stock","En stock","Color","","Cantidad",",00","Antes","USD","Precio","IVA inc.","","https://www.infinit.com.uy/imgs/productos/productos3_39777.jpg"
"1778257364-192","https://www.infinit.com.uy/catalogo/hardware/infinit/","TAR209","215","Garantía: 1 AÑO / NUEVO","Tarjeta De Video BIOSTAR RX580 8Gb Gddr5 256bit Amd Radeon Hdmi Dvi Dp AMD XConnect y HDR Ready","","","","BIOSTAR","Cód.",",00","","","Comprar","203","USD","","","En stock","En stock","","","Cantidad",",00","Antes","USD","Ahora","IVA inc.","","https://www.infinit.com.uy/imgs/productos/productos3_18164.jpg"
"1778257364-193","https://www.infinit.com.uy/catalogo/hardware/infinit/","KI9196","218","Garantía: 3 AÑOS / NUEVO","Memoria RAM KINGSTON FURY 8Gb Ddr5 5200Mhz Beast Cl40 Udimm","-3%","NEGRO","3","KINGSTON","Cód.",",00","","","Comprar","224","USD","","","En stock","En stock","Color","","Cantidad",",00","Antes","USD","Ahora","IVA inc.","%","https://www.infinit.com.uy/imgs/productos/productos3_40576.jpg"
"1778257364-194","https://www.infinit.com.uy/catalogo/hardware/infinit/","DWDP4TS3I","220","Garantía: 2 AÑOS / NUEVO","Disco Duro 4Tb WD Purpura 3.5 Sata3 6.0Gbps Intellipower Para Dvr y Sistemas De Seguridad","-2%","PURPURA","2","WD","Cód.",",00","3.5""","Consultar","","224","USD","","","Agotado","Agotado","Medida","Color","",",00","Antes","USD","Ahora","IVA inc.","%","https://www.infinit.com.uy/imgs/productos/productos3_38796.jpg"
"1778257364-195","https://www.infinit.com.uy/catalogo/hardware/infinit/","PRV-MOT179","220","Socket 1700 Intel 12a, 13a, 14a gen. DDR5. RGB","Mother Asrock B760 Pro RS LGA 1700","","","","ASROCK","Cód.",",60","","","Comprar","0","USD","","","En stock","En stock","","","Cantidad",",00","Antes","USD","Precio","IVA inc.","","https://www.infinit.com.uy/imgs/productos/productos3_40674.png"
"1778257364-196","https://www.infinit.com.uy/catalogo/hardware/infinit/","KI9143","224","Garantía: DE POR VIDA / NUEVO","Memoria RAM KINGSTON 16Gb Ddr4 3200Mhz Udimm Para Pc","","","","KINGSTON","Cód.",",00","","","Comprar","140","USD","","","En stock","En stock","","","Cantidad",",00","Antes","USD","Ahora","IVA inc.","","https://www.infinit.com.uy/imgs/productos/productos3_20446.jpg"
"1778257364-197","https://www.infinit.com.uy/catalogo/hardware/infinit/","BFXNB32","224","Garantía: 1 AÑO / NUEVO","Memoria Ram NETAC 16Gb Ddr4 3200Mhz CL36 Udimm","-14%","NEGRO","14","NETAC","Cód.",",00","","","Comprar","259","USD","","","En stock","En stock","Color","","Cantidad",",00","Antes","USD","Ahora","IVA inc.","%","https://www.infinit.com.uy/imgs/productos/productos3_30792.jpg"
"1778257364-198","https://www.infinit.com.uy/catalogo/hardware/infinit/","DIS415","226","3 AÑOS DE GARANTIA / NUEVO","Solido Ssd CRUCIAL 1Tb BX500 2.5 Sata3 6.0Gbps Para Pc y Notebooks","","NEGRO","","CRUCIAL","Cód.",",00","2,5""","","Comprar","0","USD","","","En stock","En stock","Medida","Color","Cantidad",",00","Antes","USD","Precio","IVA inc.","","https://www.infinit.com.uy/imgs/productos/productos3_11546.jpg"
"1778257364-199","https://www.infinit.com.uy/catalogo/hardware/infinit/","PRV-MOT203","227","Socket 1851 Intel Ultra. DDR5. RGB","Motherboard ASROCK B860M Pro RS LGA 1851","","","","ASROCK","Cód.",",20","","","Comprar","0","USD","","","En stock","En stock","","","Cantidad",",00","Antes","USD","Precio","IVA inc.","","https://www.infinit.com.uy/imgs/productos/productos3_40833.jpg"
"1778257364-200","https://www.infinit.com.uy/catalogo/hardware/infinit/","PRV-MOT194","230","Socket AMD Ryzen AM4 DDR4","Motherboard ASROCK B550 PG Riptide AM4","","","","ASROCK","Cód.",",30","","","Comprar","0","USD","","","En stock","En stock","","","Cantidad",",00","Antes","USD","Precio","IVA inc.","","https://www.infinit.com.uy/imgs/productos/productos3_40818.jpg"
"1778257364-201","https://www.infinit.com.uy/catalogo/hardware/infinit/","BFXTTT50B","232","Garantía: 1 AÑO / NUEVO","Gabinete THERMALTAKE CTE T500 Air Full Tower 2x USB-C 3.2 Vidrio Templado CA-1X8-00F1WN-00","","NEGRO","","THERMALTAKE","Cód.",",00","","","Comprar","0","USD","","","En stock","En stock","Color","","Cantidad",",00","Antes","USD","Precio","IVA inc.","","https://www.infinit.com.uy/imgs/productos/productos3_36740.jpg"
"1778257364-202","https://www.infinit.com.uy/catalogo/hardware/infinit/","BFXTTT5S","232","Garantía: 1 AÑO / NUEVO","Gabinete THERMALTAKE CTE T500 Air Full Tower 2x USB-C 3.2 Vidrio Templado CA-1X8-00F1WN-00","","BLANCO","","THERMALTAKE","Cód.",",00","","","Comprar","0","USD","","","En stock","En stock","Color","","Cantidad",",00","Antes","USD","Precio","IVA inc.","","https://www.infinit.com.uy/imgs/productos/productos3_36747.jpg"
"1778257364-203","https://www.infinit.com.uy/catalogo/hardware/infinit/","CAR55600GT","233","Garantía: 3 AÑOS / NUEVO","Procesador CPU AMD Ryzen 5 5600GT 6 Nucleos De 3.6 Hasta 4.6Ghz Video Amd Radeon Vega 7","","","","AMD","Cód.",",00","","","Comprar","231","USD","","","En stock","En stock","","","Cantidad",",00","Antes","USD","Ahora","IVA inc.","","https://www.infinit.com.uy/imgs/productos/productos3_33413.jpg"
"1778257364-204","https://www.infinit.com.uy/catalogo/hardware/infinit/","BFXE5GR","236","Garantía: 1 AÑO / NUEVO","Gabinete THERMALTAKE CTE E550 TG Mid Tower Matcha Green USB-C 3.2 Vidrio Templado CA-1Z8-00MEWN-0","-2%","VERDE","2","THERMALTAKE","Cód.",",00","","","Comprar","242","USD","","","En stock","En stock","Color","","Cantidad",",00","Antes","USD","Ahora","IVA inc.","%","https://www.infinit.com.uy/imgs/productos/productos3_36776.jpg"
"1778257364-205","https://www.infinit.com.uy/catalogo/hardware/infinit/","BFXC55S","239","Garantía: 1 AÑO / NUEVO","Gabinete THERMALTAKE CTE E550 TG Mid Tower Snow USB-C 3.2 Vidrio Templado CA-1Z8-00M6WN-00","-1%","BLANCO","1","THERMALTAKE","Cód.",",00","","","Comprar","242","USD","","","En stock","En stock","Color","","Cantidad",",00","Antes","USD","Ahora","IVA inc.","%","https://www.infinit.com.uy/imgs/productos/productos3_36764.jpg"
"1778257364-206","https://www.infinit.com.uy/catalogo/hardware/infinit/","PRV-MOT201","239","Socket 1700 Intel 12a, 13a, 14a gen DDR5","Mother Asrock B760M Steel Legend LGA 1700 WiFi 6","","","","ASROCK","Cód.",",40","","","Comprar","0","USD","","","En stock","En stock","","","Cantidad",",00","Antes","USD","Precio","IVA inc.","","https://www.infinit.com.uy/imgs/productos/productos3_40829.jpg"
"1778257364-207","https://www.infinit.com.uy/catalogo/hardware/infinit/","GCFV270BLACK","241","Garantía: 1 AÑO / NUEVO","Gabinete Gamer COUGAR FV270 + 1 Fan 120mm Argb Mid Tower Usb 3.0 + Usb-C Lateral Vidrio Templado","-5%","NEGRO","5","COUGAR","Cód.",",00","","","Comprar","253","USD","","","En stock","En stock","Color","","Cantidad",",00","Antes","USD","Ahora","IVA inc.","%","https://www.infinit.com.uy/imgs/productos/productos3_34881.jpg"
"1778257364-208","https://www.infinit.com.uy/catalogo/hardware/infinit/","GCFV270WHITE","241","Garantía: 1 AÑO / NUEVO","Gabinete Gamer COUGAR FV270 + 1 Fan 120mm Argb Mid Tower Usb 3.0 + Usb-C Lateral Vidrio Templado Blanco","-5%","BLANCO","5","COUGAR","Cód.",",00","","","Comprar","253","USD","","","En stock","En stock","Color","","Cantidad",",00","Antes","USD","Ahora","IVA inc.","%","https://www.infinit.com.uy/imgs/productos/productos3_35012.jpg"
"1778257364-209","https://www.infinit.com.uy/catalogo/hardware/infinit/","BFXN350","244","Garantía: 3 AÑOS / NUEVO","Solido Ssd NETAC 960Gb SA500 2.5 Sata3 6.0Gbps Para Notebooks y Pcs","-18%","","18","NETAC","Cód.",",00","","","Comprar","297","USD","","","En stock","En stock","","","Cantidad",",00","Antes","USD","Ahora","IVA inc.","%","https://www.infinit.com.uy/imgs/productos/productos3_25296.jpg"
"1778257364-210","https://www.infinit.com.uy/catalogo/hardware/infinit/","BFXRM10E","245","Garantía: 1 AÑO / NUEVO","Fuente De Poder CORSAIR 1000w RM1000e 80 Plus Gold Full Modular LOW NOISE CP-9020297-NA","-6%","","6","CORSAIR","Cód.",",00","","","Comprar","262","USD","","","En stock","En stock","","","Cantidad",",00","Antes","USD","Ahora","IVA inc.","%","https://www.infinit.com.uy/imgs/productos/productos3_36947.jpg"
"1778257364-211","https://www.infinit.com.uy/catalogo/hardware/infinit/","MB990GBT29","245","Garantía: 3 AÑOS / NUEVO","Motherboard GIGABYTE B850M EAGLE WIFI6E Am5 Micro ATX Amd Ryzen 2.5Gbe Bluetooth","","","","GIGABYTE","Cód.",",00","","","Comprar","0","USD","Nuevo","","En stock","En stock","","","Cantidad",",00","Antes","USD","Precio","IVA inc.","","https://www.infinit.com.uy/imgs/productos/productos3_41362.jpg"
"1778257364-212","https://www.infinit.com.uy/catalogo/hardware/infinit/","UAD35GD416G3","246","Garantía: DE POR VIDA / NUEVO","Memoria RAM ADATA Xpg Spectrix D35g 16GB Ddr4 3200Mhz Rgb Udimm","-9%","NEGRO","9","ADATA","Cód.",",00","","","Comprar","269","USD","","","En stock","En stock","Color","","Cantidad",",00","Antes","USD","Ahora","IVA inc.","%","https://www.infinit.com.uy/imgs/productos/productos3_33198.jpg"
"1778257364-213","https://www.infinit.com.uy/catalogo/hardware/infinit/","BFXP500","247","Garantía: 3 AÑOS / NUEVO","Fuente De Poder SEASONIC Fanless 500w 80 Plus Platinum Px-500 Full Modular SSR-500PL","","","","SEASONIC","Cód.",",00","","","Comprar","0","USD","","","En stock","En stock","","","Cantidad",",00","Antes","USD","Precio","IVA inc.","","https://www.infinit.com.uy/imgs/productos/productos3_35974.jpg"
"1778257364-214","https://www.infinit.com.uy/catalogo/hardware/infinit/","HS0012","247","Garantía: 3 AÑOS / NUEVO","Solido Ssd Nvme M.2 HIKSEMI Wave 1Tb 2280 PCIe Gen 3.0 Para Notebooks y Pcs","-12%","NEGRO","12","HIKSEMI","Cód.",",00","","","Comprar","282","USD","","","En stock","En stock","Color","","Cantidad",",00","Antes","USD","Ahora","IVA inc.","%","https://www.infinit.com.uy/imgs/productos/productos3_36379.jpg"
"1778257364-215","https://www.infinit.com.uy/catalogo/hardware/infinit/","PRV-MOT174","247","Socket AMD Ryzen AM5. DDR5. RGB","Motherboard ASROCK B650M Pro X3D AM5 Wi-Fi 6E","","","","ASROCK","Cód.",",60","","","Comprar","0","USD","","","En stock","En stock","","","Cantidad",",00","Antes","USD","Precio","IVA inc.","","https://www.infinit.com.uy/imgs/productos/productos3_40702.jpg"
"1778257364-216","https://www.infinit.com.uy/catalogo/hardware/infinit/","MAB760MSLW","248","Garantía: 3 AÑOS / NUEVO","Motherboard ASROCK B760m Steel Legend Lga Socket 1700 Para Intel Wifi Integrado 12va y 13 va Generacion","-10%","NEGRO","10","ASROCK","Cód.",",00","","","Comprar","277","USD","","","En stock","En stock","Color","","Cantidad",",00","Antes","USD","Ahora","IVA inc.","%","https://www.infinit.com.uy/imgs/productos/productos3_28084.jpg"
"1778257364-217","https://www.infinit.com.uy/catalogo/hardware/infinit/","AM0063","248","Garantía: 3 AÑOS / NUEVO","Procesador Cpu AMD Ryzen 5 8400F 6 Core 4.2 Hasta 4.7Ghz Socket Am5","","GRIS","","AMD","Cód.",",00","","","Comprar","225","USD","","","En stock","En stock","Color","","Cantidad",",00","Antes","USD","Ahora","IVA inc.","","https://www.infinit.com.uy/imgs/productos/productos3_33209.jpg"
"1778257364-218","https://www.infinit.com.uy/catalogo/hardware/infinit/","IT0041","250","Garantía: 3 AÑOS / NUEVO","Procesador CPU INTEL Core i5 12400F 12va Six Core 2.5 Hasta 4.4Ghz S1700","-2%","","2","INTEL","Cód.",",00","","Consultar","","256","USD","","","Agotado","Agotado","","","",",00","Antes","USD","Ahora","IVA inc.","%","https://www.infinit.com.uy/imgs/productos/productos3_23041.jpg"
"1778257364-219","https://www.infinit.com.uy/catalogo/hardware/infinit/","CC9011309W","252","Garantía: 1 AÑO / NUEVO","Gabinete Gamer CORSAIR 5000D Airflow Argb 4 Fanes 120mm Con Lateral de Vidrio Templado","","","","CORSAIR","Cód.",",00","","","Comprar","0","USD","","","En stock","En stock","","","Cantidad",",00","Antes","USD","Precio","IVA inc.","","https://www.infinit.com.uy/imgs/productos/productos3_41041.jpg"
"1778257364-220","https://www.infinit.com.uy/catalogo/hardware/infinit/","PRV-GAB158","254","Garantía Funcional","Gabinete DEEPCOOL CH780 + 3 Fanes 140mm Unidos en 420mm Blanco","","","","DEEPCOOL","Cód.",",68","","","Comprar","0","USD","","","En stock","En stock","","","Cantidad",",00","Antes","USD","Precio","IVA inc.","","https://www.infinit.com.uy/imgs/productos/productos1_37463.jpg"
"1778257364-221","https://www.infinit.com.uy/catalogo/hardware/infinit/","PRV-MOT180","256","Socket 1700 Intel 12a, 13a, 14a gen. DDR5. RGB","Mother Asrock B760M PG Sonic LGA 1700 Wi-Fi 6E","","","","ASROCK","Cód.",",20","","","Comprar","0","USD","","","En stock","En stock","","","Cantidad",",00","Antes","USD","Precio","IVA inc.","","https://www.infinit.com.uy/imgs/productos/productos3_40649.jpg"
"1778257364-222","https://www.infinit.com.uy/catalogo/hardware/infinit/","CAR58600G","257","Garantía: 3 AÑOS / NUEVO","Procesador CPU AMD Ryzen 5 86006 6 Nucleos AM5 De 4.3 Hasta 5.0Ghz Video Amd Radeon 760m","-2%","GRIS","2","AMD","Cód.",",00","","","Comprar","262","USD","","","En stock","En stock","Color","","Cantidad",",00","Antes","USD","Ahora","IVA inc.","%","https://www.infinit.com.uy/imgs/productos/productos3_33604.jpg"
"1778257364-223","https://www.infinit.com.uy/catalogo/hardware/infinit/","MB990GBT30","259","Garantía: 3 AÑOS / NUEVO","Motherboard GIGABYTE B850M EAGLE WIFI6E ICE Am5 Amd Ryzen 2.5Gbe Bluetooth","","","","GIGABYTE","Cód.",",00","","","Comprar","0","USD","Nuevo","","En stock","En stock","","","Cantidad",",00","Antes","USD","Precio","IVA inc.","","https://www.infinit.com.uy/imgs/productos/productos3_41365.jpg"
"1778257364-224","https://www.infinit.com.uy/catalogo/hardware/infinit/","MB990GBT08","261","Garantía: 3 AÑOS / NUEVO","Motherboard GIGABYTE B840M AORUS ELITE WIFI6E Am5 Amd Ryzen Micro ATX 2.5GbE","","","","GIGABYTE","Cód.",",00","","","Comprar","0","USD","Nuevo","","En stock","En stock","","","Cantidad",",00","Antes","USD","Precio","IVA inc.","","https://www.infinit.com.uy/imgs/productos/productos3_41368.jpg"
"1778257364-225","https://www.infinit.com.uy/catalogo/hardware/infinit/","AC000AOR11","262","Garantía: 3 AÑOS / NUEVO","Water Cooler Liquida GIGABYTE Aorus Waterforce X240 Rgb Intel Amd","","","","GIGABYTE","Cód.",",00","","","Comprar","262","USD","","","En stock","En stock","","","Cantidad",",00","Antes","USD","Precio","IVA inc.","","https://www.infinit.com.uy/imgs/productos/productos3_23818.jpg"
"1778257364-226","https://www.infinit.com.uy/catalogo/hardware/infinit/","PRV-MOT198","265","Socket AMD Ryzen AM5 DDR5","Motherboard ASROCK X870 Pro-A AM5 WiFi 7","","","","ASROCK","Cód.",",60","","","Comprar","0","USD","","","En stock","En stock","","","Cantidad",",00","Antes","USD","Precio","IVA inc.","","https://www.infinit.com.uy/imgs/productos/productos3_40838.jpg"
"1778257364-227","https://www.infinit.com.uy/catalogo/hardware/infinit/","PRV-MOT204","265","Socket 1851 Intel Ultra. DDR5. RGB","Motherboard ASROCK B860M Steel Legend LGA 1851 WiFi","","","","ASROCK","Cód.",",60","","","Comprar","0","USD","","","En stock","En stock","","","Cantidad",",00","Antes","USD","Precio","IVA inc.","","https://www.infinit.com.uy/imgs/productos/productos3_40835.jpg"
"1778257364-228","https://www.infinit.com.uy/catalogo/hardware/infinit/","BFXAIR54","268","Garantía: 1 AÑO / NUEVO","Gabinete CORSAIR AIR 5400 RS-R ARGB + 3 Fanes 120mm ARGB Negro CC-9011318-WW","-1%","NEGRO","1","CORSAIR","Cód.",",00","","","Comprar","271","USD","","","En stock","En stock","Color","","Cantidad",",00","Antes","USD","Ahora","IVA inc.","%","https://www.infinit.com.uy/imgs/productos/productos1_39826.jpg"
"1778257364-229","https://www.infinit.com.uy/catalogo/hardware/infinit/","PRV-MOT195","269","Socket AMD Ryzen AM5 DDR5","Mother Asrock B850 Pro-A AM5 WiFi","","","","ASROCK","Cód.",",90","","","Comprar","0","USD","","","En stock","En stock","","","Cantidad",",00","Antes","USD","Precio","IVA inc.","","https://www.infinit.com.uy/imgs/productos/productos3_40819.jpg"
"1778257364-230","https://www.infinit.com.uy/catalogo/hardware/infinit/","PRV-MOT177","269","Socket AMD Ryzen AM5. DDR5. RGB","Motherboard ASROCK B850 Steel Legend AM5 Wi-Fi 7","","","","ASROCK","Cód.",",90","","","Comprar","0","USD","","","En stock","En stock","","","Cantidad",",00","Antes","USD","Precio","IVA inc.","","https://www.infinit.com.uy/imgs/productos/productos3_40671.jpg"
"1778257364-231","https://www.infinit.com.uy/catalogo/hardware/infinit/","BFXGW19","271","Garantía: 1 AÑO / NUEVO","Gabinete CORSAIR AIR 5400 RS-R ARGB Blanco CC-9011319-WW","","BLANCO","","CORSAIR","Cód.",",00","","","Comprar","0","USD","","","En stock","En stock","Color","","Cantidad",",00","Antes","USD","Precio","IVA inc.","","https://www.infinit.com.uy/imgs/productos/productos3_39835.jpg"
"1778257364-232","https://www.infinit.com.uy/catalogo/hardware/infinit/","PRV-MOT171","273","Socket AMD Ryzen AM5. DDR5. RGB","Motherboard ASROCK B650 PG Lightning AM5","","","","ASROCK","Cód.",",10","","","Comprar","0","USD","","","En stock","En stock","","","Cantidad",",00","Antes","USD","Precio","IVA inc.","","https://www.infinit.com.uy/imgs/productos/productos3_40701.jpg"
"1778257364-233","https://www.infinit.com.uy/catalogo/hardware/infinit/","DSALEG1TB","280","Garantía: 3 AÑOS / NUEVO","Ssd Solido Nvme 1Tb ADATA Legend 710 Pcie Gen3 x4 2280","","","","ADATA","Cód.",",00","","","Comprar","90","USD","","","En stock","En stock","","","Cantidad",",00","Antes","USD","Ahora","IVA inc.","","https://www.infinit.com.uy/imgs/productos/productos3_35997.jpg"
"1778257364-234","https://www.infinit.com.uy/catalogo/hardware/infinit/","PRV-MOT202","282","Socket 1851 Intel Ultra. DDR5. RGB","Motherboard ASROCK B860 LiveMixer LGA 1851 WiFi 6","","","","ASROCK","Cód.",",10","","","Comprar","0","USD","","","En stock","En stock","","","Cantidad",",00","Antes","USD","Precio","IVA inc.","","https://www.infinit.com.uy/imgs/productos/productos3_40831.jpg"
"1778257364-235","https://www.infinit.com.uy/catalogo/hardware/infinit/","DH100KNG67","285","Garantía: 3 AÑOS / NUEVO","Solido Ssd Nvme M.2 KINGSTON NV3 1Tb 2280 PCIe Gen 4.0 Para Notebooks y PCs","","","","KINGSTON","Cód.",",00","","","Comprar","282","USD","","","En stock","En stock","","","Cantidad",",00","Antes","USD","Ahora","IVA inc.","","https://www.infinit.com.uy/imgs/productos/productos3_35662.jpg"
"1778257364-236","https://www.infinit.com.uy/catalogo/hardware/infinit/","BFXP6GRE","285","Garantía: 1 AÑO / NUEVO","Gabinete THERMALTAKE CORE P6 TG Racing Green USB-C 3.2 Vidrio Templado CA-1V2-00MCWN-00","","VERDE","","THERMALTAKE","Cód.",",00","","","Comprar","0","USD","","","En stock","En stock","Color","","Cantidad",",00","Antes","USD","Precio","IVA inc.","","https://www.infinit.com.uy/imgs/productos/productos3_36897.jpg"
"1778257364-237","https://www.infinit.com.uy/catalogo/hardware/infinit/","BFX1V2","285","Garantía: 1 AÑO / NUEVO","Gabinete THERMALTAKE CORE P6 TG USB-C 3.2 Vidrio Templado CA-1V2-00M6WN-00","","BLANCO","","THERMALTAKE","Cód.",",00","","","Comprar","0","USD","","","En stock","En stock","Color","","Cantidad",",00","Antes","USD","Precio","IVA inc.","","https://www.infinit.com.uy/imgs/productos/productos3_36885.jpg"
"1778257364-238","https://www.infinit.com.uy/catalogo/hardware/infinit/","BFX1V2P6","285","Garantía: 1 AÑO / NUEVO","Gabinete THERMALTAKE CORE P6 TG USB-C 3.2 Vidrio Templado CA-1V2-00M1WN-00","","NEGRO","","THERMALTAKE","Cód.",",00","","","Comprar","0","USD","","","En stock","En stock","Color","","Cantidad",",00","Antes","USD","Precio","IVA inc.","","https://www.infinit.com.uy/imgs/productos/productos3_36879.jpg"
"1778257364-239","https://www.infinit.com.uy/catalogo/hardware/infinit/","DIS402","285","Garantía: 3 AÑOS / NUEVO","Solido Ssd Nvme M.2 1Tb LEXAR NQ100 NM610PRO 2280 PCIe Gen 3.0 x4 Para Notebooks y Pcs","","","","LEXAR","Cód.",",00","","","Comprar","0","USD","","","En stock","En stock","","","Cantidad",",00","Antes","USD","Precio","IVA inc.","","https://www.infinit.com.uy/imgs/productos/productos3_40972.jpg"
"1778257364-240","https://www.infinit.com.uy/catalogo/hardware/infinit/","CAR75700B","287","Garantía: 3 AÑOS / NUEVO","Procesador CPU AMD Ryzen 7 5700G Octa Core De 3.8 Hasta 4.6Ghz Video Amd Radeon Graphics","-1%","","1","AMD","Cód.",",00","","","Comprar","290","USD","","","En stock","En stock","","","Cantidad",",00","Antes","USD","Ahora","IVA inc.","%","https://www.infinit.com.uy/imgs/productos/productos3_17914.jpg"
"1778257444-241","https://www.infinit.com.uy/catalogo/hardware/infinit/","2554","","6 MESES DE GARANTIA / EXTRAIDOS DE EQUIPOS","DISCO DURO 250GB 2.5 SATA OEM MARCAS VARIAS 5400RPM","","","","","Cód.","","2.5""","Consultar","","","","","","Agotado","Agotado","Medida","","","","","","","","","https://www.infinit.com.uy/imgs/productos/productos3_12635.jpg"
"1778257444-242","https://www.infinit.com.uy/catalogo/hardware/infinit/","PRV-MOT211","","Socket AMD Ryzen AM4","Motherboard ASUS TUF Gaming B550M-Plus WiFi II AM4","","","","ASUS","Cód.","","","Consultar","","","","Nuevo","","En stock","En stock","","","","","","","","","","https://www.infinit.com.uy/imgs/productos/productos3_41422.png"
"1778257444-243","https://www.infinit.com.uy/catalogo/hardware/infinit/","GRA100","1","Garantía: FUNCIONAL / NUEVO","Pasta Termica Grasa Siliconada 1grs","","","","","Cód.",",00","","","Comprar","0","USD","","","En stock","En stock","","","Cantidad",",00","Antes","USD","Precio","IVA inc.","","https://www.infinit.com.uy/imgs/productos/productos3_25761.jpg"
"1778257444-244","https://www.infinit.com.uy/catalogo/hardware/infinit/","821","5","1 AÑOS DE GARANTÍA / EXTRAIDAS DE EQUIPOS","Memoria Ram Sodimm 1Gb Ddr3 1333Mhz Generica Para Notebook Varias Marcas","-38%","","38","GENERICO","Cód.",",00","","","Comprar","8","USD","","","En stock","En stock","","","Cantidad",",00","Antes","USD","Ahora","IVA inc.","%","https://www.infinit.com.uy/imgs/productos/productos3_8590.jpg"
"1778257444-245","https://www.infinit.com.uy/catalogo/hardware/infinit/","PRV-COO60","5","1 Año de Garantía","Cooler DEEPCOOL CK-11509 Para Intel","","","","DEEPCOOL","Cód.",",80","","","Comprar","0","USD","","","En stock","En stock","","","Cantidad",",00","Antes","USD","Precio","IVA inc.","","https://www.infinit.com.uy/imgs/productos/productos3_37686.jpg"
"1778257444-246","https://www.infinit.com.uy/catalogo/hardware/infinit/","822","8","","Memoria RAM SodimmI 4Gb Ddr3 1600Mhz para Notebooks Varias Marcas","-47%","","47","","Cód.",",00","","Consultar","","15","USD","","","Agotado","Agotado","","","",",00","Antes","USD","Ahora","IVA inc.","%","https://www.infinit.com.uy/imgs/productos/productos3_38290.jpg"
"1778257444-247","https://www.infinit.com.uy/catalogo/hardware/infinit/","SHOTRGBCOOLING","10","Garantía: FUNCIONAL / NUEVO","Fan Cooler Shot Gaming 120mm Led Rgb Para Gabinete","-17%","NEGRO","17","SHOT GAMING","Cód.",",00","","Consultar","","12","USD","","","Agotado","Agotado","Color","","",",00","Antes","USD","Ahora","IVA inc.","%","https://www.infinit.com.uy/imgs/productos/productos3_27292.jpg"
"1778257444-248","https://www.infinit.com.uy/catalogo/hardware/infinit/","586","481","Garantía: 1 AÑO / NUEVO","Ventilador Raidmax 140mm Led Azul Cobra Fan Cooler","-15%","AZUL","15","RAIDMAX","Cód.","","140MM","","Comprar","565","$U","","Destacado","En stock","En stock","Medida","Color","Cantidad",",60","Antes","$U","Ahora","IVA inc.","%","https://www.infinit.com.uy/imgs/productos/productos3_8491.jpg"
"1778257444-249","https://www.infinit.com.uy/catalogo/hardware/infinit/","COO07","15","Garantía: 1 AÑO / NUEVO","Fan Cooler Cpu DEEPCOOL ICE Edge Mini Fs v2.0 Intel y Amd","","AZUL","","DEEPCOOL","Cód.",",00","","","Comprar","15","USD","","","En stock","En stock","Color","","Cantidad",",00","Antes","USD","Precio","IVA inc.","","https://www.infinit.com.uy/imgs/productos/productos3_11159.jpg"
"1778257444-250","https://www.infinit.com.uy/catalogo/hardware/infinit/","4044951028924","16","Garantía: 1 AÑO / NUEVO","Fan Cooler Ventilador Sharkoon Shark Light Rgb 120mm 20 Leds","-11%","NEGRO","11","SHARKOON","Cód.",",00","120MM","","Comprar","18","USD","","Destacado","En stock","En stock","Medida","Color","Cantidad",",00","Antes","USD","Ahora","IVA inc.","%","https://www.infinit.com.uy/imgs/productos/productos3_11772.jpg"
"1778257444-251","https://www.infinit.com.uy/catalogo/hardware/infinit/","FCPS500","17","GARANTIA FUNCIONAL / NUEVO","Fuente de Poder COMSTAR 500w Atx Generica Sata Molex Para Pc","-61%","","61","GENERICO","Cód.",",00","","","Comprar","44","USD","","","En stock","En stock","","","Cantidad",",00","Antes","USD","Ahora","IVA inc.","%","https://www.infinit.com.uy/imgs/productos/productos3_8735.jpg"
"1778257444-252","https://www.infinit.com.uy/catalogo/hardware/infinit/","MEM368","17","Garantía: 1 AÑO / NUEVO","Memoria Ram Sodimm HIKSEMI 4Gb Ddr3 1600Mhz","-15%","NEGRO","15","HIKSEMI","Cód.",",00","","","Comprar","20","USD","","","En stock","En stock","Color","","Cantidad",",00","Antes","USD","Ahora","IVA inc.","%","https://www.infinit.com.uy/imgs/productos/productos3_38287.jpg"
"1778257444-253","https://www.infinit.com.uy/catalogo/hardware/infinit/","BFXTG50","21","Garantía: FUNCIONAL / NUEVO","Pasta Termica Grasa Siliconada THERMALTAKE Tg-50 4grs Cl-O024-grosgm-a","","GRIS","","THERMALTAKE","Cód.",",00","","","Comprar","0","USD","","","En stock","En stock","Color","","Cantidad",",00","Antes","USD","Precio","IVA inc.","","https://www.infinit.com.uy/imgs/productos/productos3_30105.jpg"
"1778257444-254","https://www.infinit.com.uy/catalogo/hardware/infinit/","12306","30","Garantía: 1 AÑO / NUEVO","Memoria RAM Sodimm 4Gb Ddr4 3200Mhz Para Notebook Laptop Netbook","-14%","","14","OEM","Cód.",",00","","","Comprar","35","USD","","","En stock","En stock","","","Cantidad",",00","Antes","USD","Ahora","IVA inc.","%","https://www.infinit.com.uy/imgs/productos/productos3_21175.jpg"
"1778257444-255","https://www.infinit.com.uy/catalogo/hardware/infinit/","PRV-FAN75","30","1 Año de Garantía","Fan Cooler DEEPCOOL FC120 Argb Para Gabinetes","","","","DEEPCOOL","Cód.",",04","","","Comprar","0","USD","","","En stock","En stock","","","Cantidad",",00","Antes","USD","Precio","IVA inc.","","https://www.infinit.com.uy/imgs/productos/productos3_37724.jpg"
"1778257444-256","https://www.infinit.com.uy/catalogo/hardware/infinit/","PRV-FAN104","31","Compacto, silencioso e intuitivo","Cooler Disipador Cpu BE QUIET! Pure Rock Slim 3","","","","BE QUIET!","Cód.",",70","","","Comprar","0","USD","Nuevo","","En stock","En stock","","","Cantidad",",00","Antes","USD","Precio","IVA inc.","","https://www.infinit.com.uy/imgs/productos/productos3_41219.jpg"
"1778257444-257","https://www.infinit.com.uy/catalogo/hardware/infinit/","11220","37","Garantía: 1 AÑO / NEW PULL","Solido M.2 128GB Sk Hynix 2280 Sata 6.0 Gb/s","","VERDE","","VARIAS MARCAS","Cód.",",00","","Consultar","","16","USD","","","Agotado","Agotado","Color","","",",00","Antes","USD","Ahora","IVA inc.","","https://www.infinit.com.uy/imgs/productos/productos3_17170.jpg"
"1778257444-258","https://www.infinit.com.uy/catalogo/hardware/infinit/","COO99","39","Garantía: 1 AÑO / NUEVO","Cooler Disipador Cpu DEEPCOOL Gammaxx Ag400WH Argb Socket Lga1700 y Am5","-3%","BLANCO","3","DEEPCOOL","Cód.","","120MM","","Comprar","40","USD","","","En stock","En stock","Medida","Color","Cantidad","","Antes","USD","Ahora","IVA inc.","%","https://www.infinit.com.uy/imgs/productos/productos3_27975.jpg"
"1778257444-259","https://www.infinit.com.uy/catalogo/hardware/infinit/","SHOTSUP8012","39","Garantía: 6 MESES / NUEVO","Gabinete Gamer SHOT GAMING 8012 Atx Con Frente y Lateral De Vidrio Templado","-9%","NEGRO","9","SHOT GAMING","Cód.",",00","","","Comprar","43","USD","","","En stock","En stock","Color","","Cantidad",",00","Antes","USD","Ahora","IVA inc.","%","https://www.infinit.com.uy/imgs/productos/productos3_27245.jpg"
"1778257444-260","https://www.infinit.com.uy/catalogo/hardware/infinit/","H110LGA1151","40","Garantía: 6 MESES / RECERTIFICADO","Motherboard Foxconn SuperMicro X9SCL-F Socket LGA 1155/1151","-52%","","52","FOXCONN","Cód.",",00","","","Comprar","83","USD","","","En stock","En stock","","","Cantidad",",00","Antes","USD","Ahora","IVA inc.","%","https://www.infinit.com.uy/imgs/productos/productos3_31281.jpg"
"1778257444-261","https://www.infinit.com.uy/catalogo/hardware/infinit/","SHOTSUP8192","42","Garantía: 5 DIAS / NUEVO","Gabinete Gamer Shot Gaming 8192 Rgb Atx Con Lateral De Vidrio Templado","","NEGRO","","SHOT GAMING","Cód.",",00","","","Comprar","0","USD","","","En stock","En stock","Color","","Cantidad",",00","Antes","USD","Precio","IVA inc.","","https://www.infinit.com.uy/imgs/productos/productos3_29436.jpg"
"1778257444-262","https://www.infinit.com.uy/catalogo/hardware/infinit/","PRV-FAN105","42","Super compacto. Alto rendimiento","Cooler Disipador Cpu BE QUIET! Pure Rock 3","","","","BE QUIET!","Cód.",",90","","","Comprar","0","USD","Nuevo","","En stock","En stock","","","Cantidad",",00","Antes","USD","Precio","IVA inc.","","https://www.infinit.com.uy/imgs/productos/productos3_41222.jpg"
"1778257444-263","https://www.infinit.com.uy/catalogo/hardware/infinit/","SHOT801080A","43","Garantía: 6 MESES / NUEVO","Gabinete Gamer Shot Gaming 8010-80A Rgb Atx Con Lateral De Vidrio Templado","","","","SHOT GAMING","Cód.",",00","","","Comprar","0","USD","","","En stock","En stock","","","Cantidad",",00","Antes","USD","Precio","IVA inc.","","https://www.infinit.com.uy/imgs/productos/productos3_39990.jpg"
"1778257444-264","https://www.infinit.com.uy/catalogo/hardware/infinit/","SHOTSUP8335","44","Garantía: 6 MESES / NUEVO","Gabinete Gamer Shot Gaming 8335 Rgb Atx Con Lateral De Vidrio Templado","","BLANCO","","SHOT GAMING","Cód.",",00","","","Comprar","44","USD","","","En stock","En stock","Color","","Cantidad",",00","Antes","USD","Precio","IVA inc.","","https://www.infinit.com.uy/imgs/productos/productos3_27268.jpg"
"1778257444-265","https://www.infinit.com.uy/catalogo/hardware/infinit/","BFXMX90","44","Garantía: 1 AÑO / NUEVO","Disipador CPU ALSEYE M90 RGB Ventiladores 92mm Para Intel y Amd","","NEGRO","","ALSEYE","Cód.",",00","","","Comprar","0","USD","","","En stock","En stock","Color","","Cantidad",",00","Antes","USD","Precio","IVA inc.","","https://www.infinit.com.uy/imgs/productos/productos3_40568.jpg"
"1778257444-266","https://www.infinit.com.uy/catalogo/hardware/infinit/","PRV-FUE134","45","Fuente / 1 Año de Garantía","Fuente De Poder DEEPCOOL 450W 80 Plus White PF450D-HA","","","","DEEPCOOL","Cód.",",10","","","Comprar","0","USD","","","En stock","En stock","","","Cantidad",",00","Antes","USD","Precio","IVA inc.","","https://www.infinit.com.uy/imgs/productos/productos3_37459.jpg"
"1778257444-267","https://www.infinit.com.uy/catalogo/hardware/infinit/","FP50080PB","48","Garantía: 3 AÑOS / NUEVO","Fuente de Poder PERSEO 500w 80 Plus Bronce Para Pc","-8%","","8","PERSEO","Cód.",",00","","Consultar","","52","USD","","","Agotado","Agotado","","","",",00","Antes","USD","Ahora","IVA inc.","%","https://www.infinit.com.uy/imgs/productos/productos3_10807.jpg"
"1778257444-268","https://www.infinit.com.uy/catalogo/hardware/infinit/","TAR198","48","Garantía: 1 AÑO / NUEVO","Tarjeta De Video BIOSTAR G210 1Gb Ddr3 Nvidia GeForce Vga Hdmi Dvi","-17%","","17","BIOSTAR","Cód.",",00","","","Comprar","58","USD","","","En stock","En stock","","","Cantidad",",00","Antes","USD","Ahora","IVA inc.","%","https://www.infinit.com.uy/imgs/productos/productos3_21709.jpg"
"1778257444-269","https://www.infinit.com.uy/catalogo/hardware/infinit/","PRV-FAN106","48","Super compacto. Alto rendimiento","Cooler Disipador Cpu BE QUIET! Pure Rock 3 LX","","","","BE QUIET!","Cód.",",00","","","Comprar","0","USD","Nuevo","","En stock","En stock","","","Cantidad",",00","Antes","USD","Precio","IVA inc.","","https://www.infinit.com.uy/imgs/productos/productos3_41225.jpg"
"1778257444-270","https://www.infinit.com.uy/catalogo/hardware/infinit/","GAB151","49","Garantía: FUNCIONAL / NUEVO","Gabinete Gamer X-LIZZARD XZZ-GC-01 Argb 3 Fanes 120mm Argb Frente y Lateral Vidrio Templado","-16%","NEGRO","16","X-LIZZARD","Cód.",",00","","","Comprar","58","USD","","","En stock","En stock","Color","","Cantidad",",00","Antes","USD","Ahora","IVA inc.","%","https://www.infinit.com.uy/imgs/productos/productos3_8418.jpg"
"1778257444-271","https://www.infinit.com.uy/catalogo/hardware/infinit/","SHOTFA3148","49","Garantía: 6 MESES / NUEVO","Gabinete Gamer Shot Gaming FA3148 Rgb Atx Con Frontal de Acrilico","","NEGRO","","SHOT GAMING","Cód.",",00","","","Comprar","0","USD","","","En stock","En stock","Color","","Cantidad",",00","Antes","USD","Precio","IVA inc.","","https://www.infinit.com.uy/imgs/productos/productos3_37355.jpg"
"1778257444-272","https://www.infinit.com.uy/catalogo/hardware/infinit/","GCOCCCSHEXI5","50","Garantía: FUNCIONAL / NUEVO","Combo Gabinete COMSTAR GCOCS-CCSHEXIH con fuente de poder 550W Mid Tower Teclado Mouse y Parlantes","-6%","NEGRO","6","COMSTAR","Cód.",",00","","","Comprar","53","USD","","","En stock","En stock","Color","","Cantidad",",00","Antes","USD","Ahora","IVA inc.","%","https://www.infinit.com.uy/imgs/productos/productos3_36121.jpg"
"1778257444-33","https://www.infinit.com.uy/catalogo/hardware/infinit/","BFXCSG","50","Garantía: FUNCIONAL / NUEVO","Gabinete SPARTAN 173G22 Combo Fuente 600W Teclado y Mouse Atx","","","","","Cód.",",00","","","Comprar","0","USD","","","En stock","En stock","","","Cantidad",",00","Antes","USD","Precio","IVA inc.","","https://www.infinit.com.uy/imgs/productos/productos3_40848.jpg"
"1778257444-34","https://www.infinit.com.uy/catalogo/hardware/infinit/","I01456","51","Garantía: 1 AÑO / NUEVO","Gabinete Gamer Gravity Rg08 Rgb Frontal Atx Lateral De Vidrio Templado + 1 Fan Rgb 120mm","-9%","BLANCO","9","GRAVITY","Cód.",",00","","","Comprar","56","USD","","Destacado","En stock","En stock","NEGRO","","Cantidad",",00","Antes","USD","Ahora","IVA inc.","%","https://www.infinit.com.uy/imgs/productos/productos3_29682.jpg"
"1778257444-35","https://www.infinit.com.uy/catalogo/hardware/infinit/","FP55080PB","51","Garantía: 3 AÑOS / NUEVO","Fuente De Poder PERSEO 550w 80 Plus Bronce","-2%","NEGRO","2","PERSEO","Cód.",",00","","","Comprar","52","USD","","","En stock","En stock","Color","","Cantidad",",00","Antes","USD","Ahora","IVA inc.","%","https://www.infinit.com.uy/imgs/productos/productos3_36323.jpg"
"1778257444-36","https://www.infinit.com.uy/catalogo/hardware/infinit/","PRV-COO124","51","LED RGB direccionable.","Cooler DEEPCOOL AG400 Digital Blanco Argb Para Intel y AMD","","","","DEEPCOOL","Cód.",",40","","","Comprar","0","USD","","","En stock","En stock","","","Cantidad",",00","Antes","USD","Precio","IVA inc.","","https://www.infinit.com.uy/imgs/productos/productos3_37717.jpg"
"1778257444-37","https://www.infinit.com.uy/catalogo/hardware/infinit/","FP60080PB","53","Garantía: 3 AÑOS / NUEVO","Fuente De Poder PERSEO 600w Cert 80 Plus Bronce","-5%","NEGRO","5","PERSEO","Cód.",",00","","","Comprar","56","USD","","","En stock","En stock","Color","","Cantidad",",00","Antes","USD","Ahora","IVA inc.","%","https://www.infinit.com.uy/imgs/productos/productos3_8513.jpg"
"1778257444-38","https://www.infinit.com.uy/catalogo/hardware/infinit/","BFXNEM08","55","Garantía: 3 AÑOS / NUEVO","Memoria RAM Sodimm NETAC 8Gb Ddr3 1600Mhz","","","","NETAC","Cód.",",00","","","Comprar","28","USD","","","En stock","En stock","","","Cantidad",",00","Antes","USD","Ahora","IVA inc.","","https://www.infinit.com.uy/imgs/productos/productos3_26620.jpg"
"1778257444-39","https://www.infinit.com.uy/catalogo/hardware/infinit/","BFXNEM04","55","Garantía: 3 AÑOS / NUEVO","Memoria RAM NETAC 8Gb Ddr3 1600Mhz Basic 1.5v","","VERDE","","NETAC","Cód.",",00","","","Comprar","43","USD","","","En stock","En stock","Color","","Cantidad",",00","Antes","USD","Ahora","IVA inc.","","https://www.infinit.com.uy/imgs/productos/productos3_27551.jpg"
"1778257444-40","https://www.infinit.com.uy/catalogo/hardware/infinit/","PRV-FAN107","55","Super compacto. Alto rendimiento","Cooler Disipador Cpu BE QUIET! Pure Rock Pro 3","","","","BE QUIET!","Cód.",",10","","","Comprar","0","USD","Nuevo","","En stock","En stock","","","Cantidad",",00","Antes","USD","Precio","IVA inc.","","https://www.infinit.com.uy/imgs/productos/productos3_41228.jpg"
"1778257444-41","https://www.infinit.com.uy/catalogo/hardware/infinit/","CCF50ARGB","58","Garantía: 1 AÑO / NUEVO","Disipador Cpu COUGAR Forza 50 Argb 120mm Para Intel y Amd","-5%","NEGRO","5","COUGAR","Cód.",",00","","","Comprar","61","USD","","","En stock","En stock","Color","","Cantidad",",00","Antes","USD","Ahora","IVA inc.","%","https://www.infinit.com.uy/imgs/productos/productos3_31521.jpg"
"1778257444-42","https://www.infinit.com.uy/catalogo/hardware/infinit/","FP65080PB","58","Garantía: 3 AÑOS / NUEVO","Fuente De Poder PERSEO 650w 80 Plus Bronce","-9%","","9","PERSEO","Cód.",",00","","","Comprar","64","USD","","","En stock","En stock","","","Cantidad",",00","Antes","USD","Ahora","IVA inc.","%","https://www.infinit.com.uy/imgs/productos/productos3_35359.jpg"
"1778257444-43","https://www.infinit.com.uy/catalogo/hardware/infinit/","BFXS82X","58","Garantía: 1 AÑO / NUEVO","Gabinete Gamer XYZ MAVERICK MESH + 6 Fanes 120mm ARGB Usb y Audio Frontal Negro","","NEGRO","","XYZ","Cód.",",00","","","Comprar","0","USD","","","En stock","En stock","Color","","Cantidad",",00","Antes","USD","Precio","IVA inc.","","https://www.infinit.com.uy/imgs/productos/productos3_40506.jpg"
"1778257444-44","https://www.infinit.com.uy/catalogo/hardware/infinit/","FCXTC55080PW","59","Garantía: 2 AÑOS / NUEVO","Fuente De Poder COUGAR XTC 550w ARGB 80 Plus White Atx","","NEGRO","","COUGAR","Cód.",",00","","","Comprar","58","USD","","","En stock","En stock","Color","","Cantidad",",00","Antes","USD","Ahora","IVA inc.","","https://www.infinit.com.uy/imgs/productos/productos3_29179.jpg"
"1778257444-45","https://www.infinit.com.uy/catalogo/hardware/infinit/","210011","59","Garantía: 1 AÑO / NUEVO","Fuente De Poder AEROCOOL CYLON RGB 500w 80P White","","","","AEROCOOL","Cód.",",00","","","Comprar","0","USD","","","En stock","En stock","","","Cantidad",",00","Antes","USD","Precio","IVA inc.","","https://www.infinit.com.uy/imgs/productos/productos3_36131.jpg"
"1778257444-46","https://www.infinit.com.uy/catalogo/hardware/infinit/","PSAZ650W","61","Garantía: 1 AÑO / NUEVO","Fuente De Poder AZZA PSAZ-650W 650w Certificado 80 Plus Bronce","-3%","","3","AZZA","Cód.",",00","","","Comprar","63","USD","","","En stock","En stock","","","Cantidad",",00","Antes","USD","Ahora","IVA inc.","%","https://www.infinit.com.uy/imgs/productos/productos3_35709.jpg"
"1778257444-47","https://www.infinit.com.uy/catalogo/hardware/infinit/","BFXSA961","61","Garantía: 1 AÑO / NUEVO","Gabinete Gamer XYZ 300-X MESH + 6 Fanes 120mm ARGB Usb y Audio Frontal Negro","-8%","NEGRO","8","XYZ","Cód.",",00","","","Comprar","66","USD","","","En stock","En stock","Color","","Cantidad",",00","Antes","USD","Ahora","IVA inc.","%","https://www.infinit.com.uy/imgs/productos/productos3_40511.jpg"
"1778257444-48","https://www.infinit.com.uy/catalogo/hardware/infinit/","GCPURITRGBBK","63","Garantía: 1 AÑO / NUEVO","Gabinete COUGAR Purity Rgb Mini Tower 1 Fan Argb Vidrio Templado Lateral","","NEGRO","","COUGAR","Cód.",",00","","","Comprar","63","USD","","","En stock","En stock","Color","","Cantidad",",00","Antes","USD","Precio","IVA inc.","","https://www.infinit.com.uy/imgs/productos/productos3_23742.jpg"
"1778257444-49","https://www.infinit.com.uy/catalogo/hardware/infinit/","COO97","63","Garantía: 1 AÑO / NUEVO","Water Cooler Liquida Cpu DEEPCOOL LE300 Rgb Inte S1700 Amd AM5","","NEGRO","","DEEPCOOL","Cód.",",00","","","Comprar","0","USD","","","En stock","En stock","Color","","Cantidad",",00","Antes","USD","Precio","IVA inc.","","https://www.infinit.com.uy/imgs/productos/productos3_33163.jpg"
"1778257444-50","https://www.infinit.com.uy/catalogo/hardware/infinit/","PRV-FAN76","66","1 Año de Garantía","Fan Cooler DEEPCOOL FC120 ARGB Blanco 3 en 1 Para Gabinetes","","","","DEEPCOOL","Cód.",",49","","","Comprar","0","USD","","","En stock","En stock","","","Cantidad",",00","Antes","USD","Precio","IVA inc.","","https://www.infinit.com.uy/imgs/productos/productos3_37726.jpg"
"1778257444-51","https://www.infinit.com.uy/catalogo/hardware/infinit/","PRV-FAN73","66","1 Año de Garantía","Fan Cooler DEEPCOOL FC120 ARGB Negro 3 en 1 para Gabinetes","","","","DEEPCOOL","Cód.",",50","","","Comprar","0","USD","","","En stock","En stock","","","Cantidad",",00","Antes","USD","Precio","IVA inc.","","https://www.infinit.com.uy/imgs/productos/productos3_37690.jpg"
"1778257444-52","https://www.infinit.com.uy/catalogo/hardware/infinit/","BFXSSF18","67","Garantía: 3 AÑOS / NUEVO","Fuente De Poder SEASONIC 500w 80 Plus White A12 Ssr-500ra","-1%","NEGRO","1","SEASONIC","Cód.",",00","","","Comprar","68","USD","","","En stock","En stock","Color","","Cantidad",",00","Antes","USD","Ahora","IVA inc.","%","https://www.infinit.com.uy/imgs/productos/productos3_12186.jpg"
"1778257444-53","https://www.infinit.com.uy/catalogo/hardware/infinit/","FCATLAS550","67","Garantía: 2 AÑOS / NUEVO","Fuente De Poder COUGAR Atlas 550 550w 80 Plus Bronce","-1%","NEGRO","1","COUGAR","Cód.",",00","","","Comprar","68","USD","","","En stock","En stock","Color","","Cantidad",",00","Antes","USD","Ahora","IVA inc.","%","https://www.infinit.com.uy/imgs/productos/productos3_35349.jpg"
"1778257444-54","https://www.infinit.com.uy/catalogo/hardware/infinit/","KITSHOTSUP8012","68","Garantía: 6 MESES / NUEVO","Gabinete Gamer Shot Gaming 8012 + 3 Fanes Rgb 120mm Atx Con Frente y Lateral De Vidrio Templado","-3%","NEGRO","3","SHOT GAMING","Cód.",",00","","","Comprar","70","USD","","","En stock","En stock","Color","","Cantidad",",00","Antes","USD","Ahora","IVA inc.","%","https://www.infinit.com.uy/imgs/productos/productos3_29294.jpg"
"1778257444-55","https://www.infinit.com.uy/catalogo/hardware/infinit/","BFXAIRO2G","68","Garantía: 1 AÑO / NUEVO","Gabinete Gamer XYZ AIRONE 200 GLASS + 5 Fanes 120mm ARGB Usb y Audio Frontal Negro y Blanco","","NEGRO/BLANCO","","XYZ","Cód.",",00","","","Comprar","0","USD","","","En stock","En stock","Color","","Cantidad",",00","Antes","USD","Precio","IVA inc.","","https://www.infinit.com.uy/imgs/productos/productos3_38984.jpg"
"1778257444-56","https://www.infinit.com.uy/catalogo/hardware/infinit/","KITSHOTSUP8013","71","Garantía: 6 MESES / NUEVO","Gabinete Gamer Shot Gaming 8013 Rgb Atx Con Lateral De Vidrio Templado + 3 Fanes Rgb 120mm","-9%","NEGRO","9","SHOT GAMING","Cód.",",00","","","Comprar","78","USD","","Destacado","En stock","En stock","Color","","Cantidad",",00","Antes","USD","Ahora","IVA inc.","%","https://www.infinit.com.uy/imgs/productos/productos3_27744.jpg"
"1778257444-57","https://www.infinit.com.uy/catalogo/hardware/infinit/","BFXSSF19","73","Garantía: 3 AÑOS / NUEVO","Fuente De Poder SEASONIC 600w 80 Plus White A12 Ssr-600ra","-1%","NEGRO","1","SEASONIC","Cód.",",00","","Consultar","","74","USD","","","Agotado","Agotado","Color","","",",00","Antes","USD","Ahora","IVA inc.","%","https://www.infinit.com.uy/imgs/productos/productos3_12179.jpg"
"1778257444-58","https://www.infinit.com.uy/catalogo/hardware/infinit/","BFXS84E","73","Garantía: 1 AÑO / NUEVO","Water Cooler Liquida CPU XYZ AQUAPULSE 240 Argb Socket Para Intel y AMD","","NEGRO","","XYZ","Cód.",",00","","","Comprar","0","USD","","","En stock","En stock","Color","","Cantidad",",00","Antes","USD","Precio","IVA inc.","","https://www.infinit.com.uy/imgs/productos/productos3_40550.jpg"
"1778257444-59","https://www.infinit.com.uy/catalogo/hardware/infinit/","BFXTTC105","74","Garantía: 1 AÑO / NUEVO","Disipador Cpu Thermaltake Toughair 510 Para Socket Amd Am4 Intel S1700","-4%","NEGRO","4","THERMALTAKE","Cód.",",00","120MM","","Comprar","77","USD","","","En stock","En stock","Medida","Color","Cantidad",",00","Antes","USD","Ahora","IVA inc.","%","https://www.infinit.com.uy/imgs/productos/productos3_21385.jpg"
"1778257444-60","https://www.infinit.com.uy/catalogo/hardware/infinit/","GCMX360RGB","75","Garantía: 1 AÑO / NUEVO","Gabinete Gamer COUGAR MX360 ARGB Mid Tower 1 Fan Argb Vidrio Templado Lateral","","NEGRO","","COUGAR","Cód.",",00","","","Comprar","0","USD","","","En stock","En stock","Color","","Cantidad",",00","Antes","USD","Precio","IVA inc.","","https://www.infinit.com.uy/imgs/productos/productos3_27583.jpg"
"1778257444-61","https://www.infinit.com.uy/catalogo/hardware/infinit/","PRV-COO142","75","1 Año de Garantía","Cooler DEEPCOOL AG620 Argb Blanco Para Intel y AMD","","","","DEEPCOOL","Cód.",",18","","","Comprar","0","USD","","","En stock","En stock","","","Cantidad",",00","Antes","USD","Precio","IVA inc.","","https://www.infinit.com.uy/imgs/productos/productos3_37722.jpg"
"1778257444-62","https://www.infinit.com.uy/catalogo/hardware/infinit/","PRV-FAN109","75","Super compacto. Alto rendimiento","Cooler Disipador Cpu BE QUIET! Pure Rock Pro 3 LX","","","","BE QUIET!","Cód.",",20","","","Comprar","0","USD","Nuevo","","En stock","En stock","","","Cantidad",",00","Antes","USD","Precio","IVA inc.","","https://www.infinit.com.uy/imgs/productos/productos3_41231.jpg"
"1778257444-63","https://www.infinit.com.uy/catalogo/hardware/infinit/","9117C96017","76","Garantía: 3 AÑOS / NUEVO","Motherboard MSI A520M-A Pro Series Socket Am4 Para Amd","-1%","","1","MSI","Cód.",",00","","","Comprar","77","USD","","","En stock","En stock","","","Cantidad",",00","Antes","USD","Ahora","IVA inc.","%","https://www.infinit.com.uy/imgs/productos/productos3_24098.jpg"
"1778257444-64","https://www.infinit.com.uy/catalogo/hardware/infinit/","FCATLAS600","76","Garantía: 1 AÑO / NUEVO","Fuente De Poder COUGAR Atlas 600w 80 Plus Bronce CGR BA-600","-1%","NEGRO","1","COUGAR","Cód.",",00","","","Comprar","77","USD","","","En stock","En stock","Color","","Cantidad",",00","Antes","USD","Ahora","IVA inc.","%","https://www.infinit.com.uy/imgs/productos/productos3_35785.jpg"
"1778257444-65","https://www.infinit.com.uy/catalogo/hardware/infinit/","BFXTESX5","77","Garantía: 1 AÑO / NUEVO","Gabinete Gamer XYZ TESSERACT X 50 + 6 Fanes 120mm ARGB Usb y Audio Frontal Negro","-1%","NEGRO","1","XYZ","Cód.",",00","","","Comprar","78","USD","","","En stock","En stock","Color","","Cantidad",",00","Antes","USD","Ahora","IVA inc.","%","https://www.infinit.com.uy/imgs/productos/productos3_38991.jpg"
"1778257444-66","https://www.infinit.com.uy/catalogo/hardware/infinit/","BFXCS8S","78","Garantía: 3 AÑOS / NUEVO","Memoria RAM CORSAIR Vengeance 8Gb Ddr4 3200Mhz CL22 Sodimm","-78%","NEGRO","78","CORSAIR","Cód.",",00","","","Comprar","353","USD","","","En stock","En stock","Color","","Cantidad",",00","Antes","USD","Ahora","IVA inc.","%","https://www.infinit.com.uy/imgs/productos/productos3_40040.jpg"
"1778257444-67","https://www.infinit.com.uy/catalogo/hardware/infinit/","4044951037544","80","Garantía: 1 AÑO / NUEVO","Gabinete Gamer Sharkoon Rgb Wave 4 Fanes 120mm 4 Puertos Vidrio Templado","-6%","NEGRO","6","SHARKOON","Cód.",",00","","","Comprar","85","USD","","Destacado","En stock","En stock","Color","","Cantidad",",00","Antes","USD","Ahora","IVA inc.","%","https://www.infinit.com.uy/imgs/productos/productos3_25989.jpg"
"1778257444-68","https://www.infinit.com.uy/catalogo/hardware/infinit/","21261","80","Garantía: 1 AÑO / NUEVO","Fuente De Poder AEROCOOL 800w 80 Plus Bronce KCAS-800W","","","","AEROCOOL","Cód.",",00","","","Comprar","0","USD","","","En stock","En stock","","","Cantidad",",00","Antes","USD","Precio","IVA inc.","","https://www.infinit.com.uy/imgs/productos/productos3_40398.jpg"
"1778257444-69","https://www.infinit.com.uy/catalogo/hardware/infinit/","BFXSSR5","82","Garantía: 1 AÑO / NUEVO","Gabinete Gamer XYZ TESSERACT X 50 + 6 Fanes 120mm ARGB Usb y Audio Frontal Blanco","-1%","BLANCO","1","XYZ","Cód.",",00","","","Comprar","83","USD","","","En stock","En stock","Color","","Cantidad",",00","Antes","USD","Ahora","IVA inc.","%","https://www.infinit.com.uy/imgs/productos/productos3_40499.jpg"
"1778257444-70","https://www.infinit.com.uy/catalogo/hardware/infinit/","BFXBE24","83","Garantía: 3 AÑOS / NUEVO","Ssd PATRIOT Burst Elite 240Gb 2.5 Sata3 6 Gbps","","NEGRO","","PATRIOT","Cód.",",00","2.5""","","Comprar","29","USD","","","En stock","En stock","Medida","Color","Cantidad",",00","Antes","USD","Ahora","IVA inc.","","https://www.infinit.com.uy/imgs/productos/productos3_15214.jpg"
"1778257444-71","https://www.infinit.com.uy/catalogo/hardware/infinit/","GB0214","83","Garantía: 3 AÑOS / NUEVO","Motherboard GIGABYTE A520M K V2 Hdmi Vga Socket Am4 Ddr4","-12%","","12","GIGABYTE","Cód.",",00","","","Comprar","94","USD","","","En stock","En stock","","","Cantidad",",00","Antes","USD","Ahora","IVA inc.","%","https://www.infinit.com.uy/productos/imgs/a520m-k-v2-27570-3.jpg"
"1778257444-72","https://www.infinit.com.uy/catalogo/hardware/infinit/","PRV-FAN114","83","Refrigeración suprema y silenciosa","Water Cooler Liquida BE QUIET! Pure Loop 3 240mm","","","","BE QUIET!","Cód.",",90","","","Comprar","0","USD","Nuevo","","En stock","En stock","","","Cantidad",",00","Antes","USD","Precio","IVA inc.","","https://www.infinit.com.uy/imgs/productos/productos3_41234.jpg"
"1778257444-73","https://www.infinit.com.uy/catalogo/hardware/infinit/","BFXSSP29","84","Garantía: 1 AÑO / NUEVO","Motherboard ASUS PRIME A520Mm-k Am4 Amd Ryzen Ddr4 Hdmi Vga Usb 3.2","-16%","NEGRO","16","ASUS","Cód.",",00","","","Comprar","100","USD","","","En stock","En stock","Color","","Cantidad",",00","Antes","USD","Ahora","IVA inc.","%","https://www.infinit.com.uy/imgs/productos/productos3_33526.jpg"
"1778257444-74","https://www.infinit.com.uy/catalogo/hardware/infinit/","16496","84","Garantía: 3 AÑOS / NUEVO","Memoria Ram Sodimm PATRIOT Signature 16Gb Ddr5 5600Mhz CL40","","","","PATRIOT","Cód.",",00","","Consultar","","0","USD","","","Agotado","Agotado","","","",",00","Antes","USD","Precio","IVA inc.","","https://www.infinit.com.uy/imgs/productos/productos3_38291.jpg"
"1778257444-75","https://www.infinit.com.uy/catalogo/hardware/infinit/","CP990AMD95","88","Garantía: 3 AÑOS DE GARANTIA / NUEVO","Procesador CPU AMD Ryzen 3 3200G Quad Core 3.6 Hasta 4.0Ghz Video Radeon Vega 7","","","","AMD","Cód.",",00","","Consultar","","86","USD","","","Agotado","Agotado","","","",",00","Antes","USD","Ahora","IVA inc.","","https://www.infinit.com.uy/imgs/productos/productos3_9264.jpg"
"1778257444-76","https://www.infinit.com.uy/catalogo/hardware/infinit/","NSX902M","88","Garantía: 1 AÑO / NUEVO","Gabinete Gamer NSX 902M + 4 Fanes Rgb 120mm + Fuente 650w 80P Bronce Lateral Vidrio Templado","-16%","","16","NSX","Cód.",",00","","","Comprar","105","USD","","","En stock","En stock","","","Cantidad",",00","Antes","USD","Ahora","IVA inc.","%","https://www.infinit.com.uy/imgs/productos/productos3_38322.jpg"
"1778257444-77","https://www.infinit.com.uy/catalogo/hardware/infinit/","PRV-COO117","89","1 Año de Garantía","Cooler Deepcool AG620 Digital Argb Blanco Para Intel y AMD","","","","DEEPCOOL","Cód.",",10","","","Comprar","0","USD","","","En stock","En stock","","","Cantidad",",00","Antes","USD","Precio","IVA inc.","","https://www.infinit.com.uy/imgs/productos/productos3_37708.jpg"
"1778257444-78","https://www.infinit.com.uy/catalogo/hardware/infinit/","GCA2MW","90","Garantía: 1 AÑO / NUEVO","Gabinete Cougar Archon 2 Mesh 3 Fanes Preinstalados Lateral De Vidrio Templado","","BLANCO","","COUGAR","Cód.",",00","","","Comprar","90","USD","","Destacado","En stock","En stock","Color","","Cantidad",",00","Antes","USD","Precio","IVA inc.","","https://www.infinit.com.uy/imgs/productos/productos3_24802.jpg"
"1778257444-79","https://www.infinit.com.uy/catalogo/hardware/infinit/","GCA2MB","90","Garantía: 1 AÑO / NUEVO","Gabinete COUGAR Archon 2 Mesh 3 Fanes Preinstalados Lateral De Vidrio Templado","","NEGRO","","COUGAR","Cód.",",00","","","Comprar","77","USD","","","En stock","En stock","Color","","Cantidad",",00","Antes","USD","Ahora","IVA inc.","","https://www.infinit.com.uy/imgs/productos/productos3_24807.jpg"
"1778257444-80","https://www.infinit.com.uy/catalogo/hardware/infinit/","WCCPE240W","90","Garantía: 1 AÑO / NUEVO","Water Cooler Liquida COUGAR 240 POSEIDON Elite Argb Socket Para Intel y AM5","-3%","BLANCO","3","COUGAR","Cód.",",00","","","Comprar","93","USD","","","En stock","En stock","Color","","Cantidad",",00","Antes","USD","Ahora","IVA inc.","%","https://www.infinit.com.uy/imgs/productos/productos3_30574.jpg"
"1778257444-81","https://www.infinit.com.uy/catalogo/hardware/infinit/","WCCPE240B","90","Garantía: 1 AÑO / NUEVO","Water Cooler Liquida COUGAR 240 Poseidon Elite Argb Socket Para Intel y AM5","-31%","","31","COUGAR","Cód.",",00","","","Comprar","130","USD","","","En stock","En stock","","","Cantidad",",00","Antes","USD","Ahora","IVA inc.","%","https://www.infinit.com.uy/imgs/productos/productos3_30577.jpg"
"1778257444-82","https://www.infinit.com.uy/catalogo/hardware/infinit/","420FW","91","Garantía: FUNCIONAL / NUEVO","Gabinete Gamer SHOT GAMING SUP-420W PRO RGB Con Lateral De Vidrio Templado Blanco","","BLANCO","","SHOT GAMING","Cód.",",00","","","Comprar","0","USD","","","En stock","En stock","Color","","Cantidad",",00","Antes","USD","Precio","IVA inc.","","https://www.infinit.com.uy/imgs/productos/productos3_40133.jpg"
"1778257444-83","https://www.infinit.com.uy/catalogo/hardware/infinit/","BFXS525","92","Garantía: 3 AÑOS / NUEVO","Solido Ssd NETAC 240Gb SA500 2.5 Sata3 6.0Gbps Para Notebooks y Pcs","","","","NETAC","Cód.",",00","2,5""","","Comprar","25","USD","","","En stock","En stock","Medida","","Cantidad",",00","Antes","USD","Ahora","IVA inc.","","https://www.infinit.com.uy/imgs/productos/productos3_25151.jpg"
"1778257444-84","https://www.infinit.com.uy/catalogo/hardware/infinit/","VCHUBRGBX3","93","Garantía: 1 AÑO / NUEVO","Kit 3 Fanes COUGAR VORTEX Rgb Spb 120 Pwm Hdb Cooling Kit Comptible Aura Fusion Msi y Polychrome Sync","-4%","NEGRO","4","COUGAR","Cód.",",00","120MM","","Comprar","97","USD","","","En stock","En stock","Medida","Color","Cantidad",",00","Antes","USD","Ahora","IVA inc.","%","https://www.infinit.com.uy/imgs/productos/productos3_31495.jpg"
"1778257444-85","https://www.infinit.com.uy/catalogo/hardware/infinit/","15187","93","Garantía: 1 AÑO / NUEVO","Motherboard ARKTEK AK-B450 EG Am4 Amd Ryzen Ddr4 Hdmi D-Sub DP Usb 3.0","","","","ARKTEK","Cód.",",00","","","Comprar","84","USD","","","En stock","En stock","","","Cantidad",",00","Antes","USD","Ahora","IVA inc.","","https://www.infinit.com.uy/imgs/productos/productos3_35509.jpg"
"1778257444-86","https://www.infinit.com.uy/catalogo/hardware/infinit/","PRV-COO114","93","1 Año de Garantía","Cooler DEEPCOOL AK500 Digital Blanco Para INtel y AMD","","","","DEEPCOOL","Cód.",",60","","","Comprar","0","USD","","","En stock","En stock","","","Cantidad",",00","Antes","USD","Precio","IVA inc.","","https://www.infinit.com.uy/imgs/productos/productos3_37705.jpg"
"1778257444-87","https://www.infinit.com.uy/catalogo/hardware/infinit/","MAH610MHVSM2","94","Garantía: 3 AÑOS / NUEVO","Motherboard ASROCK H610M-HVS M.2 Lga S1700 Ddr4 Para Intel 12va 13va Generacion","-4%","NEGRO","4","ASROCK","Cód.",",00","","","Comprar","98","USD","","","En stock","En stock","Color","","Cantidad",",00","Antes","USD","Ahora","IVA inc.","%","https://www.infinit.com.uy/imgs/productos/productos3_29206.jpg"
"1778257444-88","https://www.infinit.com.uy/catalogo/hardware/infinit/","BFXSEF15","95","Garantía: 3 AÑOS / NUEVO","Fuente De Poder SEASONIC S12III 650w 80P Bronce SSR-650GB3","","","","SEASONIC","Cód.",",00","","","Comprar","95","USD","","","En stock","En stock","","","Cantidad",",00","Antes","USD","Precio","IVA inc.","","https://www.infinit.com.uy/imgs/productos/productos3_36009.jpg"
"1778257444-89","https://www.infinit.com.uy/catalogo/hardware/infinit/","BFX36QB","96","Garantía: 1 AÑO / NUEVO","Water Cooler Liquida CPU XYZ AQUAPULSE 360 Argb Socket Para Intel y AMD","","NEGRO","","XYZ","Cód.",",00","","","Comprar","0","USD","","","En stock","En stock","Color","","Cantidad",",00","Antes","USD","Precio","IVA inc.","","https://www.infinit.com.uy/imgs/productos/productos3_40542.jpg"
"1778257444-90","https://www.infinit.com.uy/catalogo/hardware/infinit/","9117D46063","97","Garantía: 1 AÑO / NUEVO","Motherboard MSI H610M-S PRO Lga Socket S1700 Para Intel 12va 13va y 14va Generación","-13%","NEGRO","13","MSI","Cód.",",00","","","Comprar","111","USD","","","En stock","En stock","Color","","Cantidad",",00","Antes","USD","Ahora","IVA inc.","%","https://www.infinit.com.uy/imgs/productos/productos3_29639.jpg"
"1778257444-91","https://www.infinit.com.uy/catalogo/hardware/infinit/","PRV-COO108","98","1 Año de Garantía","Cooler DEEPCOOL AK620 Digital RGB Para Intel y AMD","","","","DEEPCOOL","Cód.",",20","","","Comprar","0","USD","","","En stock","En stock","","","Cantidad",",00","Antes","USD","Precio","IVA inc.","","https://www.infinit.com.uy/imgs/productos/productos3_41031.jpg"
"1778257444-92","https://www.infinit.com.uy/catalogo/hardware/infinit/","PRV-FAN117","98","Iluminación dinámica. Refrigeración suprema","Water Cooler Liquida BE QUIET! Pure Loop 3 LX 240mm","","","","BE QUIET!","Cód.",",40","","","Comprar","0","USD","Nuevo","","En stock","En stock","","","Cantidad",",00","Antes","USD","Precio","IVA inc.","","https://www.infinit.com.uy/imgs/productos/productos3_41256.jpg"
"1778257444-93","https://www.infinit.com.uy/catalogo/hardware/infinit/","12080027","100","Garantía: 1 AÑO / NUEVO","Water Cooler Liquida Cpu AeroCool Mirage L240 Argb Socket Para Intel y AM5","-5%","","5","AEROCOOL","Cód.",",00","","","Comprar","105","USD","","","En stock","En stock","","","Cantidad",",00","Antes","USD","Ahora","IVA inc.","%","https://www.infinit.com.uy/imgs/productos/productos3_31681.jpg"
"1778257444-94","https://www.infinit.com.uy/catalogo/hardware/infinit/","DCF85ARGB","103","Garantía: 1 AÑO / NUEVO","Disipador Cpu Cougar Forza 85 Argb 120mm Para Intel y Amd","","NEGRO","","COUGAR","Cód.",",00","","","Comprar","93","USD","","Destacado","En stock","En stock","Color","","Cantidad",",00","Antes","USD","Ahora","IVA inc.","","https://www.infinit.com.uy/imgs/productos/productos3_31528.jpg"
"1778257444-95","https://www.infinit.com.uy/catalogo/hardware/infinit/","DISEXT0192T","103","Garantía: 1 AÑO / RECERTIFICADO","Disco Duro 2Tb WESTERN DIGITAL P10 Game Externo Usb 3.2 Tamaño 2.5 Portable","","","","WD","Cód.",",00","2.5""","","Comprar","0","USD","","","En stock","En stock","Medida","","Cantidad",",00","Antes","USD","Precio","IVA inc.","","https://www.infinit.com.uy/imgs/productos/productos3_40276.jpg"
"1778257444-96","https://www.infinit.com.uy/catalogo/hardware/infinit/","CP854ITL20","104","Garantía: 3 AÑOS / NUEVO","Procesador Cpu Intel Pentium Gold G5420 Dual Core 3.8Ghz S1151","","","","INTEL","Cód.",",00","","","Comprar","0","USD","","","En stock","En stock","","","Cantidad",",00","Antes","USD","Precio","IVA inc.","","https://www.infinit.com.uy/imgs/productos/productos3_30558.jpg"
"1778257444-97","https://www.infinit.com.uy/catalogo/hardware/infinit/","BFXSAK5GR","105","Garantía: 1 AÑO / NUEVO","Gabinete Gamer SHARKOON AK5G RGB + 4 Fanes 120mm ARGB Hub 4 Port","","NEGRO","","SHARKOON","Cód.",",00","","","Comprar","0","USD","","","En stock","En stock","Color","","Cantidad",",00","Antes","USD","Precio","IVA inc.","","https://www.infinit.com.uy/imgs/productos/productos3_39383.jpg"
"1778257444-98","https://www.infinit.com.uy/catalogo/hardware/infinit/","BFXNEM102","106","Garantía: 3 AÑOS / NUEVO","Memoria RAM NETAC 8Gb Ddr4 3200Mhz Sodimm","","NEGRO","","NETAC","Cód.",",00","","","Comprar","21","USD","","","En stock","En stock","Color","","Cantidad",",00","Antes","USD","Ahora","IVA inc.","","https://www.infinit.com.uy/imgs/productos/productos3_26818.jpg"
"1778257444-99","https://www.infinit.com.uy/catalogo/hardware/infinit/","4044951037551","106","Garantía: 1 AÑO / NUEVO","Gabinete Gamer SHARKOON HEX Rgb + 6 Fanes Rgb 120mm Lateral Vidrio Templado","-3%","NEGRO","3","SHARKOON","Cód.",",00","","","Comprar","109","USD","","","En stock","En stock","Color","","Cantidad",",00","Antes","USD","Ahora","IVA inc.","%","https://www.infinit.com.uy/imgs/productos/productos3_31050.jpg"
"1778257444-100","https://www.infinit.com.uy/catalogo/hardware/infinit/","12080028","106","Garantía: 1 AÑO / NUEVO","Water Cooler Liquida Cpu AeroCool Mirage L240 Argb Socket Para Intel y AM5","","BLANCO","","AEROCOOL","Cód.",",00","","","Comprar","0","USD","","","En stock","En stock","Color","","Cantidad",",00","Antes","USD","Precio","IVA inc.","","https://www.infinit.com.uy/imgs/productos/productos3_31677.jpg"
"1778257444-101","https://www.infinit.com.uy/catalogo/hardware/infinit/","MBHI610MHD5","106","Garantía: 1 AÑO / NUEVO","Motherboard BIOSTAR H610mh D5 S1700 Intel Ddr5 Hdmi D-Sub Usb 3.2","-9%","","9","BIOSTAR","Cód.",",00","","","Comprar","116","USD","","","En stock","En stock","","","Cantidad",",00","Antes","USD","Ahora","IVA inc.","%","https://www.infinit.com.uy/imgs/productos/productos3_35378.jpg"
"1778257444-102","https://www.infinit.com.uy/catalogo/hardware/infinit/","DCPUCF135","107","Garantía: 1 AÑO / NUEVO","Disipador Cpu COUGAR FORZA 135 Ventiladores 140mm Para Intel y Amd","","NEGRO","","COUGAR","Cód.",",00","","","Comprar","103","USD","","","En stock","En stock","Color","","Cantidad",",00","Antes","USD","Ahora","IVA inc.","","https://www.infinit.com.uy/imgs/productos/productos3_31535.jpg"
"1778257444-103","https://www.infinit.com.uy/catalogo/hardware/infinit/","MOT165","109","Garantía: 1 AÑO / NUEVO","Motherboard ASUS Prime H610m-f D4 S1700 Intel Ddr4 D-Sub Usb 3.2","-12%","","12","ASUS","Cód.",",00","","","Comprar","124","USD","","","En stock","En stock","","","Cantidad",",00","Antes","USD","Ahora","IVA inc.","%","https://www.infinit.com.uy/imgs/productos/productos3_39491.jpg"
"1778257444-104","https://www.infinit.com.uy/catalogo/hardware/infinit/","H610PRODDR5","111","Garantía: 1 AÑO / NUEVO","Motherboard MSI H610M-G Pro Ddr5 Lga Socket S1700 Para Intel 12va 13va y 14va","","NEGRO","","MSI","Cód.",",00","","","Comprar","0","USD","","","En stock","En stock","Color","","Cantidad",",00","Antes","USD","Precio","IVA inc.","","https://www.infinit.com.uy/imgs/productos/productos3_40730.jpg"
"1778257444-105","https://www.infinit.com.uy/catalogo/hardware/infinit/","SADPD48G3200","113","Garantía: 1 AÑO / NUEVO","Memoria Ram Sodimm Adata 8Gb Ddr4 3200Mhz","","","","ADATA","Cód.",",00","","","Comprar","0","USD","","","En stock","En stock","","","Cantidad",",00","Antes","USD","Precio","IVA inc.","","https://www.infinit.com.uy/imgs/productos/productos3_30752.jpg"
"1778257444-106","https://www.infinit.com.uy/catalogo/hardware/infinit/","MAA620M","113","Garantía: 3 AÑOS / NUEVO","Motherboard ASROCK A620M-Hdv/M.2 AM5 Amd Ryzen Ddr5 Hdmi Dp Usb 3.2","-4%","NEGRO","4","ASROCK","Cód.",",00","","","Comprar","118","USD","","","En stock","En stock","Color","","Cantidad",",00","Antes","USD","Ahora","IVA inc.","%","https://www.infinit.com.uy/imgs/productos/productos3_34082.jpg"
"1778257444-107","https://www.infinit.com.uy/catalogo/hardware/infinit/","PRV-COO137","113","Enfriamiento liquido. / 1 Año de Garantía","Water Cooler Liquida DEEPCOOL LS520S Zero Dark 240mm Para Intel y Amd","","","","DEEPCOOL","Cód.",",30","","","Comprar","0","USD","","","En stock","En stock","","","Cantidad",",00","Antes","USD","Precio","IVA inc.","","https://www.infinit.com.uy/imgs/productos/productos3_37392.jpg"
"1778257444-108","https://www.infinit.com.uy/catalogo/hardware/infinit/","4044951028160","114","Garantía: 1 AÑO / NUEVO","Gabinete Gamer Sharkoon Rgb Lit 200 2 Fanes 120mm Argb Hub 4 Port","-4%","NEGRO","4","SHARKOON","Cód.",",00","","","Comprar","119","USD","","","En stock","En stock","Color","","Cantidad",",00","Antes","USD","Ahora","IVA inc.","%","https://www.infinit.com.uy/imgs/productos/productos3_11762.jpg"
"1778257444-109","https://www.infinit.com.uy/catalogo/hardware/infinit/","GB0211","114","Garantía: 3 AÑOS / NUEVO","Motherboard GIGABYTE B550M-K Micro Atx Socket Am4 Para Amd","-25%","","25","GIGABYTE","Cód.",",00","","","Comprar","153","USD","","","En stock","En stock","","","Cantidad",",00","Antes","USD","Ahora","IVA inc.","%","https://www.infinit.com.uy/imgs/productos/productos3_28917.jpg"
"1778257444-110","https://www.infinit.com.uy/catalogo/hardware/infinit/","4044951038244","114","Garantía: 1 AÑO / NUEVO","Gabinete Gamer SHARKOON REBEL C50 Rgb + 4 Fanes Rgb 120mm Lateral Vidrio Templado","-10%","NEGRO","10","SHARKOON","Cód.",",00","","","Comprar","127","USD","","","En stock","En stock","Color","","Cantidad",",00","Antes","USD","Ahora","IVA inc.","%","https://www.infinit.com.uy/imgs/productos/productos3_31056.jpg"
"1778257444-111","https://www.infinit.com.uy/catalogo/hardware/infinit/","4044951038251","114","Garantía: 1 AÑO / NUEVO","Gabinete Gamer SHARKOON REBEL C50 Rgb + 4 Fanes Rgb 120mm Lateral Vidrio Templado","-10%","BLANCO","10","SHARKOON","Cód.",",00","","","Comprar","127","USD","","","En stock","En stock","Color","","Cantidad",",00","Antes","USD","Ahora","IVA inc.","%","https://www.infinit.com.uy/imgs/productos/productos3_31651.jpg"
"1778257444-112","https://www.infinit.com.uy/catalogo/hardware/infinit/","FP85080PB","114","Garantía: 3 AÑOS / NUEVO","Fuente De Poder PERSEO 850w Atx850w-p 80 Plus Gold Full Modular","-1%","NEGRO","1","PERSEO","Cód.",",00","","","Comprar","115","USD","","","En stock","En stock","Color","","Cantidad",",00","Antes","USD","Ahora","IVA inc.","%","https://www.infinit.com.uy/imgs/productos/productos3_34612.jpg"
"1778257444-113","https://www.infinit.com.uy/catalogo/hardware/infinit/","BFXA62MH","114","Garantía: 3 AÑOS / NUEVO","Motherboard GIGABYTE GA-A620M-H 1.0 Am5 Amd Ryzen ARGB HDMI Usb 3.0","-7%","","7","GIGABYTE","Cód.",",00","","","Comprar","122","USD","","","En stock","En stock","","","Cantidad",",00","Antes","USD","Ahora","IVA inc.","%","https://www.infinit.com.uy/imgs/productos/productos3_38811.jpg"
"1778257444-114","https://www.infinit.com.uy/catalogo/hardware/infinit/","PRV-FAN110","117","Máximo rendimiento e iluminación","Water Cooler Liquida BE QUIET! Light Loop 240mm","","","","BE QUIET!","Cód.",",40","","","Comprar","0","USD","Nuevo","","En stock","En stock","","","Cantidad",",00","Antes","USD","Precio","IVA inc.","","https://www.infinit.com.uy/imgs/productos/productos3_41237.jpg"
"1778257444-115","https://www.infinit.com.uy/catalogo/hardware/infinit/","WCCPGT240","119","Garantía: 1 AÑO / NUEVO","Water Cooler Liquida Cougar Poseidon Gt240 Argb Socket Lga1700 y Am5","-99%","","99","COUGAR","Cód.",",00","","","Comprar","11.985","USD","","","En stock","En stock","","","Cantidad",",00","Antes","USD","Ahora","IVA inc.","%","https://www.infinit.com.uy/imgs/productos/productos3_25300.jpg"
"1778257444-116","https://www.infinit.com.uy/catalogo/hardware/infinit/","PRV-FAN118","122","Iluminación dinámica. Refrigeración suprema","Water Cooler Liquida BE QUIET! Pure Loop 3 LX 360mm","","","","BE QUIET!","Cód.",",00","","","Comprar","0","USD","Nuevo","","En stock","En stock","","","Cantidad",",00","Antes","USD","Precio","IVA inc.","","https://www.infinit.com.uy/imgs/productos/productos3_41270.jpg"
"1778257444-117","https://www.infinit.com.uy/catalogo/hardware/infinit/","GCUNIRGBBK","123","Garantía: 1 AÑO / NUEVO","Gabinete COUGAR UNIFACE RGB 4 Fanes 120mm Argb Lateral Vidrio Templado Usb-C Frontal","-5%","NEGRO","5","COUGAR","Cód.",",00","","","Comprar","129","USD","","","En stock","En stock","Color","","Cantidad",",00","Antes","USD","Ahora","IVA inc.","%","https://www.infinit.com.uy/imgs/productos/productos3_31399.jpg"
"1778257444-118","https://www.infinit.com.uy/catalogo/hardware/infinit/","GCUNIRGBWH","123","Garantía: 1 AÑO / NUEVO","Gabinete COUGAR UNIFACE Rgb 4 Fanes 120mm Argb Lateral Vidrio Templado Usb-C Frontal","-5%","BLANCO","5","COUGAR","Cód.",",00","","","Comprar","129","USD","","","En stock","En stock","Color","","Cantidad",",00","Antes","USD","Ahora","IVA inc.","%","https://www.infinit.com.uy/imgs/productos/productos3_31405.jpg"
"1778257444-119","https://www.infinit.com.uy/catalogo/hardware/infinit/","PRV-FAN119","123","Tecnología y refrigeracíon superiores","Water Cooler Liquida BE QUIET! Silent Loop 3 240mm","","","","BE QUIET!","Cód.",",50","","","Comprar","0","USD","Nuevo","","En stock","En stock","","","Cantidad",",00","Antes","USD","Precio","IVA inc.","","https://www.infinit.com.uy/imgs/productos/productos3_41284.jpg"
"1778257444-120","https://www.infinit.com.uy/catalogo/hardware/infinit/","CS000GBT09","124","Garantía: 1 AÑO / NUEVO","Gabinete Gamer GIGABYTE C200 Vidrio Templado Lateral 1 Fan 120mm Mid Tower","-18%","NEGRO","18","GIGABYTE","Cód.",",00","","","Comprar","151","USD","","","En stock","En stock","Color","","Cantidad",",00","Antes","USD","Ahora","IVA inc.","%","https://www.infinit.com.uy/imgs/productos/productos3_18487.jpg"
"1778257444-121","https://www.infinit.com.uy/catalogo/hardware/infinit/","WCCPE360W","125","Garantía: 1 AÑO / NUEVO","Water Cooler Liquida CPU COUGAR Poseidon Elite 360 Argb Socket Para Intel y AM5","","BLANCO","","COUGAR","Cód.",",00","","","Comprar","125","USD","","","En stock","En stock","Color","","Cantidad",",00","Antes","USD","Precio","IVA inc.","","https://www.infinit.com.uy/imgs/productos/productos3_30571.jpg"
"1778257444-122","https://www.infinit.com.uy/catalogo/hardware/infinit/","DISEXT0195T","125","Garantía: 1 AÑO / RECERTIFICADO","Disco Duro 5Tb WESTERN DIGITAL P10 Game Externo Usb 3.2 Tamaño 2.5 Portable","","","","WESTERN DIGITAL","Cód.",",00","2.5""","","Comprar","0","USD","","","En stock","En stock","Medida","","Cantidad",",00","Antes","USD","Precio","IVA inc.","","https://www.infinit.com.uy/imgs/productos/productos3_40268.jpg"
"1778257444-123","https://www.infinit.com.uy/catalogo/hardware/infinit/","PRV-FAN115","125","Refrigeración suprema y silenciosa","Water Cooler Liquida BE QUIET! Pure Loop 3 280mm","","","","BE QUIET!","Cód.",",05","","","Comprar","0","USD","Nuevo","","En stock","En stock","","","Cantidad",",00","Antes","USD","Precio","IVA inc.","","https://www.infinit.com.uy/imgs/productos/productos3_41248.jpg"
"1778257444-124","https://www.infinit.com.uy/catalogo/hardware/infinit/","PRV-FAN111","125","Máximo rendimiento e iluminación","Water Cooler Liquida BE QUIET! Light Loop 240mm Blanco","","","","BE QUIET!","Cód.",",10","","","Comprar","0","USD","Nuevo","","En stock","En stock","","","Cantidad",",00","Antes","USD","Precio","IVA inc.","","https://www.infinit.com.uy/imgs/productos/productos3_41242.jpg"
"1778257444-125","https://www.infinit.com.uy/catalogo/hardware/infinit/","WCCPE360","126","Garantía: 1 AÑO / NUEVO","Water Cooler Liquida Cpu COUGAR Poseidon Elite 360 Argb Socket Para Intel y AM5","-5%","NEGRO","5","COUGAR","Cód.",",00","","","Comprar","132","USD","","","En stock","En stock","Color","","Cantidad",",00","Antes","USD","Ahora","IVA inc.","%","https://www.infinit.com.uy/imgs/productos/productos3_31540.jpg"
"1778257444-126","https://www.infinit.com.uy/catalogo/hardware/infinit/","PRV-COO111","126","Compatible con Intel y AMD.","Cooler DEEPCOOL Assassin IV Para Intel y AMD","","","","DEEPCOOL","Cód.",",90","","","Comprar","0","USD","","","En stock","En stock","","","Cantidad",",00","Antes","USD","Precio","IVA inc.","","https://www.infinit.com.uy/imgs/productos/productos3_37702.jpg"
"1778257444-127","https://www.infinit.com.uy/catalogo/hardware/infinit/","BFXNED02","128","Garantía: 3 AÑOS / NUEVO","Solido Ssd NETAC 480Gb SA500 2.5 Sata3 6.0Gbps Para Notebooks y Pcs","","","","NETAC","Cód.",",00","2,5""","","Comprar","41","USD","","","En stock","En stock","Medida","","Cantidad",",00","Antes","USD","Ahora","IVA inc.","","https://www.infinit.com.uy/imgs/productos/productos3_25150.jpg"
"1778257444-128","https://www.infinit.com.uy/catalogo/hardware/infinit/","UAD35D48G32W","129","Garantía: 1 AÑO / NUEVO","Memoria RAM ADATA Gammix D35 8Gb Ddr4 3200Mhz Xpg Cl16 Blanco","-1%","BLANCO","1","ADATA","Cód.",",00","","","Comprar","130","USD","","","En stock","En stock","Color","","Cantidad",",00","Antes","USD","Ahora","IVA inc.","%","https://www.infinit.com.uy/imgs/productos/productos3_29951.jpg"
"1778257444-129","https://www.infinit.com.uy/catalogo/hardware/infinit/","MB990GBT21","131","Garantía: 3 AÑOS / NUEVO","Motherboard GIGABYTE B840M-H Am5 Amd Ryzen Ddr5","","","","GIGABYTE","Cód.",",00","","","Comprar","0","USD","Nuevo","","En stock","En stock","","","Cantidad",",00","Antes","USD","Precio","IVA inc.","","https://www.infinit.com.uy/imgs/productos/productos3_41343.jpg"
"1778257444-130","https://www.infinit.com.uy/catalogo/hardware/infinit/","PRV-FAN116","133","Refrigeración suprema y silenciosa","Water Cooler Liquida BE QUIET! Pure Loop 3 360mm","","","","BE QUIET!","Cód.",",40","","","Comprar","0","USD","Nuevo","","En stock","En stock","","","Cantidad",",00","Antes","USD","Precio","IVA inc.","","https://www.infinit.com.uy/imgs/productos/productos3_41252.jpg"
"1778257444-131","https://www.infinit.com.uy/catalogo/hardware/infinit/","BFXCF40D","136","Garantía: 1 AÑO / NUEVO","Gabinete Gamer CORSAIR FRAME 4000D ARGB 3 Fanes 120mm USB-C Vidrio Templado CC-9011297-WW","-1%","BLANCO","1","CORSAIR","Cód.",",00","","","Comprar","137","USD","","","En stock","En stock","Color","","Cantidad",",00","Antes","USD","Ahora","IVA inc.","%","https://www.infinit.com.uy/imgs/productos/productos3_37082.jpg"
"1778257444-132","https://www.infinit.com.uy/catalogo/hardware/infinit/","CAR54500","137","Garantía: 3 AÑOS / NUEVO","Procesador Cpu AMD Ryzen 5 4500 Six Core 3.6 Hasta 4.1Ghz Socket Am4","","","","AMD","Cód.",",00","","","Comprar","131","USD","","","En stock","En stock","","","Cantidad",",00","Antes","USD","Ahora","IVA inc.","","https://www.infinit.com.uy/imgs/productos/productos3_22553.jpg"
"1778257444-133","https://www.infinit.com.uy/catalogo/hardware/infinit/","BFXCFR4RS","137","Garantía: 1 AÑO / NUEVO","Gabinete Gamer CORSAIR FRAME 4000D ARGB 3 Fanes 120mm USB-C Vidrio Templado CC-9011296-WW","","NEGRO","","CORSAIR","Cód.",",00","","","Comprar","137","USD","","","En stock","En stock","Color","","Cantidad",",00","Antes","USD","Precio","IVA inc.","","https://www.infinit.com.uy/imgs/productos/productos3_37119.jpg"
"1778257444-134","https://www.infinit.com.uy/catalogo/hardware/infinit/","BFXTT017","137","Garantía: 1 AÑO / NUEVO","Gabinete THERMALTAKE Level 20 GT ARGB USB-C + 3 Fanes 200mm ARGB Laterales De Vidrio CA-1K9-00F1WN-02","-11%","NEGRO","11","THERMALTAKE","Cód.",",00","","","Comprar","154","USD","","","En stock","En stock","Color","","Cantidad",",00","Antes","USD","Ahora","IVA inc.","%","https://www.infinit.com.uy/imgs/productos/productos3_37421.jpg"
"1778257444-135","https://www.infinit.com.uy/catalogo/hardware/infinit/","P300P512GM28","143","Garantía: 3 AÑOS / NUEVO","Solido Ssd Nvme M.2 PATRIOT P300 512Gb 2280 PCIe Gen 3.0 Para Notebooks y Pc","-1%","","1","PATRIOT","Cód.",",00","","","Comprar","145","USD","","","En stock","En stock","","","Cantidad",",00","Antes","USD","Ahora","IVA inc.","%","https://www.infinit.com.uy/imgs/productos/productos3_24489.jpg"
"1778257444-136","https://www.infinit.com.uy/catalogo/hardware/infinit/","GCDUOPRORGBW","146","Garantía: 1 AÑO / NUEVO","Gabinete COUGAR DUOFACE PRO Rgb 4 Fanes 120mm Argb Lateral Vidrio Templado Incluye los 2 Frentes","-1%","BLANCO","1","COUGAR","Cód.",",00","","","Comprar","147","USD","","","En stock","En stock","Color","","Cantidad",",00","Antes","USD","Ahora","IVA inc.","%","https://www.infinit.com.uy/imgs/productos/productos3_31390.jpg"
"1778257444-137","https://www.infinit.com.uy/catalogo/hardware/infinit/","SAD58G48002","146","Garantía: 1 AÑO / NUEVO","Memoria RAM ADATA 8Gb Ddr5 4800Mhz CL40 Udimm","-2%","NEGRO","2","ADATA","Cód.",",00","","","Comprar","149","USD","","","En stock","En stock","Color","","Cantidad",",00","Antes","USD","Ahora","IVA inc.","%","https://www.infinit.com.uy/imgs/productos/productos3_34491.jpg"
"1778257444-138","https://www.infinit.com.uy/catalogo/hardware/infinit/","PRV-FAN112","146","Máximo rendimiento e iluminación","Water Cooler Liquida BE QUIET! Light Loop 360mm","","","","BE QUIET!","Cód.",",40","","","Comprar","0","USD","Nuevo","","En stock","En stock","","","Cantidad",",00","Antes","USD","Precio","IVA inc.","","https://www.infinit.com.uy/imgs/productos/productos3_41260.jpg"
"1778257444-139","https://www.infinit.com.uy/catalogo/hardware/infinit/","DIS029","147","Garantía: 6 MESES / RECERTIFICADO","Disco Duro SEAGATE 8Tb Externo 3.0 Gaming Hub Drive","","BLANCO","","SEAGATE","Cód.",",00","3.5""","Consultar","","0","USD","","","Agotado","Agotado","Medida","Color","",",00","Antes","USD","Precio","IVA inc.","","https://www.infinit.com.uy/imgs/productos/productos3_40921.jpg"
"1778257444-140","https://www.infinit.com.uy/catalogo/hardware/infinit/","PRV-MOT183","147","Socket 1851 Intel Ultra. DDR5. RGB","Mother Asrock B860M-H2 LGA 1851","","","","ASROCK","Cód.",",90","","","Comprar","0","USD","","","En stock","En stock","","","Cantidad",",00","Antes","USD","Precio","IVA inc.","","https://www.infinit.com.uy/imgs/productos/productos3_40652.jpg"
"1778257444-141","https://www.infinit.com.uy/catalogo/hardware/infinit/","TAR206","148","Garantía: 1 AÑO / NUEVO","Tarjeta De Video BIOSTAR RX560 4Gb GDdr5 Amd Radeon Hdmi Dp Dvi","-6%","NEGRO","6","BIOSTAR","Cód.",",00","","","Comprar","157","USD","","","En stock","En stock","Color","","Cantidad",",00","Antes","USD","Ahora","IVA inc.","%","https://www.infinit.com.uy/imgs/productos/productos3_15634.jpg"
"1778257444-142","https://www.infinit.com.uy/catalogo/hardware/infinit/","PRV-GAB160","149","Garantía Funcional","Gabinete DEEPCOOL CH560 Digital + 4 Fanes Argb 140mm Blanco","","","","DEEPCOOL","Cód.",",45","","","Comprar","0","USD","","","En stock","En stock","","","Cantidad",",00","Antes","USD","Precio","IVA inc.","","https://www.infinit.com.uy/imgs/productos/productos3_37466.jpg"
"1778257444-143","https://www.infinit.com.uy/catalogo/hardware/infinit/","CC9011256W","150","Garantía: 1 AÑO / NUEVO","Gabinete Gamer CORSAIR 3000D ARGB Airflow 3 Fanes AR120 Argb CC-9011256-WW Blanco","","BLANCO","","CORSAIR","Cód.",",00","","","Comprar","0","USD","","","En stock","En stock","Color","","Cantidad",",00","Antes","USD","Precio","IVA inc.","","https://www.infinit.com.uy/imgs/productos/productos3_35229.jpg"
"1778257444-144","https://www.infinit.com.uy/catalogo/hardware/infinit/","15517","150","Garantía: 1 AÑO / NUEVO","Memoria RAM Sodimm 8Gb Ddr5 5600Mhz Varias Marcas","-16%","","16","","Cód.",",00","","","Comprar","178","USD","","","En stock","En stock","","","Cantidad",",00","Antes","USD","Ahora","IVA inc.","%","https://www.infinit.com.uy/imgs/productos/productos3_37046.jpg"
"1778257444-145","https://www.infinit.com.uy/catalogo/hardware/infinit/","DWDP2TB","151","Garantía: 2 AÑOS / NUEVO","Disco Duro 2Tb WESTERN DIGITAL Purpura Sata3 3.5"" 6.0Gbps Para Dvr y Sistemas de Seguridad","","PURPURA","","WD","Cód.",",00","3.5""","","Comprar","143","USD","","","En stock","En stock","Medida","Color","Cantidad",",00","Antes","USD","Ahora","IVA inc.","","https://www.infinit.com.uy/imgs/productos/productos3_8642.jpg"
"1778257444-146","https://www.infinit.com.uy/catalogo/hardware/infinit/","DSALEG512G","151","Garantía: 3 AÑOS / NUEVO","Ssd Solido Nvme 512Gb ADATA Legend 710 Pcie Gen3 x4 2280","-15%","","15","ADATA","Cód.",",00","","","Comprar","177","USD","","","En stock","En stock","","","Cantidad",",00","Antes","USD","Ahora","IVA inc.","%","https://www.infinit.com.uy/imgs/productos/productos3_36000.jpg"
"1778257444-147","https://www.infinit.com.uy/catalogo/hardware/infinit/","901CDISPLAY","151","Garantía: FUNCIONAL / NUEVO","Gabinete Gamer SHOT GAMING SUP-901C PRO RGB Display Con Lateral De Vidrio Templado Negro","-1%","NEGRO","1","SHOT GAMING","Cód.",",00","","","Comprar","153","USD","","","En stock","En stock","Color","","Cantidad",",00","Antes","USD","Ahora","IVA inc.","%","https://www.infinit.com.uy/imgs/productos/productos3_40134.jpg"
"1778257444-148","https://www.infinit.com.uy/catalogo/hardware/infinit/","PRV-MOT172","153","Socket AMD Ryzen AM5. DDR5.","Motherboard ASROCK B650M-H/M.2+ AM5","","","","ASROCK","Cód.",",10","","","Comprar","0","USD","","","En stock","En stock","","","Cantidad",",00","Antes","USD","Precio","IVA inc.","","https://www.infinit.com.uy/imgs/productos/productos3_40727.jpg"
"1778257444-149","https://www.infinit.com.uy/catalogo/hardware/infinit/","FAX850WKP","156","Garantía: 1 AÑO / NUEVO","Fuente De Poder ATX 3.1 ADATA XPG Kyber 850w 80 Plus Gold Full Modular","","NEGRO","","ADATA","Cód.",",00","","","Comprar","0","USD","","","En stock","En stock","Color","","Cantidad",",00","Antes","USD","Precio","IVA inc.","","https://www.infinit.com.uy/imgs/productos/productos3_39602.jpg"
"1778257444-150","https://www.infinit.com.uy/catalogo/hardware/infinit/","PRV-FAN113","157","Máximo rendimiento e iluminación","Water Cooler Liquida BE QUIET! Light Loop 360mm Blanco","","","","BE QUIET!","Cód.",",10","","","Comprar","0","USD","Nuevo","","En stock","En stock","","","Cantidad",",00","Antes","USD","Precio","IVA inc.","","https://www.infinit.com.uy/imgs/productos/productos3_41265.jpg"
"1778257444-151","https://www.infinit.com.uy/catalogo/hardware/infinit/","GCFV150RGBBK","159","Garantía: 1 AÑO / NUEVO","Gabinete Gamer COUGAR FV150 Rgb + 4 Fan ARGB 120mm Mid Tower Usb 3.0","-5%","NEGRO","5","COUGAR","Cód.",",00","","","Comprar","168","USD","","","En stock","En stock","Color","","Cantidad",",00","Antes","USD","Ahora","IVA inc.","%","https://www.infinit.com.uy/imgs/productos/productos3_35024.jpg"
"1778257444-152","https://www.infinit.com.uy/catalogo/hardware/infinit/","PRV-MOT167","159","Socket AMD Ryzen AM4. DDR5.","Motherboard ASROCK A620M-C R2.0 AM5 (BULK)","","","","ASROCK","Cód.",",30","","","Comprar","0","USD","","","En stock","En stock","","","Cantidad",",00","Antes","USD","Precio","IVA inc.","","https://www.infinit.com.uy/imgs/productos/productos3_40640.jpg"
"1778257444-153","https://www.infinit.com.uy/catalogo/hardware/infinit/","DWDESE1TB2","160","Garantía: 1 AÑO / NUEVO","Disco Duro 1Tb WESTERN DIGITAL Expansion Externo Usb 3.0 Tamaño 2.5 Portable","","NEGRO","","WD","Cód.",",00","","","Comprar","151","USD","","","En stock","En stock","Color","","Cantidad",",00","Antes","USD","Ahora","IVA inc.","","https://www.infinit.com.uy/imgs/productos/productos3_20481.jpg"
"1778257444-154","https://www.infinit.com.uy/catalogo/hardware/infinit/","GB0501","160","","Motherboard GIGABYTE B860M-K S1851 Intel Ddr5 ARGB HDMI Usb 3.0","-5%","","5","GIGABYTE","Cód.",",00","","","Comprar","168","USD","","","En stock","En stock","","","Cantidad",",00","Antes","USD","Ahora","IVA inc.","%","https://www.infinit.com.uy/imgs/productos/productos3_39526.jpg"
"1778257444-155","https://www.infinit.com.uy/catalogo/hardware/infinit/","SE0049","162","Garantía: 2 AÑOS / NUEVO","Disco Duro 2Tb SEAGATE Expansion Externo 2.5 Usb 3.0 Portatil","","NEGRO","","SEAGATE","Cód.",",00","2,5""","","Comprar","111","USD","","","En stock","En stock","Medida","Color","Cantidad",",00","Antes","USD","Ahora","IVA inc.","","https://www.infinit.com.uy/imgs/productos/productos3_15714.jpg"
"1778257444-156","https://www.infinit.com.uy/catalogo/hardware/infinit/","MB989GBT47","162","Garantía: 3 AÑOS / NUEVO","Motherboard GIGABYTE B760M D3HP 4X Hdmi Vga Socket Ddr5 S1700","-7%","","7","GIGABYTE","Cód.",",00","","","Comprar","174","USD","","","En stock","En stock","","","Cantidad",",00","Antes","USD","Ahora","IVA inc.","%","https://www.infinit.com.uy/imgs/productos/productos3_39160.jpg"
"1778257444-157","https://www.infinit.com.uy/catalogo/hardware/infinit/","CAR55500","163","Garantía: 3 AÑOS / NUEVO","Procesador CPU AMD Ryzen 5 5500 Six Core 3.6Ghz Hasta 4.2Ghz Socket Am4","-8%","","8","AMD","Cód.",",00","","","Comprar","178","USD","","","En stock","En stock","","","Cantidad",",00","Antes","USD","Ahora","IVA inc.","%","https://www.infinit.com.uy/imgs/productos/productos3_22778.jpg"
"1778257444-158","https://www.infinit.com.uy/catalogo/hardware/infinit/","230011","163","Garantía: 1 AÑO / NUEVO","Gabinete Gamer COOLER MASTER Masterbox 520 Mesh + 3 Fanes ARGB Atx Con Lateral De Vidrio Templado Blanco","","BLANCO","","COOLER MASTER","Cód.",",00","","","Comprar","0","USD","","","En stock","En stock","Color","","Cantidad",",00","Antes","USD","Precio","IVA inc.","","https://www.infinit.com.uy/imgs/productos/productos3_38666.jpg"
"1778257444-159","https://www.infinit.com.uy/catalogo/hardware/infinit/","BFXNEM101","164","Garantía: 3 AÑOS / NUEVO","Memoria RAM NETAC 16Gb ddr4 3200Mhz Sodimm","-9%","NEGRO","9","NETAC","Cód.",",00","","Consultar","","180","USD","","","Agotado","Agotado","Color","","",",00","Antes","USD","Ahora","IVA inc.","%","https://www.infinit.com.uy/imgs/productos/productos3_30395.jpg"
"1778257444-160","https://www.infinit.com.uy/catalogo/hardware/infinit/","MB989GBT34","164","Garantía: 3 AÑOS / NUEVO","Motherboard GIGABYTE B650M D3HP Am5 Amd Ryzen Ddr5 ARGB HDMI DP Usb 3.0","-6%","","6","GIGABYTE","Cód.",",00","","","Comprar","175","USD","","","En stock","En stock","","","Cantidad",",00","Antes","USD","Ahora","IVA inc.","%","https://www.infinit.com.uy/imgs/productos/productos3_38788.jpg"
"1778257444-161","https://www.infinit.com.uy/catalogo/hardware/infinit/","SE0089","166","Garantía: 3 AÑOS / NUEVO","Disco Duro 2Tb SEAGATE SkyHawk ST2000VX017 3.5 Sata3 6.0Gbps Para Dvr y Sistemas De Seguridad","-1%","","1","SEAGATE","Cód.",",00","3.5""","","Comprar","168","USD","","","En stock","En stock","Medida","","Cantidad",",00","Antes","USD","Ahora","IVA inc.","%","https://www.infinit.com.uy/imgs/productos/productos3_20701.jpg"
"1778257444-162","https://www.infinit.com.uy/catalogo/hardware/infinit/","AM3006","166","Garantía: 3 AÑOS / NUEVO","Solido Ssd 1Tb HIKSEMI Hs-Essd-Elite9 Externo Usb 3.2 Tipo C Tamaño 2.5","","","","HIKSEMI","Cód.",",00","","","Comprar","0","USD","","","En stock","En stock","","","Cantidad",",00","Antes","USD","Precio","IVA inc.","","https://www.infinit.com.uy/imgs/productos/productos3_40882.jpg"
"1778257444-163","https://www.infinit.com.uy/catalogo/hardware/infinit/","PRV-MOT182","166","Socket 1700 Intel 12a, 13a, 14a gen. DDR5. RGB","Mother Asrock B760M Pro RS LGA 1700 Wifi 6E","","","","ASROCK","Cód.",",60","","","Comprar","0","USD","","","En stock","En stock","","","Cantidad",",00","Antes","USD","Precio","IVA inc.","","https://www.infinit.com.uy/imgs/productos/productos3_40691.jpg"
"1778257444-164","https://www.infinit.com.uy/catalogo/hardware/infinit/","PRV-MOT181","169","Socket 1700 Intel 12a, 13a, 14a gen. DDR5. RGB","Mother Asrock B760M Pro RS LGA 1700","","","","ASROCK","Cód.",",60","","","Comprar","0","USD","","","En stock","En stock","","","Cantidad",",00","Antes","USD","Precio","IVA inc.","","https://www.infinit.com.uy/imgs/productos/productos3_40688.jpg"
"1778257444-165","https://www.infinit.com.uy/catalogo/hardware/infinit/","PRV-FAN121","170","Tecnología y refrigeracíon superiores","Water Cooler Liquida BE QUIET! Silent Loop 3 420mm","","","","BE QUIET!","Cód.",",00","","","Comprar","0","USD","Nuevo","","En stock","En stock","","","Cantidad",",00","Antes","USD","Precio","IVA inc.","","https://www.infinit.com.uy/imgs/productos/productos3_41276.jpg"
"1778257444-166","https://www.infinit.com.uy/catalogo/hardware/infinit/","MAB760MPROR5","171","Garantía: 3 AÑOS / NUEVO","Motherboard ASROCK B760M Pro RS Intel Ddr5 Hdmi 2.1 DP 1.4 Usb 3.2 S1700","-21%","","21","ASROCK","Cód.",",00","","","Comprar","217","USD","","","En stock","En stock","","","Cantidad",",00","Antes","USD","Ahora","IVA inc.","%","https://www.infinit.com.uy/imgs/productos/productos3_35938.jpg"
"1778257444-167","https://www.infinit.com.uy/catalogo/hardware/infinit/","PRV-MOT196","174","Socket AMD Ryzen AM5 DDR5","Motherboard ASROCK B850M-X R2.0 AM5 WiFi","","","","ASROCK","Cód.",",10","","","Comprar","0","USD","","","En stock","En stock","","","Cantidad",",00","Antes","USD","Precio","IVA inc.","","https://www.infinit.com.uy/imgs/productos/productos3_40821.jpg"
"1778257444-168","https://www.infinit.com.uy/catalogo/hardware/infinit/","MB989GBT28","176","Garantía: 3 AÑOS / NUEVO","Motherboard GIGABYTE A620M Ds3H G10 Am5 Amd Ryzen Ddr5","","","","GIGABYTE","Cód.",",00","","","Comprar","0","USD","Nuevo","","En stock","En stock","","","Cantidad",",00","Antes","USD","Precio","IVA inc.","","https://www.infinit.com.uy/imgs/productos/productos3_41346.jpg"
"1778257444-169","https://www.infinit.com.uy/catalogo/hardware/infinit/","BFXTR1G","178","Garantía: 1 AÑO / NUEVO","Gabinete THERMALTAKE TR100 Mini Tower Negro USB-C 3.2 CA-11A-00S1NN-00","","NEGRO","","THERMALTAKE","Cód.",",00","","","Comprar","0","USD","","","En stock","En stock","Color","","Cantidad",",00","Antes","USD","Precio","IVA inc.","","https://www.infinit.com.uy/imgs/productos/productos3_40149.jpg"
"1778257444-170","https://www.infinit.com.uy/catalogo/hardware/infinit/","BFXGT1W","178","Garantía: 1 AÑO / NUEVO","Gabinete THERMALTAKE TR100 Mini Tower Blanco USB-C 3.2 CA-11A-00S1NN-00","","BLANCO","","THERMALTAKE","Cód.",",00","","","Comprar","0","USD","","","En stock","En stock","Color","","Cantidad",",00","Antes","USD","Precio","IVA inc.","","https://www.infinit.com.uy/imgs/productos/productos3_40155.jpg"
"1778257444-171","https://www.infinit.com.uy/catalogo/hardware/infinit/","BFXT1BL","178","Garantía: 1 AÑO / NUEVO","Gabinete THERMALTAKE TR100 Mini Tower Celeste USB-C 3.2 CA-11A-00SFNN-00","","CELESTE","","THERMALTAKE","Cód.",",00","","","Comprar","0","USD","","","En stock","En stock","Color","","Cantidad",",00","Antes","USD","Precio","IVA inc.","","https://www.infinit.com.uy/imgs/productos/productos3_40161.jpg"
"1778257444-172","https://www.infinit.com.uy/catalogo/hardware/infinit/","IT0073","181","Garantía: 3 AÑOS / NUEVO","Procesador Cpu Intel Core i3 14100f Quad Core 3.5 hasta 4.7Ghz S1700","-10%","","10","INTEL","Cód.",",00","","","Comprar","200","USD","","Destacado","En stock","En stock","","","Cantidad",",00","Antes","USD","Ahora","IVA inc.","%","https://www.infinit.com.uy/imgs/productos/productos3_30529.jpg"
"1778257444-173","https://www.infinit.com.uy/catalogo/hardware/infinit/","BFX00S1WN","182","Garantía: 1 AÑO / NUEVO","Gabinete THERMALTAKE THE TOWER 250 Mini USB-C 3.2 + 2 Fanes 120mm Vidrio Templado CA-1Z9-00S1WN-00","","NEGRO","","THERMALTAKE","Cód.",",00","","","Comprar","0","USD","","","En stock","En stock","Color","","Cantidad",",00","Antes","USD","Precio","IVA inc.","","https://www.infinit.com.uy/imgs/productos/productos3_36836.jpg"
"1778257444-174","https://www.infinit.com.uy/catalogo/hardware/infinit/","BFX00SFWN","182","Garantía: 1 AÑO / NUEVO","Gabinete THERMALTAKE THE TOWER 250 Mini Blue USB-C 3.2 + 2 Fanes 120mm Vidrio Templado CA-1Z9-00SFWN-00","","AZUL CLARO","","THERMALTAKE","Cód.",",00","","","Comprar","0","USD","","","En stock","En stock","Color","","Cantidad",",00","Antes","USD","Precio","IVA inc.","","https://www.infinit.com.uy/imgs/productos/productos3_36848.jpg"
"1778257444-175","https://www.infinit.com.uy/catalogo/hardware/infinit/","MAB760MPRW","187","Garantía: 3 AÑOS / NUEVO","Motherboard ASROCK B760M Pro Rs Wifi 6E S1700 Intel Core Ddr5 Hdmi USB 3.2","-2%","NEGRO","2","ASROCK","Cód.",",00","","","Comprar","190","USD","","","En stock","En stock","Color","","Cantidad",",00","Antes","USD","Ahora","IVA inc.","%","https://www.infinit.com.uy/imgs/productos/productos3_34603.jpg"
"1778257444-176","https://www.infinit.com.uy/catalogo/hardware/infinit/","GB0459","187","Garantía: 3 AÑOS / NUEVO","Motherboard GIGABYTE B850 D3HP AM5 Usb-C HDMI 2x DisplayPort","-13%","","13","GIGABYTE","Cód.",",00","","","Comprar","216","USD","","","En stock","En stock","","","Cantidad",",00","Antes","USD","Ahora","IVA inc.","%","https://www.infinit.com.uy/imgs/productos/productos3_39510.jpg"
"1778257444-177","https://www.infinit.com.uy/catalogo/hardware/infinit/","KI9471","189","Garantía: DE POR VIDA / NUEVO","Memoria Ram KINGSTON Fury Beast 8Gb CL36 Ddr5 5600Mhz Udimm Negro","-16%","NEGRO","16","KINGSTON","Cód.",",00","","","Comprar","224","USD","","","En stock","En stock","Color","","Cantidad",",00","Antes","USD","Ahora","IVA inc.","%","https://www.infinit.com.uy/imgs/productos/productos3_40244.jpg"
"1778257444-178","https://www.infinit.com.uy/catalogo/hardware/infinit/","GB0134","192","Garantía: 3 AÑOS / NUEVO","Fuente De Poder GIGABYTE GP-UD1000GM PG5 1000w Cert 80 Plus Gold Full Modular","-1%","","1","GIGABYTE","Cód.",",00","","","Comprar","194","USD","","","En stock","En stock","","","Cantidad",",00","Antes","USD","Ahora","IVA inc.","%","https://www.infinit.com.uy/imgs/productos/productos3_24495.jpg"
"1778257444-179","https://www.infinit.com.uy/catalogo/hardware/infinit/","MB989GBT74","195","Garantía: 3 AÑOS / NUEVO","Motherboard GIGABYTE B840M DS3H Am5 Amd Ryzen Micro ATX Ddr5 ARGB HDMI Usb 3.0","","","","GIGABYTE","Cód.",",00","","","Comprar","0","USD","","","En stock","En stock","","","Cantidad",",00","Antes","USD","Precio","IVA inc.","","https://www.infinit.com.uy/imgs/productos/productos3_38792.jpg"
"1778257444-180","https://www.infinit.com.uy/catalogo/hardware/infinit/","MB989GBT75","196","Garantía: 3 AÑOS / NUEVO","Motherboard GIGABYTE B840M Eagle Am5 Amd Ryzen Micro ATX HDMI Wifi6 Usb 3.0","","","","GIGABYTE","Cód.",",00","","","Comprar","0","USD","","","En stock","En stock","","","Cantidad",",00","Antes","USD","Precio","IVA inc.","","https://www.infinit.com.uy/imgs/productos/productos3_38804.jpg"
"1778257444-181","https://www.infinit.com.uy/catalogo/hardware/infinit/","BFXSCGX8","198","Garantía: 7 AÑOS / NUEVO","Fuente De Poder ATX 3.1 SEASONIC RCore 850w 80 Plus Gold Gx-850 Full Modular PCI-e 5.1 SRP-CGX851","-24%","","24","SEASONIC","Cód.",",00","","","Comprar","262","USD","","","En stock","En stock","","","Cantidad",",00","Antes","USD","Ahora","IVA inc.","%","https://www.infinit.com.uy/imgs/productos/productos3_39635.jpg"
"1778257444-182","https://www.infinit.com.uy/catalogo/hardware/infinit/","810056145583","199","Garantía: 6 MESES / OPEN BOX","Water Cooler Liquida Cpu RAZER 360 HANBO CHROMA RGB Socket Para Intel y Amd","-33%","NEGRO","33","RAZER","Cód.",",00","","","Comprar","299","USD","","","En stock","En stock","Color","","Cantidad",",00","Antes","USD","Ahora","IVA inc.","%","https://www.infinit.com.uy/imgs/productos/productos3_37262.jpg"
"1778257444-183","https://www.infinit.com.uy/catalogo/hardware/infinit/","PRV-MOT188","199","Socket 1851 Intel Ultra. DDR5. RGB","Motherboard BIOSTAR B860MT-E PRO LGA 1851","","","","BIOSTAR","Cód.",",60","","","Comprar","0","USD","Nuevo","","En stock","En stock","","","Cantidad",",00","Antes","USD","Precio","IVA inc.","","https://www.infinit.com.uy/imgs/productos/productos3_41443.jpg"
"1778257444-184","https://www.infinit.com.uy/catalogo/hardware/infinit/","PRV-MOT208","200","Socket AMD Ryzen AM5","Motherboard ASUS TUF Gaming A620AM-Plus WiFi 6 AM5","","","","ASUS","Cód.",",90","","","Comprar","0","USD","Nuevo","","En stock","En stock","","","Cantidad",",00","Antes","USD","Precio","IVA inc.","","https://www.infinit.com.uy/imgs/productos/productos3_41419.png"
"1778257444-185","https://www.infinit.com.uy/catalogo/hardware/infinit/","PRV-MOT173","207","Socket AMD Ryzen AM5. DDR5. RGB","Mother Asrock B650M Pro RS AM5 Wi-Fi 6E","","","","ASROCK","Cód.",",10","","","Comprar","0","USD","","","En stock","En stock","","","Cantidad",",00","Antes","USD","Precio","IVA inc.","","https://www.infinit.com.uy/imgs/productos/productos3_40683.jpg"
"1778257444-186","https://www.infinit.com.uy/catalogo/hardware/infinit/","PRV-MOT200","207","Socket 1700 Intel 12a, 13a, 14a gen DDR5","Mother Asrock B760M PG Riptide LGA 1700 WiFi","","","","ASROCK","Cód.",",10","","","Comprar","0","USD","","","En stock","En stock","","","Cantidad",",00","Antes","USD","Precio","IVA inc.","","https://www.infinit.com.uy/imgs/productos/productos3_40827.jpg"
"1778257444-187","https://www.infinit.com.uy/catalogo/hardware/infinit/","BFXC25XBK","208","Garantía: 1 AÑO / NUEVO","Gabinete Gamer CORSAIR 2500X Vidrio Templado USB-C y Audio Frontal CC-9011265-WW","","","","CORSAIR","Cód.",",00","","","Comprar","0","USD","","","En stock","En stock","","","Cantidad",",00","Antes","USD","Precio","IVA inc.","","https://www.infinit.com.uy/imgs/productos/productos3_26739.jpg"
"1778257444-188","https://www.infinit.com.uy/catalogo/hardware/infinit/","BFX25XWH","208","Garantía: 1 AÑO / NUEVO","Gabinete Gamer CORSAIR 2500X Vidrio Templado USB-C y Audio Frontal CC-9011265-WW Blanco","","BLANCO","","CORSAIR","Cód.",",00","","","Comprar","0","USD","","","En stock","En stock","Color","","Cantidad",",00","Antes","USD","Precio","IVA inc.","","https://www.infinit.com.uy/imgs/productos/productos3_37143.jpg"
"1778257444-189","https://www.infinit.com.uy/catalogo/hardware/infinit/","BFX45XR","209","Garantía: 1 AÑO / NUEVO","Gabinete CORSAIR Frame 4500x RS-R ARGB Blanco CC-9011315-WW","","BLANCO","","CORSAIR","Cód.",",00","","","Comprar","0","USD","","","En stock","En stock","Color","","Cantidad",",00","Antes","USD","Precio","IVA inc.","","https://www.infinit.com.uy/imgs/productos/productos3_40008.jpg"
"1778257444-190","https://www.infinit.com.uy/catalogo/hardware/infinit/","BFXCGX85W","214","Garantía: 7 AÑOS / NUEVO","Fuente De Poder ATX 3.1 SEASONIC RCore 850w 80 Plus Gold Gx-850 Full Modular PCI-e 5.1 SRP-CGX851 Blanco","","BLANCO","","SEASONIC","Cód.",",00","","","Comprar","0","USD","","","En stock","En stock","Color","","Cantidad",",00","Antes","USD","Precio","IVA inc.","","https://www.infinit.com.uy/imgs/productos/productos3_39641.jpg"
"1778257444-191","https://www.infinit.com.uy/catalogo/hardware/infinit/","BFXS1632","214","Garantía: 2 AÑOS / NUEVO","Memoria Ram CORSAIR Vengeance 16Gb Ddr4 3200Mhz CL22 Sodimm","","NEGRO","","CORSAIR","Cód.",",00","","","Comprar","0","USD","","","En stock","En stock","Color","","Cantidad",",00","Antes","USD","Precio","IVA inc.","","https://www.infinit.com.uy/imgs/productos/productos3_39777.jpg"
"1778257444-192","https://www.infinit.com.uy/catalogo/hardware/infinit/","TAR209","215","Garantía: 1 AÑO / NUEVO","Tarjeta De Video BIOSTAR RX580 8Gb Gddr5 256bit Amd Radeon Hdmi Dvi Dp AMD XConnect y HDR Ready","","","","BIOSTAR","Cód.",",00","","","Comprar","203","USD","","","En stock","En stock","","","Cantidad",",00","Antes","USD","Ahora","IVA inc.","","https://www.infinit.com.uy/imgs/productos/productos3_18164.jpg"
"1778257444-193","https://www.infinit.com.uy/catalogo/hardware/infinit/","KI9196","218","Garantía: 3 AÑOS / NUEVO","Memoria RAM KINGSTON FURY 8Gb Ddr5 5200Mhz Beast Cl40 Udimm","-3%","NEGRO","3","KINGSTON","Cód.",",00","","","Comprar","224","USD","","","En stock","En stock","Color","","Cantidad",",00","Antes","USD","Ahora","IVA inc.","%","https://www.infinit.com.uy/imgs/productos/productos3_40576.jpg"
"1778257444-194","https://www.infinit.com.uy/catalogo/hardware/infinit/","DWDP4TS3I","220","Garantía: 2 AÑOS / NUEVO","Disco Duro 4Tb WD Purpura 3.5 Sata3 6.0Gbps Intellipower Para Dvr y Sistemas De Seguridad","-2%","PURPURA","2","WD","Cód.",",00","3.5""","Consultar","","224","USD","","","Agotado","Agotado","Medida","Color","",",00","Antes","USD","Ahora","IVA inc.","%","https://www.infinit.com.uy/imgs/productos/productos3_38796.jpg"
"1778257444-195","https://www.infinit.com.uy/catalogo/hardware/infinit/","PRV-MOT179","220","Socket 1700 Intel 12a, 13a, 14a gen. DDR5. RGB","Mother Asrock B760 Pro RS LGA 1700","","","","ASROCK","Cód.",",60","","","Comprar","0","USD","","","En stock","En stock","","","Cantidad",",00","Antes","USD","Precio","IVA inc.","","https://www.infinit.com.uy/imgs/productos/productos3_40674.png"
"1778257444-196","https://www.infinit.com.uy/catalogo/hardware/infinit/","KI9143","224","Garantía: DE POR VIDA / NUEVO","Memoria RAM KINGSTON 16Gb Ddr4 3200Mhz Udimm Para Pc","","","","KINGSTON","Cód.",",00","","","Comprar","140","USD","","","En stock","En stock","","","Cantidad",",00","Antes","USD","Ahora","IVA inc.","","https://www.infinit.com.uy/imgs/productos/productos3_20446.jpg"
"1778257444-197","https://www.infinit.com.uy/catalogo/hardware/infinit/","BFXNB32","224","Garantía: 1 AÑO / NUEVO","Memoria Ram NETAC 16Gb Ddr4 3200Mhz CL36 Udimm","-14%","NEGRO","14","NETAC","Cód.",",00","","","Comprar","259","USD","","","En stock","En stock","Color","","Cantidad",",00","Antes","USD","Ahora","IVA inc.","%","https://www.infinit.com.uy/imgs/productos/productos3_30792.jpg"
"1778257444-198","https://www.infinit.com.uy/catalogo/hardware/infinit/","DIS415","226","3 AÑOS DE GARANTIA / NUEVO","Solido Ssd CRUCIAL 1Tb BX500 2.5 Sata3 6.0Gbps Para Pc y Notebooks","","NEGRO","","CRUCIAL","Cód.",",00","2,5""","","Comprar","0","USD","","","En stock","En stock","Medida","Color","Cantidad",",00","Antes","USD","Precio","IVA inc.","","https://www.infinit.com.uy/imgs/productos/productos3_11546.jpg"
"1778257444-199","https://www.infinit.com.uy/catalogo/hardware/infinit/","PRV-MOT203","227","Socket 1851 Intel Ultra. DDR5. RGB","Motherboard ASROCK B860M Pro RS LGA 1851","","","","ASROCK","Cód.",",20","","","Comprar","0","USD","","","En stock","En stock","","","Cantidad",",00","Antes","USD","Precio","IVA inc.","","https://www.infinit.com.uy/imgs/productos/productos3_40833.jpg"
"1778257444-200","https://www.infinit.com.uy/catalogo/hardware/infinit/","PRV-MOT194","230","Socket AMD Ryzen AM4 DDR4","Motherboard ASROCK B550 PG Riptide AM4","","","","ASROCK","Cód.",",30","","","Comprar","0","USD","","","En stock","En stock","","","Cantidad",",00","Antes","USD","Precio","IVA inc.","","https://www.infinit.com.uy/imgs/productos/productos3_40818.jpg"
"1778257444-201","https://www.infinit.com.uy/catalogo/hardware/infinit/","BFXTTT50B","232","Garantía: 1 AÑO / NUEVO","Gabinete THERMALTAKE CTE T500 Air Full Tower 2x USB-C 3.2 Vidrio Templado CA-1X8-00F1WN-00","","NEGRO","","THERMALTAKE","Cód.",",00","","","Comprar","0","USD","","","En stock","En stock","Color","","Cantidad",",00","Antes","USD","Precio","IVA inc.","","https://www.infinit.com.uy/imgs/productos/productos3_36740.jpg"
"1778257444-202","https://www.infinit.com.uy/catalogo/hardware/infinit/","BFXTTT5S","232","Garantía: 1 AÑO / NUEVO","Gabinete THERMALTAKE CTE T500 Air Full Tower 2x USB-C 3.2 Vidrio Templado CA-1X8-00F1WN-00","","BLANCO","","THERMALTAKE","Cód.",",00","","","Comprar","0","USD","","","En stock","En stock","Color","","Cantidad",",00","Antes","USD","Precio","IVA inc.","","https://www.infinit.com.uy/imgs/productos/productos3_36747.jpg"
"1778257444-203","https://www.infinit.com.uy/catalogo/hardware/infinit/","CAR55600GT","233","Garantía: 3 AÑOS / NUEVO","Procesador CPU AMD Ryzen 5 5600GT 6 Nucleos De 3.6 Hasta 4.6Ghz Video Amd Radeon Vega 7","","","","AMD","Cód.",",00","","","Comprar","231","USD","","","En stock","En stock","","","Cantidad",",00","Antes","USD","Ahora","IVA inc.","","https://www.infinit.com.uy/imgs/productos/productos3_33413.jpg"
"1778257444-204","https://www.infinit.com.uy/catalogo/hardware/infinit/","BFXE5GR","236","Garantía: 1 AÑO / NUEVO","Gabinete THERMALTAKE CTE E550 TG Mid Tower Matcha Green USB-C 3.2 Vidrio Templado CA-1Z8-00MEWN-0","-2%","VERDE","2","THERMALTAKE","Cód.",",00","","","Comprar","242","USD","","","En stock","En stock","Color","","Cantidad",",00","Antes","USD","Ahora","IVA inc.","%","https://www.infinit.com.uy/imgs/productos/productos3_36776.jpg"
"1778257444-205","https://www.infinit.com.uy/catalogo/hardware/infinit/","BFXC55S","239","Garantía: 1 AÑO / NUEVO","Gabinete THERMALTAKE CTE E550 TG Mid Tower Snow USB-C 3.2 Vidrio Templado CA-1Z8-00M6WN-00","-1%","BLANCO","1","THERMALTAKE","Cód.",",00","","","Comprar","242","USD","","","En stock","En stock","Color","","Cantidad",",00","Antes","USD","Ahora","IVA inc.","%","https://www.infinit.com.uy/imgs/productos/productos3_36764.jpg"
"1778257444-206","https://www.infinit.com.uy/catalogo/hardware/infinit/","PRV-MOT201","239","Socket 1700 Intel 12a, 13a, 14a gen DDR5","Mother Asrock B760M Steel Legend LGA 1700 WiFi 6","","","","ASROCK","Cód.",",40","","","Comprar","0","USD","","","En stock","En stock","","","Cantidad",",00","Antes","USD","Precio","IVA inc.","","https://www.infinit.com.uy/imgs/productos/productos3_40829.jpg"
"1778257444-207","https://www.infinit.com.uy/catalogo/hardware/infinit/","GCFV270BLACK","241","Garantía: 1 AÑO / NUEVO","Gabinete Gamer COUGAR FV270 + 1 Fan 120mm Argb Mid Tower Usb 3.0 + Usb-C Lateral Vidrio Templado","-5%","NEGRO","5","COUGAR","Cód.",",00","","","Comprar","253","USD","","","En stock","En stock","Color","","Cantidad",",00","Antes","USD","Ahora","IVA inc.","%","https://www.infinit.com.uy/imgs/productos/productos3_34881.jpg"
"1778257444-208","https://www.infinit.com.uy/catalogo/hardware/infinit/","GCFV270WHITE","241","Garantía: 1 AÑO / NUEVO","Gabinete Gamer COUGAR FV270 + 1 Fan 120mm Argb Mid Tower Usb 3.0 + Usb-C Lateral Vidrio Templado Blanco","-5%","BLANCO","5","COUGAR","Cód.",",00","","","Comprar","253","USD","","","En stock","En stock","Color","","Cantidad",",00","Antes","USD","Ahora","IVA inc.","%","https://www.infinit.com.uy/imgs/productos/productos3_35012.jpg"
"1778257444-209","https://www.infinit.com.uy/catalogo/hardware/infinit/","BFXN350","244","Garantía: 3 AÑOS / NUEVO","Solido Ssd NETAC 960Gb SA500 2.5 Sata3 6.0Gbps Para Notebooks y Pcs","-18%","","18","NETAC","Cód.",",00","","","Comprar","297","USD","","","En stock","En stock","","","Cantidad",",00","Antes","USD","Ahora","IVA inc.","%","https://www.infinit.com.uy/imgs/productos/productos3_25296.jpg"
"1778257444-210","https://www.infinit.com.uy/catalogo/hardware/infinit/","BFXRM10E","245","Garantía: 1 AÑO / NUEVO","Fuente De Poder CORSAIR 1000w RM1000e 80 Plus Gold Full Modular LOW NOISE CP-9020297-NA","-6%","","6","CORSAIR","Cód.",",00","","","Comprar","262","USD","","","En stock","En stock","","","Cantidad",",00","Antes","USD","Ahora","IVA inc.","%","https://www.infinit.com.uy/imgs/productos/productos3_36947.jpg"
"1778257444-211","https://www.infinit.com.uy/catalogo/hardware/infinit/","MB990GBT29","245","Garantía: 3 AÑOS / NUEVO","Motherboard GIGABYTE B850M EAGLE WIFI6E Am5 Micro ATX Amd Ryzen 2.5Gbe Bluetooth","","","","GIGABYTE","Cód.",",00","","","Comprar","0","USD","Nuevo","","En stock","En stock","","","Cantidad",",00","Antes","USD","Precio","IVA inc.","","https://www.infinit.com.uy/imgs/productos/productos3_41362.jpg"
"1778257444-212","https://www.infinit.com.uy/catalogo/hardware/infinit/","UAD35GD416G3","246","Garantía: DE POR VIDA / NUEVO","Memoria RAM ADATA Xpg Spectrix D35g 16GB Ddr4 3200Mhz Rgb Udimm","-9%","NEGRO","9","ADATA","Cód.",",00","","","Comprar","269","USD","","","En stock","En stock","Color","","Cantidad",",00","Antes","USD","Ahora","IVA inc.","%","https://www.infinit.com.uy/imgs/productos/productos3_33198.jpg"
"1778257444-213","https://www.infinit.com.uy/catalogo/hardware/infinit/","BFXP500","247","Garantía: 3 AÑOS / NUEVO","Fuente De Poder SEASONIC Fanless 500w 80 Plus Platinum Px-500 Full Modular SSR-500PL","","","","SEASONIC","Cód.",",00","","","Comprar","0","USD","","","En stock","En stock","","","Cantidad",",00","Antes","USD","Precio","IVA inc.","","https://www.infinit.com.uy/imgs/productos/productos3_35974.jpg"
"1778257444-214","https://www.infinit.com.uy/catalogo/hardware/infinit/","HS0012","247","Garantía: 3 AÑOS / NUEVO","Solido Ssd Nvme M.2 HIKSEMI Wave 1Tb 2280 PCIe Gen 3.0 Para Notebooks y Pcs","-12%","NEGRO","12","HIKSEMI","Cód.",",00","","","Comprar","282","USD","","","En stock","En stock","Color","","Cantidad",",00","Antes","USD","Ahora","IVA inc.","%","https://www.infinit.com.uy/imgs/productos/productos3_36379.jpg"
"1778257444-215","https://www.infinit.com.uy/catalogo/hardware/infinit/","PRV-MOT174","247","Socket AMD Ryzen AM5. DDR5. RGB","Motherboard ASROCK B650M Pro X3D AM5 Wi-Fi 6E","","","","ASROCK","Cód.",",60","","","Comprar","0","USD","","","En stock","En stock","","","Cantidad",",00","Antes","USD","Precio","IVA inc.","","https://www.infinit.com.uy/imgs/productos/productos3_40702.jpg"
"1778257444-216","https://www.infinit.com.uy/catalogo/hardware/infinit/","MAB760MSLW","248","Garantía: 3 AÑOS / NUEVO","Motherboard ASROCK B760m Steel Legend Lga Socket 1700 Para Intel Wifi Integrado 12va y 13 va Generacion","-10%","NEGRO","10","ASROCK","Cód.",",00","","","Comprar","277","USD","","","En stock","En stock","Color","","Cantidad",",00","Antes","USD","Ahora","IVA inc.","%","https://www.infinit.com.uy/imgs/productos/productos3_28084.jpg"
"1778257444-217","https://www.infinit.com.uy/catalogo/hardware/infinit/","AM0063","248","Garantía: 3 AÑOS / NUEVO","Procesador Cpu AMD Ryzen 5 8400F 6 Core 4.2 Hasta 4.7Ghz Socket Am5","","GRIS","","AMD","Cód.",",00","","","Comprar","225","USD","","","En stock","En stock","Color","","Cantidad",",00","Antes","USD","Ahora","IVA inc.","","https://www.infinit.com.uy/imgs/productos/productos3_33209.jpg"
"1778257444-218","https://www.infinit.com.uy/catalogo/hardware/infinit/","IT0041","250","Garantía: 3 AÑOS / NUEVO","Procesador CPU INTEL Core i5 12400F 12va Six Core 2.5 Hasta 4.4Ghz S1700","-2%","","2","INTEL","Cód.",",00","","Consultar","","256","USD","","","Agotado","Agotado","","","",",00","Antes","USD","Ahora","IVA inc.","%","https://www.infinit.com.uy/imgs/productos/productos3_23041.jpg"
"1778257444-219","https://www.infinit.com.uy/catalogo/hardware/infinit/","CC9011309W","252","Garantía: 1 AÑO / NUEVO","Gabinete Gamer CORSAIR 5000D Airflow Argb 4 Fanes 120mm Con Lateral de Vidrio Templado","","","","CORSAIR","Cód.",",00","","","Comprar","0","USD","","","En stock","En stock","","","Cantidad",",00","Antes","USD","Precio","IVA inc.","","https://www.infinit.com.uy/imgs/productos/productos3_41041.jpg"
"1778257444-220","https://www.infinit.com.uy/catalogo/hardware/infinit/","PRV-GAB158","254","Garantía Funcional","Gabinete DEEPCOOL CH780 + 3 Fanes 140mm Unidos en 420mm Blanco","","","","DEEPCOOL","Cód.",",68","","","Comprar","0","USD","","","En stock","En stock","","","Cantidad",",00","Antes","USD","Precio","IVA inc.","","https://www.infinit.com.uy/imgs/productos/productos1_37463.jpg"
"1778257444-221","https://www.infinit.com.uy/catalogo/hardware/infinit/","PRV-MOT180","256","Socket 1700 Intel 12a, 13a, 14a gen. DDR5. RGB","Mother Asrock B760M PG Sonic LGA 1700 Wi-Fi 6E","","","","ASROCK","Cód.",",20","","","Comprar","0","USD","","","En stock","En stock","","","Cantidad",",00","Antes","USD","Precio","IVA inc.","","https://www.infinit.com.uy/imgs/productos/productos3_40649.jpg"
"1778257444-222","https://www.infinit.com.uy/catalogo/hardware/infinit/","CAR58600G","257","Garantía: 3 AÑOS / NUEVO","Procesador CPU AMD Ryzen 5 86006 6 Nucleos AM5 De 4.3 Hasta 5.0Ghz Video Amd Radeon 760m","-2%","GRIS","2","AMD","Cód.",",00","","","Comprar","262","USD","","","En stock","En stock","Color","","Cantidad",",00","Antes","USD","Ahora","IVA inc.","%","https://www.infinit.com.uy/imgs/productos/productos3_33604.jpg"
"1778257444-223","https://www.infinit.com.uy/catalogo/hardware/infinit/","MB990GBT30","259","Garantía: 3 AÑOS / NUEVO","Motherboard GIGABYTE B850M EAGLE WIFI6E ICE Am5 Amd Ryzen 2.5Gbe Bluetooth","","","","GIGABYTE","Cód.",",00","","","Comprar","0","USD","Nuevo","","En stock","En stock","","","Cantidad",",00","Antes","USD","Precio","IVA inc.","","https://www.infinit.com.uy/imgs/productos/productos3_41365.jpg"
"1778257444-224","https://www.infinit.com.uy/catalogo/hardware/infinit/","MB990GBT08","261","Garantía: 3 AÑOS / NUEVO","Motherboard GIGABYTE B840M AORUS ELITE WIFI6E Am5 Amd Ryzen Micro ATX 2.5GbE","","","","GIGABYTE","Cód.",",00","","","Comprar","0","USD","Nuevo","","En stock","En stock","","","Cantidad",",00","Antes","USD","Precio","IVA inc.","","https://www.infinit.com.uy/imgs/productos/productos3_41368.jpg"
"1778257444-225","https://www.infinit.com.uy/catalogo/hardware/infinit/","AC000AOR11","262","Garantía: 3 AÑOS / NUEVO","Water Cooler Liquida GIGABYTE Aorus Waterforce X240 Rgb Intel Amd","","","","GIGABYTE","Cód.",",00","","","Comprar","262","USD","","","En stock","En stock","","","Cantidad",",00","Antes","USD","Precio","IVA inc.","","https://www.infinit.com.uy/imgs/productos/productos3_23818.jpg"
"1778257444-226","https://www.infinit.com.uy/catalogo/hardware/infinit/","PRV-MOT198","265","Socket AMD Ryzen AM5 DDR5","Motherboard ASROCK X870 Pro-A AM5 WiFi 7","","","","ASROCK","Cód.",",60","","","Comprar","0","USD","","","En stock","En stock","","","Cantidad",",00","Antes","USD","Precio","IVA inc.","","https://www.infinit.com.uy/imgs/productos/productos3_40838.jpg"
"1778257444-227","https://www.infinit.com.uy/catalogo/hardware/infinit/","PRV-MOT204","265","Socket 1851 Intel Ultra. DDR5. RGB","Motherboard ASROCK B860M Steel Legend LGA 1851 WiFi","","","","ASROCK","Cód.",",60","","","Comprar","0","USD","","","En stock","En stock","","","Cantidad",",00","Antes","USD","Precio","IVA inc.","","https://www.infinit.com.uy/imgs/productos/productos3_40835.jpg"
"1778257444-228","https://www.infinit.com.uy/catalogo/hardware/infinit/","BFXAIR54","268","Garantía: 1 AÑO / NUEVO","Gabinete CORSAIR AIR 5400 RS-R ARGB + 3 Fanes 120mm ARGB Negro CC-9011318-WW","-1%","NEGRO","1","CORSAIR","Cód.",",00","","","Comprar","271","USD","","","En stock","En stock","Color","","Cantidad",",00","Antes","USD","Ahora","IVA inc.","%","https://www.infinit.com.uy/imgs/productos/productos1_39826.jpg"
"1778257444-229","https://www.infinit.com.uy/catalogo/hardware/infinit/","PRV-MOT195","269","Socket AMD Ryzen AM5 DDR5","Mother Asrock B850 Pro-A AM5 WiFi","","","","ASROCK","Cód.",",90","","","Comprar","0","USD","","","En stock","En stock","","","Cantidad",",00","Antes","USD","Precio","IVA inc.","","https://www.infinit.com.uy/imgs/productos/productos3_40819.jpg"
"1778257444-230","https://www.infinit.com.uy/catalogo/hardware/infinit/","PRV-MOT177","269","Socket AMD Ryzen AM5. DDR5. RGB","Motherboard ASROCK B850 Steel Legend AM5 Wi-Fi 7","","","","ASROCK","Cód.",",90","","","Comprar","0","USD","","","En stock","En stock","","","Cantidad",",00","Antes","USD","Precio","IVA inc.","","https://www.infinit.com.uy/imgs/productos/productos3_40671.jpg"
"1778257444-231","https://www.infinit.com.uy/catalogo/hardware/infinit/","BFXGW19","271","Garantía: 1 AÑO / NUEVO","Gabinete CORSAIR AIR 5400 RS-R ARGB Blanco CC-9011319-WW","","BLANCO","","CORSAIR","Cód.",",00","","","Comprar","0","USD","","","En stock","En stock","Color","","Cantidad",",00","Antes","USD","Precio","IVA inc.","","https://www.infinit.com.uy/imgs/productos/productos3_39835.jpg"
"1778257444-232","https://www.infinit.com.uy/catalogo/hardware/infinit/","PRV-MOT171","273","Socket AMD Ryzen AM5. DDR5. RGB","Motherboard ASROCK B650 PG Lightning AM5","","","","ASROCK","Cód.",",10","","","Comprar","0","USD","","","En stock","En stock","","","Cantidad",",00","Antes","USD","Precio","IVA inc.","","https://www.infinit.com.uy/imgs/productos/productos3_40701.jpg"
"1778257444-233","https://www.infinit.com.uy/catalogo/hardware/infinit/","DSALEG1TB","280","Garantía: 3 AÑOS / NUEVO","Ssd Solido Nvme 1Tb ADATA Legend 710 Pcie Gen3 x4 2280","","","","ADATA","Cód.",",00","","","Comprar","90","USD","","","En stock","En stock","","","Cantidad",",00","Antes","USD","Ahora","IVA inc.","","https://www.infinit.com.uy/imgs/productos/productos3_35997.jpg"
"1778257444-234","https://www.infinit.com.uy/catalogo/hardware/infinit/","PRV-MOT202","282","Socket 1851 Intel Ultra. DDR5. RGB","Motherboard ASROCK B860 LiveMixer LGA 1851 WiFi 6","","","","ASROCK","Cód.",",10","","","Comprar","0","USD","","","En stock","En stock","","","Cantidad",",00","Antes","USD","Precio","IVA inc.","","https://www.infinit.com.uy/imgs/productos/productos3_40831.jpg"
"1778257444-235","https://www.infinit.com.uy/catalogo/hardware/infinit/","DH100KNG67","285","Garantía: 3 AÑOS / NUEVO","Solido Ssd Nvme M.2 KINGSTON NV3 1Tb 2280 PCIe Gen 4.0 Para Notebooks y PCs","","","","KINGSTON","Cód.",",00","","","Comprar","282","USD","","","En stock","En stock","","","Cantidad",",00","Antes","USD","Ahora","IVA inc.","","https://www.infinit.com.uy/imgs/productos/productos3_35662.jpg"
"1778257444-236","https://www.infinit.com.uy/catalogo/hardware/infinit/","BFXP6GRE","285","Garantía: 1 AÑO / NUEVO","Gabinete THERMALTAKE CORE P6 TG Racing Green USB-C 3.2 Vidrio Templado CA-1V2-00MCWN-00","","VERDE","","THERMALTAKE","Cód.",",00","","","Comprar","0","USD","","","En stock","En stock","Color","","Cantidad",",00","Antes","USD","Precio","IVA inc.","","https://www.infinit.com.uy/imgs/productos/productos3_36897.jpg"
"1778257444-237","https://www.infinit.com.uy/catalogo/hardware/infinit/","BFX1V2","285","Garantía: 1 AÑO / NUEVO","Gabinete THERMALTAKE CORE P6 TG USB-C 3.2 Vidrio Templado CA-1V2-00M6WN-00","","BLANCO","","THERMALTAKE","Cód.",",00","","","Comprar","0","USD","","","En stock","En stock","Color","","Cantidad",",00","Antes","USD","Precio","IVA inc.","","https://www.infinit.com.uy/imgs/productos/productos3_36885.jpg"
"1778257444-238","https://www.infinit.com.uy/catalogo/hardware/infinit/","BFX1V2P6","285","Garantía: 1 AÑO / NUEVO","Gabinete THERMALTAKE CORE P6 TG USB-C 3.2 Vidrio Templado CA-1V2-00M1WN-00","","NEGRO","","THERMALTAKE","Cód.",",00","","","Comprar","0","USD","","","En stock","En stock","Color","","Cantidad",",00","Antes","USD","Precio","IVA inc.","","https://www.infinit.com.uy/imgs/productos/productos3_36879.jpg"
"1778257444-239","https://www.infinit.com.uy/catalogo/hardware/infinit/","DIS402","285","Garantía: 3 AÑOS / NUEVO","Solido Ssd Nvme M.2 1Tb LEXAR NQ100 NM610PRO 2280 PCIe Gen 3.0 x4 Para Notebooks y Pcs","","","","LEXAR","Cód.",",00","","","Comprar","0","USD","","","En stock","En stock","","","Cantidad",",00","Antes","USD","Precio","IVA inc.","","https://www.infinit.com.uy/imgs/productos/productos3_40972.jpg"