web_scraper_order,web_scraper_start_url,price,description,sku,name,data,data2,brand,data3,data4,data5,data6,data7,data8,data9,data10,data11,data12,data13,data14,data15,data16,data17,data18,data19,data20,data21,data22,data23,image
"1778256957-1","https://www.infinit.com.uy/catalogo/pc/infinit/","175","Garantía: 1 AÑO / RECERTIFICADO","CI5LENOVOM910QTINYPZ","Equipo Ultra Mini Pc LENOVO Tiny M910q Intel Core i5 6500t Ram 8Gb Ddr4 Ssd 256Gb 2x DPort Vga W10 Pro","-37%","NEGRO","LENOVO","37","279","USD","Cód.","","",",00","Comprar","","","Antes","USD","Ahora","IVA inc.","En stock","En stock","","Color",",00","Cantidad","%","https://www.infinit.com.uy/imgs/productos/productos3_32928.jpg"
"1778256957-2","https://www.infinit.com.uy/catalogo/pc/infinit/","210","Garantía: 6 MESES / RECERTIFICADO","HPELITEDESK705","Equipo Pc Ref. HP ELITEDESK705 Amd A10-8770 RAM 8Gb Ssd 256Gb Video AMD Wifi Coa Win10 64bit Pro","","","HP","","206","USD","Cód.","","",",00","Comprar","","","Antes","USD","Ahora","IVA inc.","En stock","En stock","","",",00","Cantidad","","https://www.infinit.com.uy/imgs/productos/productos1_21170.jpg"
"1778256957-3","https://www.infinit.com.uy/catalogo/pc/infinit/","221","Garantía: 1 AÑO / REF. DE FABRICA A NUEVO","NOT3066","Notebook ASUS L510 Intel Core N5030 - 4Gb - 128Gb - Pantalla IPS 15.6 Full HD - W11 Home","-12%","AZUL OSCURO","ASUS","12","251","USD","Cód.","15,6""","",",00","Comprar","","","Antes","USD","Ahora","IVA inc.","En stock","En stock","Color","Medida",",00","Cantidad","%","https://www.infinit.com.uy/imgs/productos/productos3_41049.jpg"
"1778256957-4","https://www.infinit.com.uy/catalogo/pc/infinit/","286","Nuevo. Modelo IdeaPad 1i.","PRV-NOT3091","Notebook LENOVO IdeaPad 1i Intel N4500 - 4GB - 128GB Pantalla 14"" HD - Win 11","","","LENOVO","","0","USD","Cód.","","",",70","Comprar","","Nuevo","Antes","USD","Precio","IVA inc.","En stock","En stock","","",",00","Cantidad","","https://www.infinit.com.uy/imgs/productos/productos3_41197.jpg"
"1778256957-5","https://www.infinit.com.uy/catalogo/pc/infinit/","296","Garantía: 1 AÑO EN EQUIPO / 6 MESES EN BATERÍA","NBI5DELL5480RFR","Notebook DELL LATITUDE 5480 Intel Core i5 6300u - RAM 8Gb - 256Gb - Pantalla 14 HD - Win 10 Pro","-2%","NEGRO","HP","2","301","USD","Cód.","14""","","","Comprar","","","Antes","USD","Ahora","IVA inc.","En stock","En stock","Color","Medida","","Cantidad","%","https://www.infinit.com.uy/imgs/productos/productos3_25926.jpg"
"1778256957-6","https://www.infinit.com.uy/catalogo/pc/infinit/","298","Garantía: 1 AÑO / RECERTIFICADO","NOT2376","Notebook LENOVO Thinkpad T470 Intel Core i5 7300u (2 Núcleos) - 8Gb- Ssd 256Gb - Pantalla 14 Full HD - W10 Pro","","NEGRO","LENOVO","","298","USD","Cód.","14""","","","Comprar","","","Antes","USD","Precio","IVA inc.","En stock","En stock","Color","Medida","","Cantidad","","https://www.infinit.com.uy/imgs/productos/productos1_25933.jpg"
"1778256957-7","https://www.infinit.com.uy/catalogo/pc/infinit/","313","Garantía: 1 AÑO / RECERTIFICADO","CI7HPZ240","Equipo PC WORKSTATION HP Z240 Intel Core i7 - RAM 16Gb - Ssd 240Gb - Winodws 10 Pro","","NEGRO","HP","","0","USD","Cód.","","",",00","Comprar","","","Antes","USD","Precio","IVA inc.","En stock","En stock","","Color",",00","Cantidad","","https://www.infinit.com.uy/imgs/productos/productos3_40523.jpg"
"1778256957-8","https://www.infinit.com.uy/catalogo/pc/infinit/","319","Garantía: 1 AÑO / NUEVO","NOT3152","Notebook ASUS E510KA Intel Celeron N4500 (2 Core) - 4Gb - 128Gb - Pantalla 15.6 Fhd - W11","-14%","AZUL OSCURO","ASUS","14","372","USD","Cód.","15,6""","","","Comprar","","","Antes","USD","Ahora","IVA inc.","En stock","En stock","Color","Medida","","Cantidad","%","https://www.infinit.com.uy/imgs/productos/productos3_40011.jpg"
"1778256957-9","https://www.infinit.com.uy/catalogo/pc/infinit/","330","Nuevo. Modelo IdeaPad 1.","PRV-NOT3246","Notebook LENOVO IdeaPad 1i Intel N4500 - 4GB - 128GB Pantalla 15.6"" HD - Win 11","","","LENOVO","","0","USD","Cód.","","",",90","Comprar","","Nuevo","Antes","USD","Precio","IVA inc.","En stock","En stock","","",",00","Cantidad","","https://www.infinit.com.uy/imgs/productos/productos3_41194.jpg"
"1778256957-10","https://www.infinit.com.uy/catalogo/pc/infinit/","340","Garantía: 1 AÑO / RECERTIFICADO","AIOI5DELL7440","All In One DELL Aio Optiplex 7440 Intel Core I5 6500u 3.2Ghz Ram 8Gb Ddr4 Nvme 240Gb Pantalla 23 Fhd W10P","-24%","NEGRO","DELL","24","449","USD","Cód.","23""","","","Comprar","","","Antes","USD","Ahora","IVA inc.","En stock","En stock","Color","Medida","","Cantidad","%","https://www.infinit.com.uy/imgs/productos/productos3_29574.jpg"
"1778256957-11","https://www.infinit.com.uy/catalogo/pc/infinit/","343","Garantía: 6 MESES / RECERTIFICADO","KIT1HPELITEDESK705","Equipo Pc Refabricado Hp Elitedesk 705 Amd A10-8770 3.8Ghz Ram 16Gb Ssd 240G Video Vega 7 Wifi Coa Win10 64bit Pro","","NEGRO","HP","","339","USD","Cód.","","Consultar",",00","","","","Antes","USD","Ahora","IVA inc.","Agotado","Agotado","","Color",",00","","","https://www.infinit.com.uy/imgs/productos/productos3_21173.jpg"
"1778256957-12","https://www.infinit.com.uy/catalogo/pc/infinit/","356","Garantía: 1 AÑO / NUEVO","I02164","Ultrabook Notebook CHUWI GEMIBOOK PLUS Intel N100 Quad Core - 8Gb - 256Gb - Pantalla 15.6 Full HD - W11","","GRIS","CHUWI","","0","USD","Cód.","15,6""","","","Comprar","","Nuevo","Antes","USD","Precio","IVA inc.","En stock","En stock","Color","Medida","","Cantidad","","https://www.infinit.com.uy/imgs/productos/productos3_41301.jpg"
"1778256957-13","https://www.infinit.com.uy/catalogo/pc/infinit/","358","Garantía: 6 MESES / RECERTIFICADO","NOTHP640G4GEN8","Notebook HP PROBOOK 640 G4 Intel Core i5 8250u - 8Gb - 256Gb - Pantalla 14 Fhd Huella W11P","-7%","GRIS","HP","7","387","USD","Cód.","14""","",",00","Comprar","","","Antes","USD","Ahora","IVA inc.","En stock","En stock","Color","Medida",",00","Cantidad","%","https://www.infinit.com.uy/imgs/productos/productos3_34113.jpg"
"1778256957-14","https://www.infinit.com.uy/catalogo/pc/infinit/","375","Garantía: 1 AÑO / NUEVO","NOT2877","Ultrabook CHUWI Herobook Pro Intel Dual Core N4020 2.8Ghz Ram 8Gb Nvme Ssd 256Gb Pantalla 15.6 Ips Fhd Wifi Hdmi Win11","","GRIS","CHUWI","","293","USD","Cód.","14""","",",00","Comprar","","","Antes","USD","Ahora","IVA inc.","En stock","En stock","Color","Medida",",00","Cantidad","","https://www.infinit.com.uy/imgs/productos/productos3_34889.jpg"
"1778256957-15","https://www.infinit.com.uy/catalogo/pc/infinit/","395","Garantía: 1 AÑO / RECERTIFICADO","HPPBOOK450G6","Notebook HP ProBook 450 G5/G6 Intel Core i5 8265u - 8Gb - 256Gb - Pantalla 15.6 HD -  W10p","","PLATA","HP","","0","USD","Cód.","15,6""","",",00","Comprar","","","Antes","USD","Precio","IVA inc.","En stock","En stock","Color","Medida",",00","Cantidad","","https://www.infinit.com.uy/imgs/productos/productos3_39486.jpg"
"1778256957-16","https://www.infinit.com.uy/catalogo/pc/infinit/","396","Garantía: 6 MESES / RECERTIFICADO","MACAIRBMT122LL","APPLE Macbook Air Intel Core i5 1.8Ghz Ram 8Gb Ssd Nvme 128Gb Pantalla 13.3 Año 2017 BMT12LL/A","-21%","GRIS","APPLE","21","501","USD","Cód.","13,3""","",",00","Comprar","Destacado","","Antes","USD","Ahora","IVA inc.","En stock","En stock","Color","Medida",",00","Cantidad","%","https://www.infinit.com.uy/imgs/productos/productos3_34109.jpg"
"1778256957-17","https://www.infinit.com.uy/catalogo/pc/infinit/","399","Garantía: 1 AÑO / RECERTIFICADO","CI5HP800G4TINY","Mini Pc HP Elitedesk 800 G4 Intel Core i5 8500T - 8Gb - 240Gb - Wifi - Teclado y Mouse - Win11 Pro 64bit Español","","NEGRO","HP","","281","USD","Cód.","","",",00","Comprar","","","Antes","USD","Ahora","IVA inc.","En stock","En stock","","Color",",00","Cantidad","","https://www.infinit.com.uy/imgs/productos/productos3_34706.jpg"
"1778256957-18","https://www.infinit.com.uy/catalogo/pc/infinit/","399","Garantía: 1 AÑO / RECERTIFICADO","NBDELL5400","Notebook DELL Latitude 5400 Intel Core i5 8265u - 16Gb - Ssd 256Gb - Pantalla 14 Full HD - Win11 Pro","","GRIS OSCURO","DELL","","0","USD","Cód.","14""","",",00","Comprar","","","Antes","USD","Precio","IVA inc.","En stock","En stock","Color","Medida",",00","Cantidad","","https://www.infinit.com.uy/imgs/productos/productos3_38622.jpg"
"1778256957-19","https://www.infinit.com.uy/catalogo/pc/infinit/","399","Garantía: 1 AÑO / RECERTIFICADO","NBR3DELL3585PZ","Notebook DELL INSPIRION 3585 Amd Ryzen 3 2200U - 16Gb - 256Gb - Pantalla 15.6 Hd - W10","-34%","NEGRO","DELL","34","608","USD","Cód.","15,6""","",",00","Comprar","","","Antes","USD","Ahora","IVA inc.","En stock","En stock","Color","Medida",",00","Cantidad","%","https://www.infinit.com.uy/imgs/productos/productos3_40951.jpg"
"1778256957-20","https://www.infinit.com.uy/catalogo/pc/infinit/","407","Garantía: 1 AÑO / RECERTIFICADO","OKNOT76","Notebook DELL Latitude 5410 Intel Core i5 10310u - 8Gb - 256Gb - Pantalla 14 Full HD - W11P","-2%","GRIS","DELL","2","414","USD","Cód.","14""","",",00","Comprar","","","Antes","USD","Ahora","IVA inc.","En stock","En stock","Color","Medida",",00","Cantidad","%","https://www.infinit.com.uy/imgs/productos/productos3_39416.jpg"
"1778256957-21","https://www.infinit.com.uy/catalogo/pc/infinit/","422","Garantía: 6 MESES / RECERTIFICADO","NBI7DELL7490RFR256","Notebook DELL Latitude 7490 Intel Core i7 8650U (4 Nucleos) - 8Gb - 256Gb - Pantalla 14 Full Hd - W11P","-7%","NEGRO","DELL","7","456","USD","Cód.","14""","",",00","Comprar","","","Antes","USD","Ahora","IVA inc.","En stock","En stock","Color","Medida",",00","Cantidad","%","https://www.infinit.com.uy/imgs/productos/productos3_41032.jpg"
"1778256957-22","https://www.infinit.com.uy/catalogo/pc/infinit/","427","Garantía: 6 MESES / RECERTIFICADO","FULIFE5511","Notebook FUJITSU LIFEBOOK E5511 Intel Core i5 1145G7 - 8Gb - 256Gb - Pantalla 15.6 Full HD - W11 Pro","","NEGRO","FUJITSU","","0","USD","Cód.","15,6""","",",00","Comprar","","Nuevo","Antes","USD","Precio","IVA inc.","En stock","En stock","Color","Medida",",00","Cantidad","","https://www.infinit.com.uy/imgs/productos/productos3_41487.jpg"
"1778256957-23","https://www.infinit.com.uy/catalogo/pc/infinit/","438","Garantía: 6 MESES / RECERTIFICADO","KITHPELITEDESK705","Equipo Pc Ref. HP ELITEDESK 705 Amd A10-8770 RAM 16Gb Ssd 512Gb Video Vega 7 Wifi Coa Win10 64bit Pro","","NEGRO","HP","","433","USD","Cód.","","Consultar",",00","","","","Antes","USD","Ahora","IVA inc.","Agotado","Agotado","","Color",",00","","","https://www.infinit.com.uy/imgs/productos/productos3_21171.jpg"
"1778256957-24","https://www.infinit.com.uy/catalogo/pc/infinit/","458","Garantía: 6 MESES / RECERTIFICADO","KITTINYM83I54590","Equipo Ultra Mini Pc Lenovo Tiny M83 Intel Core i5 4590t 2.0Ghz Ram 16Gb Ddr3 Ssd 480Gb Vga y 2x Dp Win10 64bit","","","LENOVO","","370","USD","Cód.","","",",00","Comprar","","","Antes","USD","Ahora","IVA inc.","En stock","En stock","","",",00","Cantidad","","https://www.infinit.com.uy/imgs/productos/productos3_23880.jpg"
"1778256957-25","https://www.infinit.com.uy/catalogo/pc/infinit/","464","Garantía: 1 AÑO EN EQUIPO / 6 MESES EN BATERÍA","KITNBI5DELL5480RFRF","Notebook DELL LATITUDE 5480 Intel Core i5 6300u - RAM 16Gb - 480Gb - Pantalla 14 HD - Win 10 Pro","-1%","NEGRO","DELL","1","469","USD","Cód.","14""","",",00","Comprar","","","Antes","USD","Ahora","IVA inc.","En stock","En stock","Color","Medida",",00","Cantidad","%","https://www.infinit.com.uy/imgs/productos/productos3_20295.jpg"
"1778256957-26","https://www.infinit.com.uy/catalogo/pc/infinit/","465","Garantía: 1 AÑO / RECERTIFICADO","HPPBOOK450G616G","Notebook HP ProBook 450 G5/G6 Intel Core i5 8265u - 16Gb - 512Gb - Pantalla 15.6 HD -  W10p","","PLATA","HP","","0","USD","Cód.","15,6""","",",00","Comprar","","","Antes","USD","Precio","IVA inc.","En stock","En stock","Color","Medida",",00","Cantidad","","https://www.infinit.com.uy/imgs/productos/productos3_39453.jpg"
"1778256957-27","https://www.infinit.com.uy/catalogo/pc/infinit/","491","Garantía: 1 AÑO / RECERTIFICADO","DOWNDELL5410I7TOUCH","Notebook DELL Latitude 5410 Intel Core i7 10810u - 8Gb - 256Gb - Pantalla 14 Full HD Táctil - W11 Pro","-2%","GRIS","DELL","2","499","USD","Cód.","14""","",",00","Comprar","","Nuevo","Antes","USD","Ahora","IVA inc.","En stock","En stock","Color","Medida",",00","Cantidad","%","https://www.infinit.com.uy/imgs/productos/productos3_41477.jpg"
"1778256957-28","https://www.infinit.com.uy/catalogo/pc/infinit/","492","Garantía: 6 MESES / REF. DE FABRICA A NUEVO","NOT3207","Notebook HP 14-EP1063CL Intel Core 3 100U - 12Gb - Ssd 512Gb - Pantalla 14 Full HD - W11","","GRIS","HP","","492","USD","Cód.","15,6""","",",00","Comprar","","","Antes","USD","Precio","IVA inc.","En stock","En stock","Color","Medida",",00","Cantidad","","https://www.infinit.com.uy/imgs/productos/productos3_40078.jpg"
"1778256957-29","https://www.infinit.com.uy/catalogo/pc/infinit/","499","Garantía: 6 MESES / RECERTIFICADO","A1708I7RFR","APPLE Macbook Pro A1708 Intel Core i7 - 8Gb - 256Gb - Pantalla 13.3 Retina - macOS Ventura - Año 2017","","GRIS","APPLE","","0","USD","Cód.","13,3""","",",00","Comprar","","","Antes","USD","Precio","IVA inc.","En stock","En stock","Color","Medida",",00","Cantidad","","https://www.infinit.com.uy/imgs/productos/productos3_40520.jpg"
"1778256957-30","https://www.infinit.com.uy/catalogo/pc/infinit/","502","Garantía: 1 AÑO / REF. DE FABRICA A NUEVO","LAT01333891RFAA","Notebook DELL LATITUDE 3420 Intel Core I5 1135G7 - 8Gb - 256Gb - Pantalla 14 Hd - W11 Pro","-3%","NEGRO","DELL","3","515","USD","Cód.","14""","",",00","Comprar","","","Antes","USD","Ahora","IVA inc.","En stock","En stock","Color","Medida",",00","Cantidad","%","https://www.infinit.com.uy/imgs/productos/productos3_31003.jpg"
"1778256957-31","https://www.infinit.com.uy/catalogo/pc/infinit/","503","Garantía: 1 AÑO / NUEVO","NOT3297","Notebook ASUS Vivobook X1504VA Intel Core i3 1215u (6 Núcleos) - 8Gb - 512Gb - Pantalla 15.6 Full HD - FreeDOS","","AZUL OSCURO","ASUS","","0","USD","Cód.","15,6""","",",00","Comprar","","Nuevo","Antes","USD","Precio","IVA inc.","En stock","En stock","Color","Medida",",00","Cantidad","","https://www.infinit.com.uy/imgs/productos/productos3_41448.jpg"
"1778256957-32","https://www.infinit.com.uy/catalogo/pc/infinit/","507","Garantía: 1 AÑO / NUEVO","NAE1504GA","Notebook ASUS Vivobook Go 15 (E1504GA-WS36) Intel Core i3 N305 - 8Gb - Ssd 256Gb - Pantalla 15.6 Full HD - W11","-10%","NEGRO","ASUS","10","564","USD","Cód.","15,6""","",",00","Comprar","","","Antes","USD","Ahora","IVA inc.","En stock","En stock","Color","Medida",",00","Cantidad","%","https://www.infinit.com.uy/imgs/productos/productos3_29837.jpg"
"1778256957-33","https://www.infinit.com.uy/catalogo/pc/infinit/","511","Garantía: 1 AÑO / NUEVO","NOT2503","Notebook ASUS Vivobook Go 15 (E1504GA-NJ034W) Intel Core i3 N305 - 8Gb - Ssd 256Gb - Pantalla 15.6 Full HD - W11","-10%","NEGRO","ASUS","10","569","USD","Cód.","15,6""","",",00","Comprar","","","Antes","USD","Ahora","IVA inc.","En stock","En stock","Color","Medida",",00","Cantidad","%","https://www.infinit.com.uy/imgs/productos/productos3_28057.jpg"
"1778256957-34","https://www.infinit.com.uy/catalogo/pc/infinit/","511","Garantía: 1 AÑO / NUEVO","E1504GANJ102","Notebook ASUS Vivobook Go 15 Intel Core i3 N305 (8 Núcleos) - 8Gb - 256Gb - Pantalla 15.6 Full HD - Teclado Español","-10%","NEGRO","ASUS","10","569","USD","Cód.","15,6""","",",00","Comprar","","","Antes","USD","Ahora","IVA inc.","En stock","En stock","Color","Medida",",00","Cantidad","%","https://www.infinit.com.uy/imgs/productos/productos3_28552.jpg"
"1778256957-35","https://www.infinit.com.uy/catalogo/pc/infinit/","511","Garantía: 1 AÑO / NUEVO","E1404GANK228W","Notebook ASUS Vivobook Go 14 E1404GA Intel Core i3 N305 (8 Nucleos) - 8Gb - 256Gb - Pantalla 14 Full Hd - W11","","NEGRO","ASUS","","0","USD","Cód.","14""","",",00","Comprar","","","Antes","USD","Precio","IVA inc.","En stock","En stock","Color","Medida",",00","Cantidad","","https://www.infinit.com.uy/imgs/productos/productos3_41036.jpg"
"1778256957-36","https://www.infinit.com.uy/catalogo/pc/infinit/","526","Garantía: 6 MESES / RECERTIFICADO","KITFULIFE5511","Notebook FUJITSU LIFEBOOK E5511 Intel Core i5 1145G7 - 16Gb - 256Gb - Pantalla 15.6 Full HD - W11 Pro","","NEGRO","FUJITSU","","0","USD","Cód.","15,6""","",",00","Comprar","","Nuevo","Antes","USD","Precio","IVA inc.","En stock","En stock","Color","Medida",",00","Cantidad","","https://www.infinit.com.uy/imgs/productos/productos3_41492.jpg"
"1778256957-37","https://www.infinit.com.uy/catalogo/pc/infinit/","532","Garantía: 3 AÑOS / NUEVO","7OF","Equipo PC INTEL Pentium G7400 12va Gen - 8Gb - Ssd 240Gb - Wifi/Bt - Windows 11 Pro - Teclado Mouse y Parlantes","-2%","NEGRO","INTEL","2","545","USD","Cód.","","",",00","Comprar","Destacado","","Antes","USD","Ahora","IVA inc.","En stock","En stock","","Color",",00","Cantidad","%","https://www.infinit.com.uy/imgs/productos/productos3_24629.jpg"
"1778256957-38","https://www.infinit.com.uy/catalogo/pc/infinit/","544","Garantía: 1 AÑO / RECERTIFICADO","KITNOT2376F","Notebook LENOVO Thinkpad T470 Intel Core i5 7300u (2 Núcleos) - 16Gb- Ssd 512Gb - Pantalla 14 Full HD - W10 Pro","","NEGRO","LENOVO","","544","USD","Cód.","14""","",",00","Comprar","","","Antes","USD","Precio","IVA inc.","En stock","En stock","Color","Medida",",00","Cantidad","","https://www.infinit.com.uy/imgs/productos/productos3_25938.jpg"
"1778256957-39","https://www.infinit.com.uy/catalogo/pc/infinit/","546","Garantía: 1 AÑO / RECERTIFICADO","KITNBDELL5400","Notebook DELL Latitude 5400 Intel Core i5 8265u - 16Gb - Ssd 512Gb - Pantalla 14 Full HD - Win11 Pro","-5%","GRIS OSCURO","DELL","5","573","USD","Cód.","14""","",",00","Comprar","","","Antes","USD","Ahora","IVA inc.","En stock","En stock","Color","Medida",",00","Cantidad","%","https://www.infinit.com.uy/imgs/productos/productos3_38627.jpg"
"1778256957-40","https://www.infinit.com.uy/catalogo/pc/infinit/","547","Garantía: 1 AÑO / NUEVO","NOT2503MOCH","Notebook ASUS Vivobook Go 15 (E1504GA-WS36) Intel Core i3 N305 - 8Gb - 256Gb - Pantalla 15.6 Full HD - W11 - Mochila","-10%","NEGRO","ASUS","10","606","USD","Cód.","15,6""","",",00","Comprar","","","Antes","USD","Ahora","IVA inc.","En stock","En stock","Color","Medida",",00","Cantidad","%","https://www.infinit.com.uy/imgs/productos/productos3_28052.jpg"
"1778256957-41","https://www.infinit.com.uy/catalogo/pc/infinit/","557","Garantía: 1 AÑO / RECERTIFICADO","NBI7DELL7410RF","Notebook DELL Latitude 7410 Intel Core i7 10610u - 16Gb - 256Gb - Pantalla 14 Full HD - W10P","","NEGRO","DELL","","557","USD","Cód.","14""","",",00","Comprar","","","Antes","USD","Precio","IVA inc.","En stock","En stock","Color","Medida",",00","Cantidad","","https://www.infinit.com.uy/imgs/productos/productos3_32032.jpg"
"1778256957-42","https://www.infinit.com.uy/catalogo/pc/infinit/","557","Garantía: 1 AÑO / NUEVO","NOT3296","Notebook ASUS Vivobook X1504VA Intel Core i3 1215u (6 Núcleos) - 8Gb - 512Gb - Pantalla 15.6 Full HD - W11","","AZUL OSCURO","ASUS","","0","USD","Cód.","15,6""","",",00","Comprar","","Nuevo","Antes","USD","Precio","IVA inc.","En stock","En stock","Color","Medida",",00","Cantidad","","https://www.infinit.com.uy/imgs/productos/productos3_41453.jpg"
"1778256957-43","https://www.infinit.com.uy/catalogo/pc/infinit/","563","Garantía: 1 AÑO / RECERTIFICADO","NT056DEL28","Notebook DELL Latitude 7420 Intel Core i5 1145G7 11va - 16Gb - 256Gb - Pantalla IPS 14"" Full HD - W10 Pro","-68%","GRIS","DELL","68","1.785","USD","Cód.","14""","",",00","Comprar","","","Antes","USD","Ahora","IVA inc.","En stock","En stock","Color","Medida",",00","Cantidad","%","https://www.infinit.com.uy/imgs/productos/productos3_22065.jpg"
"1778256957-44","https://www.infinit.com.uy/catalogo/pc/infinit/","572","Garantía: 1 AÑO / RECERTIFICADO","NBI7DELL7410RFTOUCH","Notebook DELL Latitude 7410 Intel Core i7 10610u - 16Gb - 256Gb - Pantalla 14 Full HD Tactil - W10P","","NEGRO","DELL","","0","USD","Cód.","14""","",",00","Comprar","","","Antes","USD","Precio","IVA inc.","En stock","En stock","Color","Medida",",00","Cantidad","","https://www.infinit.com.uy/imgs/productos/productos3_39471.jpg"
"1778256957-45","https://www.infinit.com.uy/catalogo/pc/infinit/","587","Garantía: 1 AÑO / RECERTIFICADO","HP840G8","Notebook HP EliteBook 840 G8 Intel Core i7 1185G7 11va - 16Gb - 256Gb - Pantalla 14 Full HD - Win11 Pro","","PLATA","HP","","0","USD","Cód.","14""","",",00","Comprar","","","Antes","USD","Precio","IVA inc.","En stock","En stock","Color","Medida",",00","Cantidad","","https://www.infinit.com.uy/imgs/productos/productos3_39972.jpg"
"1778256957-46","https://www.infinit.com.uy/catalogo/pc/infinit/","588","Garantía: 3 AÑOS / NUEVO","2OF","Equipo PC INTEL Core i5 10400 10ma - 8Gb - Ssd 256Gb - Wifi/Bt - Windows 11 Pro - Teclado Mouse y Parlantes","-1%","NEGRO","INTEL","1","593","USD","Cód.","","",",00","Comprar","","","Antes","USD","Ahora","IVA inc.","En stock","En stock","","Color",",00","Cantidad","%","https://www.infinit.com.uy/imgs/productos/productos3_14116.jpg"
"1778256957-47","https://www.infinit.com.uy/catalogo/pc/infinit/","593","Garantía: 3 AÑOS / NUEVO","NG029","PC Gamer AMD Ryzen 5 5600G (6 Núcleos) - RAM 8Gb - Ssd 256Gb - Wifi/Bt - Windows","","","AMD","","592","USD","Cód.","","",",00","Comprar","","","Antes","USD","Ahora","IVA inc.","En stock","En stock","","",",00","Cantidad","","https://www.infinit.com.uy/imgs/productos/productos3_22522.jpg"
"1778256957-48","https://www.infinit.com.uy/catalogo/pc/infinit/","593","Garantía: 1 AÑO / RECERTIFICADO","KL02065RFAA","Notebook HP ELITEBOOK 855 G7 AMD Ryzen 7 Pro 4750u (8 Núcleos) - 16Gb - 256Gb - Pantalla 15.6 Full HD - W11 Pro","-2%","PLATA","HP","2","608","USD","Cód.","15,6""","",",00","Comprar","","","Antes","USD","Ahora","IVA inc.","En stock","En stock","Color","Medida",",00","Cantidad","%","https://www.infinit.com.uy/imgs/productos/productos3_40585.jpg"
"1778256957-49","https://www.infinit.com.uy/catalogo/pc/infinit/","593","Garantía: 1 AÑO / RECERTIFICADO","DELL5410I7TOUCH","Notebook DELL Latitude 5410 Intel Core i7 10810u - 16Gb - 256Gb - Pantalla 14 Full HD Táctil - W11P","","GRIS","DELL","","0","USD","Cód.","14""","",",00","Comprar","","","Antes","USD","Precio","IVA inc.","En stock","En stock","Color","Medida",",00","Cantidad","","https://www.infinit.com.uy/imgs/productos/productos3_41021.jpg"
"1778256957-50","https://www.infinit.com.uy/catalogo/pc/infinit/","602","Garantía: 1 AÑO / NUEVO","NOT3284","Notebook ACER Extensa 15 Amd Ryzen 5 7520U (4 Nucleos) - 8Gb - 256Gb - Pantalla 15,6 Full Hd - W11P","","GRIS","ACER","","0","USD","Cód.","15,6""","",",00","Comprar","","","Antes","USD","Precio","IVA inc.","En stock","En stock","Color","Medida",",00","Cantidad","","https://www.infinit.com.uy/imgs/productos/productos3_40960.jpg"
"1778256957-51","https://www.infinit.com.uy/catalogo/pc/infinit/","604","Garantía: 1 AÑO / NUEVO","NOT3341","Notebook LENOVO Ideapad 1 15AMN7 Amd Ryzen 5 7520U (4 Nucleos) - 8Gb - 256Gb - Pantalla 15,6 Full Hd - W11","","AZUL","LENOVO","","0","USD","Cód.","15,6""","",",00","Comprar","","","Antes","USD","Precio","IVA inc.","En stock","En stock","Color","Medida",",00","Cantidad","","https://www.infinit.com.uy/imgs/productos/productos3_40964.jpg"
"1778256957-52","https://www.infinit.com.uy/catalogo/pc/infinit/","605","Garantía: 6 MESES / RECERTIFICADO","KITNOTHP640G4GEN8","Notebook HP PROBOOK 640 G4 Intel Core i5 8250u - 16Gb - 512Gb - Pantalla 14 Fhd Huella W11P","-4%","GRIS","HP","4","632","USD","Cód.","14""","",",00","Comprar","","","Antes","USD","Ahora","IVA inc.","En stock","En stock","Color","Medida",",00","Cantidad","%","https://www.infinit.com.uy/imgs/productos/productos3_34512.jpg"
"1778256957-53","https://www.infinit.com.uy/catalogo/pc/infinit/","608","Garantía: 1 AÑO / RECERTIFICADO","10586DELL5320","Notebook DELL LATITUDE 5320 Intel Core i7 1185G7 - 32Gb - 512Gb - Pantalla 13.3 Full HD - W11P","","GRIS","DELL","","0","USD","Cód.","13,3""","",",00","Comprar","","","Antes","USD","Precio","IVA inc.","En stock","En stock","Color","Medida",",00","Cantidad","","https://www.infinit.com.uy/imgs/productos/productos3_40956.jpg"
"1778256957-54","https://www.infinit.com.uy/catalogo/pc/infinit/","614","Garantía: 3 AÑOS / NUEVO","7OFMON22","Equipo PC INTEL Pentium G7400 12va Gen - 8Gb - Ssd 240Gb - Wifi/Bt - Monitor 22"" - Windows 11 Pro - Accesorios","","","INTEL","","601","USD","Cód.","","",",00","Comprar","","","Antes","USD","Ahora","IVA inc.","En stock","En stock","","",",00","Cantidad","","https://www.infinit.com.uy/imgs/productos/productos3_38318.jpg"
"1778256957-55","https://www.infinit.com.uy/catalogo/pc/infinit/","625","Garantía: 3 AÑOS / NUEVO","NG04","PC Gamer AMD Ryzen 3 3200G RAM 8Gb Ddr4 Ssd Nvme 256Gb Monitor 22"" 100Hz  Wifi Bt Teclado Mouse Auricular MousePad W10","-1%","","AMD","1","630","USD","Cód.","","",",00","Comprar","","","Antes","USD","Ahora","IVA inc.","En stock","En stock","","",",00","Cantidad","%","https://www.infinit.com.uy/imgs/productos/productos3_35593.jpg"
"1778256957-56","https://www.infinit.com.uy/catalogo/pc/infinit/","628","Garantía: 1 AÑO / NUEVO","X1504VABQ583","Notebook ASUS Vivobook X1504VA Intel Core 5 120U (10 Nucleos) - 8Gb - 512Gb - Pantalla 15,6 Full Hd - FreeDOS","-7%","AZUL OSCURO","ASUS","7","673","USD","Cód.","15,6""","",",00","Comprar","","","Antes","USD","Ahora","IVA inc.","En stock","En stock","Color","Medida",",00","Cantidad","%","https://www.infinit.com.uy/imgs/productos/productos3_40968.jpg"
"1778256957-57","https://www.infinit.com.uy/catalogo/pc/infinit/","633","Garantía: 1 AÑO / NUEVO","NOT3318","Notebook ASUS Vivobook X1504VA Intel Core 5 120U (10 Nucleos) - 8Gb - 512Gb - Pantalla 15,6 Full Hd - FreeDOS","","AZUL OSCURO","ASUS","","0","USD","Cód.","15,6""","",",00","Comprar","","Nuevo","Antes","USD","Precio","IVA inc.","En stock","En stock","Color","Medida",",00","Cantidad","","https://www.infinit.com.uy/imgs/productos/productos3_41458.jpg"
"1778256957-58","https://www.infinit.com.uy/catalogo/pc/infinit/","643","Garantía: 3 AÑOS / NUEVO","NG035","PC Gamer AMD Ryzen 7 5700G RAM 8Gb Ddr4 Ssd Nvme 256Gb Video Rx Radeon 2Gb Hdmi Wifi Bt Windows 11 64bit","-3%","","AMD","3","665","USD","Cód.","","",",00","Comprar","","","Antes","USD","Ahora","IVA inc.","En stock","En stock","","",",00","Cantidad","%","https://www.infinit.com.uy/imgs/productos/productos3_19795.jpg"
"1778256957-59","https://www.infinit.com.uy/catalogo/pc/infinit/","645","Garantía: 1 AÑO / RECERTIFICADO","KITCI5HP800G4TINY","Mini Pc HP Elitedesk 800 G4 Intel Core i5 8500T - 16Gb - 512Gb - Wifi - Teclado y Mouse - Win11 Pro 64bit Español","-8%","NEGRO","HP","8","699","USD","Cód.","","",",00","Comprar","","","Antes","USD","Ahora","IVA inc.","En stock","En stock","","Color",",00","Cantidad","%","https://www.infinit.com.uy/imgs/productos/productos3_36064.jpg"
"1778256957-60","https://www.infinit.com.uy/catalogo/pc/infinit/","648","Nuevo. Modelo Inspiron 15 DC15250","PRV-NOT3224","Notebook DELL INSPIRON 15 DC15250 Core 3 100U - 8GB - 512GB - Pantalla 15.6"" Full HD 120Hz - Win11","","","DELL","","0","USD","Cód.","","",",10","Comprar","","Nuevo","Antes","USD","Precio","IVA inc.","En stock","En stock","","",",00","Cantidad","","https://www.infinit.com.uy/imgs/productos/productos3_41199.jpg"
"1778256957-61","https://www.infinit.com.uy/catalogo/pc/infinit/","650","Garantía: 1 AÑO / NUEVO","NXJ50AA003","Notebook ACER Aspire Go AG15 Intel Core i5 1334u 13va - 8Gb - 256Gb - Pantalla 15.3 Full HD+ -  W11","","NEGRO","ACER","","653","USD","Cód.","15,6""","",",00","Comprar","","","Antes","USD","Ahora","IVA inc.","En stock","En stock","Color","Medida",",00","Cantidad","","https://www.infinit.com.uy/imgs/productos/productos3_39223.jpg"
"1778256957-62","https://www.infinit.com.uy/catalogo/pc/infinit/","654","Garantía: 1 AÑO / RECERTIFICADO","KITOKNOT76","Notebook DELL Latitude 5410 Intel Core i5 10310u (4 Núcleos) - 16Gb - 512Gb - Pantalla 14 Full HD - W11P","-4%","GRIS","DELL","4","681","USD","Cód.","14""","",",00","Comprar","","","Antes","USD","Ahora","IVA inc.","En stock","En stock","Color","Medida",",00","Cantidad","%","https://www.infinit.com.uy/imgs/productos/productos3_39421.jpg"
"1778256957-63","https://www.infinit.com.uy/catalogo/pc/infinit/","659","Garantía: 3 AÑOS / NUEVO","NG01","PC Gamer AMD Athon 3000G (2 Núcleos) - RAM 16Gb - Ssd 512Gb - Wifi/Bt - Video Radeon Windows 11 Pro","","","AMD","","626","USD","Cód.","","",",00","Comprar","","","Antes","USD","Ahora","IVA inc.","En stock","En stock","","",",00","Cantidad","","https://www.infinit.com.uy/productos/imgs/amd-athlon-3000g-35551-3.jpg"
"1778256957-64","https://www.infinit.com.uy/catalogo/pc/infinit/","661","Nuevo. Modelo Unitech 24","PRV-EQU2042","Equipo All in One Chuwi Core i3 1220P 16GB 512GB SSD 24"" FHD 100Hz","","","CHUWI","","0","USD","Cód.","","",",80","Comprar","","Nuevo","Antes","USD","Precio","IVA inc.","En stock","En stock","","",",00","Cantidad","","https://www.infinit.com.uy/imgs/productos/productos3_41102.jpg"
"1778256957-65","https://www.infinit.com.uy/catalogo/pc/infinit/","662","Garantía: 1 AÑO / REF. DE FABRICA A NUEVO","PPH11UII0388908","Notebook TOSHIBA Dynabook X40-J Intel Core i5 1135G7 (4 Núcleos) - 32Gb - 512Gb - Pantalla 14"" Full HD - W11P","","GRIS OSCURO","TOSHIBA","","0","USD","Cód.","14""","",",00","Comprar","","","Antes","USD","Precio","IVA inc.","En stock","En stock","Color","Medida",",00","Cantidad","","https://www.infinit.com.uy/imgs/productos/productos3_39274.jpg"
"1778256957-66","https://www.infinit.com.uy/catalogo/pc/infinit/","688","Garantía: 1 AÑO / NUEVO","NOT3282","Notebook LENOVO Ideapad 1 15IAU7 Intel Core i5 1335U (10 Nucleos) - 8Gb - 256Gb - Pantalla 15,6 Tactil - W11","","AZUL","LENOVO","","0","USD","Cód.","","",",00","Comprar","","","Antes","USD","Precio","IVA inc.","En stock","En stock","","Color",",00","Cantidad","","https://www.infinit.com.uy/imgs/productos/productos3_40943.jpg"
"1778256957-67","https://www.infinit.com.uy/catalogo/pc/infinit/","691","Garantía: 1 AÑO / NUEVO","0805DA0AL001","Notebook ACER Aspire Al14-52P Intel Core 5 120U (10 Core) - 8Gb - Ssd 512Gb - Pantalla 14 Wuxga - Fdos","","GRIS","ACER","","654","USD","Cód.","14""","",",00","Comprar","","","Antes","USD","Ahora","IVA inc.","En stock","En stock","Color","Medida",",00","Cantidad","","https://www.infinit.com.uy/imgs/productos/productos3_40086.jpg"
"1778256957-68","https://www.infinit.com.uy/catalogo/pc/infinit/","702","Garantía: 1 AÑO / NUEVO","NOT3289","Notebook ASUS Vivobook X1504VA Intel Core 5 120U (10 Nucleos) - 8Gb - 512Gb - Pantalla 15,6 Full Hd - W11","","AZUL OSCURO","ASUS","","0","USD","Cód.","15,6""","",",00","Comprar","","Nuevo","Antes","USD","Precio","IVA inc.","En stock","En stock","Color","Medida",",00","Cantidad","","https://www.infinit.com.uy/imgs/productos/productos3_41464.jpg"
"1778256957-69","https://www.infinit.com.uy/catalogo/pc/infinit/","704","Garantía: 1 AÑO / RECERTIFICADO","KITNBI7DELL7410RF","Notebook DELL Latitude 7410 Intel Core i7 10610u (4 Núcleos) - 16Gb - 512Gb - Pantalla 14 Full HD - W10P","-4%","NEGRO","DELL","4","731","USD","Cód.","14""","",",00","Comprar","","","Antes","USD","Ahora","IVA inc.","En stock","En stock","Color","Medida",",00","Cantidad","%","https://www.infinit.com.uy/imgs/productos/productos3_39300.jpg"
"1778256957-70","https://www.infinit.com.uy/catalogo/pc/infinit/","710","Garantía: 1 AÑO / RECERTIFICADO","KITNT056DEL28","Notebook DELL Latitude 7420 Intel Core i5 1145G7 11va - 16Gb - 512Gb - Pantalla IPS 14"" Full HD - W10 Pro","-4%","GRIS","DELL","4","737","USD","Cód.","14""","",",00","Comprar","","","Antes","USD","Ahora","IVA inc.","En stock","En stock","Color","Medida",",00","Cantidad","%","https://www.infinit.com.uy/imgs/productos/productos3_39068.jpg"
"1778256957-71","https://www.infinit.com.uy/catalogo/pc/infinit/","713","Garantía: 6 MESES / RECERTIFICADO","KITNOTHP640G4GEN816G","Notebook HP PROBOOK 640 G4 Intel Core i5 8250u - 16Gb - 1Tb - Pantalla 14 Fhd Huella W11P","","GRIS","HP","","705","USD","Cód.","14""","",",00","Comprar","","","Antes","USD","Ahora","IVA inc.","En stock","En stock","Color","Medida",",00","Cantidad","","https://www.infinit.com.uy/imgs/productos/productos3_34517.jpg"
"1778256957-72","https://www.infinit.com.uy/catalogo/pc/infinit/","715","Garantía: 3 AÑOS / NUEVO","NG09","PC Gamer AMD Ryzen 3 5300G (4 Núcleos) - RAM 16Gb - Ssd 512Gb - Wifi/Bt Windows 11 Pro","","","AMD","","715","USD","Cód.","","",",00","Comprar","","","Antes","USD","Precio","IVA inc.","En stock","En stock","","",",00","Cantidad","","https://www.infinit.com.uy/imgs/productos/productos3_35604.jpg"
"1778256957-73","https://www.infinit.com.uy/catalogo/pc/infinit/","715","Garantía: 1 AÑO / RECERTIFICADO","VP9611","Notebook HP EliteBook 840 G8 Intel Core i5 1145G7 11va - 32Gb - 256Gb - Pantalla 14 Full HD - Win11 Pro","","PLATA","HP","","0","USD","Cód.","14""","",",00","Comprar","","","Antes","USD","Precio","IVA inc.","En stock","En stock","Color","Medida",",00","Cantidad","","https://www.infinit.com.uy/imgs/productos/productos3_39984.jpg"
"1778256957-74","https://www.infinit.com.uy/catalogo/pc/infinit/","716","Garantía: 1 AÑO / RECERTIFICADO","KIT5410MON22","Combo Notebook Dell Latitude 5410 Core i7 - 16Gb - 256Gb - Pantalla 13.3"" - W11 Pro - Monitor 22 FHD Webcam","-1%","GRIS","DELL","1","723","USD","Cód.","14""","",",00","Comprar","","Nuevo","Antes","USD","Ahora","IVA inc.","En stock","En stock","Color","Medida",",00","Cantidad","%","https://www.infinit.com.uy/imgs/productos/productos1_41073.jpg"
"1778256957-75","https://www.infinit.com.uy/catalogo/pc/infinit/","732","Garantía: 3 AÑOS / NUEVO","13OF","Equipo PC INTEL Pentium G7400 12va Gen - 16Gb - Ssd 512Gb - Wifi/Bt - Windows 11 Pro - Teclado Mouse y Parlantes","-1%","NEGRO","INTEL","1","736","USD","Cód.","","",",00","Comprar","","","Antes","USD","Ahora","IVA inc.","En stock","En stock","","Color",",00","Cantidad","%","https://www.infinit.com.uy/productos/imgs/intel-g7400-dual-core-24631-3.jpg"
"1778256957-76","https://www.infinit.com.uy/catalogo/pc/infinit/","735","Garantía: 1 AÑO / RECERTIFICADO","KITHP840G8","Notebook HP EliteBook 840 G8 Intel Core i7 1185G7 11va - 16Gb - 512Gb - Pantalla 14 Full HD - Win11 Pro","-4%","PLATA","HP","4","762","USD","Cód.","14""","",",00","Comprar","","","Antes","USD","Ahora","IVA inc.","En stock","En stock","Color","Medida",",00","Cantidad","%","https://www.infinit.com.uy/imgs/productos/productos3_39978.jpg"
"1778256957-77","https://www.infinit.com.uy/catalogo/pc/infinit/","735","Nuevo. Modelo Unitech 24","PRV-EQU2011","Equipo All in One Chuwi Ryzen 5 6600H 16GB 512GB SSD 24"" FHD","","","CHUWI","","0","USD","Cód.","","",",30","Comprar","","Nuevo","Antes","USD","Precio","IVA inc.","En stock","En stock","","",",00","Cantidad","","https://www.infinit.com.uy/imgs/productos/productos3_41089.jpg"
"1778256957-78","https://www.infinit.com.uy/catalogo/pc/infinit/","737","Garantía: 1 AÑO / NUEVO","NOT3153","Notebook ASUS Vivobook X1504VA Intel Core 5 120u (10 Núcleos) - 8Gb - 512Gb - Pantalla 15.6 Full HD - Win11","-7%","AZUL OSCURO","ASUS","7","796","USD","Cód.","15,6""","",",00","Comprar","","","Antes","USD","Ahora","IVA inc.","En stock","En stock","Color","Medida",",00","Cantidad","%","https://www.infinit.com.uy/imgs/productos/productos3_39937.jpg"
"1778256957-79","https://www.infinit.com.uy/catalogo/pc/infinit/","739","Garantía: 1 AÑO / RECERTIFICADO","KIT5320MON22","Combo Notebook Dell Latitude 5320 Core i7 - 32Gb - 512Gb - Pantalla 13.3"" - W11 Pro - Monitor 22 FHD Webcam","","GRIS","DELL","","0","USD","Cód.","13,3""","",",00","Comprar","","Nuevo","Antes","USD","Precio","IVA inc.","En stock","En stock","Color","Medida",",00","Cantidad","","https://www.infinit.com.uy/imgs/productos/productos1_41071.jpg"
"1778256957-80","https://www.infinit.com.uy/catalogo/pc/infinit/","740","Garantía: 1 AÑO / RECERTIFICADO","KIT5410MON24","Combo Notebook Dell Latitude 5410 Core i7 - 16Gb - 256Gb - Pantalla 13.3"" - W11 Pro - Monitor 24 Full HD","","GRIS","DELL","","0","USD","Cód.","14""","",",00","Comprar","","Nuevo","Antes","USD","Precio","IVA inc.","En stock","En stock","Color","Medida",",00","Cantidad","","https://www.infinit.com.uy/imgs/productos/productos3_41078.jpg"
"1778256957-81","https://www.infinit.com.uy/catalogo/pc/infinit/","741","Garantía: 1 AÑO / RECERTIFICADO","KITDELL5410I7TOUCH","Notebook DELL Latitude 5410 Intel Core i7 10810u - 16Gb - 512Gb - Pantalla 14 Full HD Táctil - W10P","-4%","GRIS","DELL","4","768","USD","Cód.","14""","",",00","Comprar","","","Antes","USD","Ahora","IVA inc.","En stock","En stock","Color","Medida",",00","Cantidad","%","https://www.infinit.com.uy/imgs/productos/productos3_41026.jpg"
"1778256957-82","https://www.infinit.com.uy/catalogo/pc/infinit/","743","Garantía: 1 AÑO / NUEVO","I02589","Notebook CHUWI Corebook Air Amd Ryzen 5 6600H - 16Gb - 512Gb - Pantalla 14 Wuxga - W11P","","AZUL OSCURO","CHUWI","","0","USD","Cód.","14""","",",00","Comprar","","","Antes","USD","Precio","IVA inc.","En stock","En stock","Color","Medida",",00","Cantidad","","https://www.infinit.com.uy/imgs/productos/productos3_41003.jpg"
"1778256957-83","https://www.infinit.com.uy/catalogo/pc/infinit/","746","Garantía: 1 AÑO / RECERTIFICADO","KL02065R","Notebook HP ELITEBOOK 855 G7 AMD Ryzen 7 Pro 4750u (8 Núcleos) - 16Gb - 512Gb - Pantalla 15.6 Full HD - W11 Pro","-2%","PLATA","HP","2","761","USD","Cód.","15,6""","",",00","Comprar","","","Antes","USD","Ahora","IVA inc.","En stock","En stock","Color","Medida",",00","Cantidad","%","https://www.infinit.com.uy/imgs/productos/productos3_38882.jpg"
"1778256957-84","https://www.infinit.com.uy/catalogo/pc/infinit/","748","Garantía: 3 AÑOS / NUEVO","NG31","PC Gamer AMD Ryzen 5 4600G Ram 16Gb Ddr4 Ssd Nvme 512Gb Video Amd Vega 7 2Gb 1900mhz Wifi Hdmi Incluye Juegos","","","AMD","","726","USD","Cód.","","",",00","Comprar","","","Antes","USD","Ahora","IVA inc.","En stock","En stock","","",",00","Cantidad","","https://www.infinit.com.uy/imgs/productos/productos3_22546.jpg"
"1778256957-85","https://www.infinit.com.uy/catalogo/pc/infinit/","749","Garantía: 1 AÑO / NUEVO","NOT3313","Notebook ASUS Vivobook X1504VA Intel Core 5 120U (10 Nucleos) - 16Gb - 512Gb - Pantalla 15.6 Full Hd - Free Dos","","GRIS","ASUS","","0","USD","Cód.","15,6""","",",00","Comprar","","Nuevo","Antes","USD","Precio","IVA inc.","En stock","En stock","Color","Medida",",00","Cantidad","","https://www.infinit.com.uy/imgs/productos/productos3_41055.jpg"
"1778256957-86","https://www.infinit.com.uy/catalogo/pc/infinit/","754","Garantía: 1 AÑO / RECERTIFICADO","KITNBDELL54001T","Notebook DELL Latitude 5400 Intel Core i5 8265u - 16Gb - Ssd 1Tb - Pantalla 14 Full HD - Win11 Pro","","GRIS OSCURO","DELL","","746","USD","Cód.","14""","",",00","Comprar","","","Antes","USD","Ahora","IVA inc.","En stock","En stock","Color","Medida",",00","Cantidad","","https://www.infinit.com.uy/imgs/productos/productos3_38632.jpg"
"1778256957-87","https://www.infinit.com.uy/catalogo/pc/infinit/","755","Garantía: 1 AÑO / RECERTIFICADO","KITNBI7DELL7410RF256","Notebook DELL Latitude 7410 Intel Core i7 10610u (4 Núcleos) - 32Gb - 256Gb - Pantalla 14 Full HD - W10P","-1%","NEGRO","DELL","1","762","USD","Cód.","14""","",",00","Comprar","","","Antes","USD","Ahora","IVA inc.","En stock","En stock","Color","Medida",",00","Cantidad","%","https://www.infinit.com.uy/imgs/productos/productos3_39481.jpg"
"1778256957-88","https://www.infinit.com.uy/catalogo/pc/infinit/","755","Garantía: 1 AÑO / RECERTIFICADO","KIT5320MON24","Combo Notebook Dell Latitude 5320 Core i7 - 32Gb - 512Gb - Pantalla 13.3"" - W11 Pro - Monitor 24 FHD","","GRIS","DELL","","0","USD","Cód.","13,3""","",",00","Comprar","","Nuevo","Antes","USD","Precio","IVA inc.","En stock","En stock","Color","Medida",",00","Cantidad","","https://www.infinit.com.uy/imgs/productos/productos3_41076.jpg"
"1778256957-89","https://www.infinit.com.uy/catalogo/pc/infinit/","764","Garantía: 3 AÑOS / NUEVO","1OF","Equipo PC INTEL Core i3 13100 13va - 16Gb - Ssd 512Gb - WiFi/Bt - Windows 11 Pro - Teclado Mouse y Parlantes","","NEGRO","INTEL","","747","USD","Cód.","","",",00","Comprar","","","Antes","USD","Ahora","IVA inc.","En stock","En stock","","Color",",00","Cantidad","","https://www.infinit.com.uy/imgs/productos/productos3_14115.jpg"
"1778256957-90","https://www.infinit.com.uy/catalogo/pc/infinit/","770","Garantía: 1 AÑO / RECERTIFICADO","KITNBI7DELL7410RFTOU","Notebook DELL LATITUDE 7410 Intel Core i7 10610u (4 Núcleos) - 32Gb - 256Gb - Pantalla 14 Full HD Tactil - W10P","-1%","NEGRO","DELL","1","778","USD","Cód.","14""","",",00","Comprar","","","Antes","USD","Ahora","IVA inc.","En stock","En stock","Color","Medida",",00","Cantidad","%","https://www.infinit.com.uy/imgs/productos/productos3_39592.jpg"
"1778256957-91","https://www.infinit.com.uy/catalogo/pc/infinit/","781","Garantía: 3 AÑOS / NUEVO","NG036","PC Gamer AMD Ryzen 7 5700G RAM 8Gb Ddr4 Ssd Nvme 256Gb Monitor 22"" 100Hz Wifi Bt Teclado Mouse Auricular MousePad W11","-2%","","AMD","2","800","USD","Cód.","","",",00","Comprar","","","Antes","USD","Ahora","IVA inc.","En stock","En stock","","",",00","Cantidad","%","https://www.infinit.com.uy/imgs/productos/productos3_19809.jpg"
"1778256957-92","https://www.infinit.com.uy/catalogo/pc/infinit/","785","Garantía: 1 AÑO / NUEVO","82XQ00R8LM","Notebook LENOVO Ideapad SLIM 3 15AMN8 Amd Ryzen 3 7320u (4 Nucleos) - 8Gb - 256Gb - Pantalla 15,6 Fhd - W11 Pro","","GRIS","LENOVO","","0","USD","Cód.","15,6""","",",00","Comprar","","","Antes","USD","Precio","IVA inc.","En stock","En stock","Color","Medida",",00","Cantidad","","https://www.infinit.com.uy/imgs/productos/productos3_40873.jpg"
"1778256957-93","https://www.infinit.com.uy/catalogo/pc/infinit/","785","Garantía: 1 AÑO / NUEVO","NOT3241","Notebook ACER ASPIRE 3 A25 Intel Core i5 1334u - 16Gb - 512Gb - Pantalla 15.6 Full HD -  FDOS","","PLATA","ACER","","0","USD","Cód.","15,6""","",",00","Comprar","","","Antes","USD","Precio","IVA inc.","En stock","En stock","Color","Medida",",00","Cantidad","","https://www.infinit.com.uy/imgs/productos/productos3_40998.jpg"
"1778256957-94","https://www.infinit.com.uy/catalogo/pc/infinit/","788","Garantía: 3 AÑOS / NUEVO","8OF","Equipo PC INTEL Core i5 10400 10ma - 16Gb - Ssd 512Gb - Wifi/Bt - Windows 11 Pro - Teclado Mouse y Parlantes","","","INTEL","","784","USD","Cód.","","",",00","Comprar","","","Antes","USD","Ahora","IVA inc.","En stock","En stock","","",",00","Cantidad","","https://www.infinit.com.uy/imgs/productos/productos3_27625.jpg"
"1778256957-95","https://www.infinit.com.uy/catalogo/pc/infinit/","815","Garantía: 3 AÑOS / NUEVO","NG02-MON2","Pc Gamer AMD Athlon 3000G RAM 16Gb Ssd 512Gb Video Vega 3 Monitor Gamer 22"" 100hz Wifi Bt Teclado Mouse Auriculares W10","","","AMD","","807","USD","Cód.","","",",00","Comprar","Destacado","","Antes","USD","Ahora","IVA inc.","En stock","En stock","","",",00","Cantidad","","https://www.infinit.com.uy/imgs/productos/productos3_35561.jpg"
"1778256957-96","https://www.infinit.com.uy/catalogo/pc/infinit/","818","Garantía: 3 AÑOS / NUEVO","NG07","PC Gamer AMD Ryzen 3 3200G RAM 16Gb Ddr4 Ssd Nvme 1Tb Video Amd Vega 8 2Gb Wifi Bt Hdmi Incluye Juegos","","","AMD","","814","USD","Cód.","","",",00","Comprar","","","Antes","USD","Ahora","IVA inc.","En stock","En stock","","",",00","Cantidad","","https://www.infinit.com.uy/imgs/productos/productos3_24068.jpg"
"1778256957-97","https://www.infinit.com.uy/catalogo/pc/infinit/","822","Garantía: 3 AÑOS / NUEVO","NG05","PC Gamer AMD Ryzen 3 3200G RAM 16Gb Ddr4 Ssd Nvme 512Gb Monitor 24"" 100Hz  Wifi Bt Teclado Mouse Auricular MousePad W10","","","AMD","","787","USD","Cód.","","",",00","Comprar","","","Antes","USD","Ahora","IVA inc.","En stock","En stock","","",",00","Cantidad","","https://www.infinit.com.uy/imgs/productos/productos3_35594.jpg"
"1778256957-98","https://www.infinit.com.uy/catalogo/pc/infinit/","832","Nuevo. Modelo Unitech 27","PRV-EQU2012","Equipo All in One Chuwi Ryzen 5 6600H 16GB 512GB SSD 27"" QHD 180Hz","","","CHUWI","","0","USD","Cód.","","",",80","Comprar","","Nuevo","Antes","USD","Precio","IVA inc.","En stock","En stock","","",",00","Cantidad","","https://www.infinit.com.uy/imgs/productos/productos3_41105.jpg"
"1778256957-99","https://www.infinit.com.uy/catalogo/pc/infinit/","836","Garantía: 1 AÑO / NUEVO","KITNOT3153","Notebook ASUS Vivobook X1504VA Intel Core 5 120u (10 Núcleos) - 16Gb - 512Gb - Pantalla 15.6 Full HD - Win11","-7%","AZUL OSCURO","ASUS","7","895","USD","Cód.","15,6""","",",00","Comprar","","","Antes","USD","Ahora","IVA inc.","En stock","En stock","Color","Medida",",00","Cantidad","%","https://www.infinit.com.uy/imgs/productos/productos3_39941.jpg"
"1778256957-100","https://www.infinit.com.uy/catalogo/pc/infinit/","843","Garantía: 1 AÑO / NUEVO","KIT0805DA0AL001","Notebook ACER Aspire Al14-52P Intel Core 5 120U (10 Core) - 16Gb - Ssd 512Gb - Pantalla 14 Wuxga - Fdos","","GRIS","ACER","","833","USD","Cód.","14""","",",00","Comprar","","","Antes","USD","Ahora","IVA inc.","En stock","En stock","Color","Medida",",00","Cantidad","","https://www.infinit.com.uy/imgs/productos/productos3_40090.jpg"
"1778256957-101","https://www.infinit.com.uy/catalogo/pc/infinit/","846","Garantía: 3 AÑOS / NUEVO","1OFMON22","Equipo PC INTEL Core i3 13100 13va Gen - 16Gb - Ssd 512Gb - Wifi/Bt - Monitor 22"" - Windows 11 Pro - Accesorios","","","INTEL","","829","USD","Cód.","","",",00","Comprar","","","Antes","USD","Ahora","IVA inc.","En stock","En stock","","",",00","Cantidad","","https://www.infinit.com.uy/imgs/productos/productos3_38323.jpg"
"1778256957-102","https://www.infinit.com.uy/catalogo/pc/infinit/","886","Garantía: 3 AÑOS / NUEVO","4OF","Equipo PC INTEL Core i5 12400 12va - 16Gb - Ssd 512Gb - Wifi/Bt - Windows 11 Pro - Teclado Mouse y Parlantes","","NEGRO","INTEL","","868","USD","Cód.","","",",00","Comprar","","","Antes","USD","Ahora","IVA inc.","En stock","En stock","","Color",",00","Cantidad","","https://www.infinit.com.uy/imgs/productos/productos3_14118.jpg"
"1778256957-103","https://www.infinit.com.uy/catalogo/pc/infinit/","892","Garantía: 1 AÑO / NUEVO","NOT3087","Notebook HP 255 G10 AMD Ryzen 7 7730U - 16Gb - 512Gb - Pantalla IPS 15.6"" Full HD - FreeDOS","-3%","GRIS OSCURO","HP","3","923","USD","Cód.","15,6""","",",00","Comprar","","","Antes","USD","Ahora","IVA inc.","En stock","En stock","Color","Medida",",00","Cantidad","%","https://www.infinit.com.uy/imgs/productos/productos3_38938.jpg"
"1778256957-104","https://www.infinit.com.uy/catalogo/pc/infinit/","898","Garantía: 1 AÑO / NUEVO","M1502YABQ701","Notebook ASUS M1502YA AMD Ryzen7 7730U - 16Gb - 512Gb - Pantalla 15.6 Full HD - Free DOS","","AZUL OSCURO","ASUS","","0","USD","Cód.","15,6""","",",00","Comprar","","","Antes","USD","Precio","IVA inc.","En stock","En stock","Color","Medida",",00","Cantidad","","https://www.infinit.com.uy/imgs/productos/productos3_40785.jpg"
"1778256957-105","https://www.infinit.com.uy/catalogo/pc/infinit/","900","Garantía: 3 AÑOS / NUEVO","NG027","PC Gamer AMD Ryzen 5 5600G (6 Núcleos) - RAM 16Gb - Ssd 1Tb - Wifi/Bt - Windows","","","AMD","","895","USD","Cód.","","",",00","Comprar","","","Antes","USD","Ahora","IVA inc.","En stock","En stock","","",",00","Cantidad","","https://www.infinit.com.uy/imgs/productos/productos3_24030.jpg"
"1778256957-106","https://www.infinit.com.uy/catalogo/pc/infinit/","918","Garantía: 1 AÑO / REF. DE FABRICA A NUEVO","KITPPH11UII0388908","Notebook TOSHIBA Dynabook X40-J Intel Core i5 1135G7 (4 Núcleos) - 32Gb - 1Tb - Pantalla 14"" Full HD - W11P","","GRIS OSCURO","TOSHIBA","","910","USD","Cód.","14""","",",00","Comprar","","","Antes","USD","Ahora","IVA inc.","En stock","En stock","Color","Medida",",00","Cantidad","","https://www.infinit.com.uy/imgs/productos/productos3_39296.jpg"
"1778256957-107","https://www.infinit.com.uy/catalogo/pc/infinit/","922","Garantía: 3 AÑOS / NUEVO","NG023","PC Gamer AMD Ryzen 5 5600GT RAM 16Gb Ddr4 Ssd Nvme 1Tb Video Rx Radeon 2Gb Hdmi Wifi Bt Windows 11 64bit","","","AMD","","900","USD","Cód.","","",",00","Comprar","","","Antes","USD","Ahora","IVA inc.","En stock","En stock","","",",00","Cantidad","","https://www.infinit.com.uy/imgs/productos/productos3_29648.jpg"
"1778256957-108","https://www.infinit.com.uy/catalogo/pc/infinit/","934","Garantía: 1 AÑO / NUEVO","KITNOT3282","Notebook LENOVO Ideapad 1 15IAU7 Intel Core i5 1335U (10 Nucleos) - 16Gb - 512Gb - Pantalla 15,6 Tactil - W11","-3%","AZUL OSCURO","LENOVO","3","961","USD","Cód.","15,6""","",",00","Comprar","","","Antes","USD","Ahora","IVA inc.","En stock","En stock","Color","Medida",",00","Cantidad","%","https://www.infinit.com.uy/imgs/productos/productos3_40947.jpg"
"1778256957-109","https://www.infinit.com.uy/catalogo/pc/infinit/","945","Garantía: 1 AÑO / RECERTIFICADO","NBI7HPDRAGO","UltraBook Premium HP Dragon Fly G3 Intel Core i7 1265u (10 Núcleos) - 32Gb - 512Gb - Pantalla 13.5 Tactil - W11P","","AZUL OSCURO","HP","","0","USD","Cód.","14""","",",00","Comprar","","","Antes","USD","Precio","IVA inc.","En stock","En stock","Color","Medida",",00","Cantidad","","https://www.infinit.com.uy/imgs/productos/productos3_40538.jpg"
"1778256957-110","https://www.infinit.com.uy/catalogo/pc/infinit/","955","Garantía: 3 AÑOS / NUEVO","NG06","PC Gamer AMD Ryzen 3 3200G RAM 16Gb Ssd Nvme 1Tb Video Vega 8 Wifi Bt Monitor 22 100Hz Teclado Mouse Auricular W10","","","AMD","","951","USD","Cód.","","",",00","Comprar","","","Antes","USD","Ahora","IVA inc.","En stock","En stock","","",",00","Cantidad","","https://www.infinit.com.uy/imgs/productos/productos3_35595.jpg"
"1778256957-111","https://www.infinit.com.uy/catalogo/pc/infinit/","958","Garantía: 3 AÑOS / NUEVO","12OFMON22","Equipo PC INTEL Core i5 12400 12va Gen - 16Gb - Ssd 512Gb - Wifi/Bt - Monitor 22"" - Windows 11 Pro - Accesorios","","","INTEL","","940","USD","Cód.","","",",00","Comprar","","","Antes","USD","Ahora","IVA inc.","En stock","En stock","","",",00","Cantidad","","https://www.infinit.com.uy/imgs/productos/productos3_19867.jpg"
"1778256957-112","https://www.infinit.com.uy/catalogo/pc/infinit/","960","Nuevo. Modelo Unitech 27","PRV-EQU2013","Equipo All in One Chuwi Ryzen 5 6600H 32GB 1TB SSD 27"" QHD 180Hz","","","CHUWI","","0","USD","Cód.","","",",40","Comprar","","Nuevo","Antes","USD","Precio","IVA inc.","En stock","En stock","","",",00","Cantidad","","https://www.infinit.com.uy/imgs/productos/productos3_41093.jpg"
"1778256957-113","https://www.infinit.com.uy/catalogo/pc/infinit/","972","Garantía: 3 AÑOS / NUEVO","NG033","PC Gamer AMD Ryzen 7 5700G RAM 16Gb Ddr4 Ssd Nvme 1Tb Video Rx Radeon 2Gb Hdmi Wifi Bt Windows 11 64bit","","","AMD","","955","USD","Cód.","","",",00","Comprar","","","Antes","USD","Ahora","IVA inc.","En stock","En stock","","",",00","Cantidad","","https://www.infinit.com.uy/imgs/productos/productos3_35835.jpg"
"1778256957-114","https://www.infinit.com.uy/catalogo/pc/infinit/","1.007","Garantía: 3 AÑOS / NUEVO","8OFMON22","Equipo PC INTEL Core i5 10400 10ma Gen - 16Gb - Ssd 512Gb - Wifi/Bt - Monitor 22"" - Windows 11 Pro - Accesorios","","","INTEL","","941","USD","Cód.","","",",00","Comprar","","","Antes","USD","Ahora","IVA inc.","En stock","En stock","","",",00","Cantidad","","https://www.infinit.com.uy/imgs/productos/productos3_27029.jpg"
"1778256957-115","https://www.infinit.com.uy/catalogo/pc/infinit/","1.010","Garantía: 6 MESES / RECERTIFICADO","KITNOTHP640G4GEN832G","Notebook HP PROBOOK 640 G4 Intel Core i5 8250u - 32Gb - 1Tb - Pantalla 14 Fhd Huella W11P","","GRIS","HP","","1.003","USD","Cód.","14""","",",00","Comprar","","","Antes","USD","Ahora","IVA inc.","En stock","En stock","Color","Medida",",00","Cantidad","","https://www.infinit.com.uy/imgs/productos/productos1_34522.jpg"
"1778256957-116","https://www.infinit.com.uy/catalogo/pc/infinit/","1.023","Garantía: 3 AÑOS / NUEVO","INTEL35","PC Gamer Intel Core i3 12100f Ram 16Gb Ddr4 3200Mhz Nvme 500Gb Gtx 1660 super 6Gb Hdmi Wifi Windows 10 Juegos Instalados","","","INTEL","","1.026","USD","Cód.","","",",00","Comprar","Destacado","","Antes","USD","Ahora","IVA inc.","En stock","En stock","","",",00","Cantidad","","https://www.infinit.com.uy/imgs/productos/productos3_20673.jpg"
"1778256957-117","https://www.infinit.com.uy/catalogo/pc/infinit/","1.036","Garantía: 1 AÑO / NUEVO","53012KGP","Notebook HUAWEI Matebook Intel Core i3 10110u 10ma (2 Núcleos) - 8Gb - 256Gb - Pantalla 15.6 Full HD - W10 Pro","","SPACE GREY","HUAWEI","","1.036","USD","Cód.","15,6""","",",00","Comprar","","","Antes","USD","Precio","IVA inc.","En stock","En stock","Color","Medida",",00","Cantidad","","https://www.infinit.com.uy/imgs/productos/productos3_39408.jpg"
"1778256957-118","https://www.infinit.com.uy/catalogo/pc/infinit/","1.042","Garantía: 3 AÑOS / NUEVO","NG32","PC Gamer AMD Ryzen 5 4600G Ram 16Gb Ddr4 Ssd Nvme 1Tb Monitor 24 75hz Wifi Teclado Mouse Rgb W10 Juegos","","","AMD","","957","USD","Cód.","","",",00","Comprar","Destacado","","Antes","USD","Ahora","IVA inc.","En stock","En stock","","",",00","Cantidad","","https://www.infinit.com.uy/imgs/productos/productos3_24023.jpg"
"1778256957-119","https://www.infinit.com.uy/catalogo/pc/infinit/","1.045","Garantía: 3 AÑOS / NUEVO","NG030-MON1","PC Gamer AMD Ryzen 5 5600G (6 Núcleos) - RAM 16Gb - Ssd 1Tb - Monitor 24"" 100Hz - Wifi/Bt Combo Accesorios Windows","","","AMD","","1.045","USD","Cód.","","",",00","Comprar","","","Antes","USD","Precio","IVA inc.","En stock","En stock","","",",00","Cantidad","","https://www.infinit.com.uy/imgs/productos/productos3_17945.jpg"
"1778256957-120","https://www.infinit.com.uy/catalogo/pc/infinit/","1.047","Garantía: 1 AÑO / NUEVO","NA607RL011W","Notebook Gamer ASUS Tuf F16 Intel Core 5 210H (8 Núcleos) - Rtx 3050 6Gb - 8Gb - 512Gb - Pantalla 16 144Hz","-3%","NEGRO","ASUS","3","1.074","USD","Cód.","16""","",",00","Comprar","","","Antes","USD","Ahora","IVA inc.","En stock","En stock","Color","Medida",",00","Cantidad","%","https://www.infinit.com.uy/imgs/productos/productos3_39323.jpg"
"1778256957-121","https://www.infinit.com.uy/catalogo/pc/infinit/","1.047","Garantía: 1 AÑO / RECERTIFICADO","KITHPPBOOK450G632G","Notebook HP ProBook 450 G5/G6 Intel Core i5 8265u - 32Gb - 1Tb - Pantalla 15.6 HD -  W10p","","PLATA","HP","","1.039","USD","Cód.","15,6""","",",00","Comprar","","","Antes","USD","Ahora","IVA inc.","En stock","En stock","Color","Medida",",00","Cantidad","","https://www.infinit.com.uy/imgs/productos/productos3_39458.jpg"
"1778256957-122","https://www.infinit.com.uy/catalogo/pc/infinit/","1.049","Garantía: 3 AÑOS / NUEVO","9OF","Equipo PC INTEL Core i7 12700 12va - 16Gb - Ssd 512Gb - Wifi/Bt - Windows 11 Pro - Teclado Mouse y Parlantes","-5%","","INTEL","5","1.107","USD","Cód.","","",",00","Comprar","","","Antes","USD","Ahora","IVA inc.","En stock","En stock","","",",00","Cantidad","%","https://www.infinit.com.uy/imgs/productos/productos3_27896.jpg"
"1778256957-123","https://www.infinit.com.uy/catalogo/pc/infinit/","1.051","Garantía: 1 AÑO / RECERTIFICADO","KITNBDELL540032G","Notebook DELL Latitude 5400 Intel Core i5 8265u - 32Gb - Ssd 1Tb - Pantalla 14 Full HD - Win11 Pro","","GRIS OSCURO","DELL","","1.043","USD","Cód.","14""","",",00","Comprar","","","Antes","USD","Ahora","IVA inc.","En stock","En stock","Color","Medida",",00","Cantidad","","https://www.infinit.com.uy/imgs/productos/productos3_38637.jpg"
"1778256957-124","https://www.infinit.com.uy/catalogo/pc/infinit/","1.052","Garantía: 1 AÑO / NUEVO","X1607CAMB110W","Notebook ASUS Vivobook 16 X1607CA Intel Ultra 5 225H (14 Nucleos) - 16Gb - 512Gb - Pantalla 16 Wuxga - W11","-1%","AZUL OSCURO","ASUS","1","1.060","USD","Cód.","16""","",",00","Comprar","","","Antes","USD","Ahora","IVA inc.","En stock","En stock","Color","Medida",",00","Cantidad","%","https://www.infinit.com.uy/imgs/productos/productos3_40975.jpg"
"1778256957-125","https://www.infinit.com.uy/catalogo/pc/infinit/","1.057","Garantía: 1 AÑO / NUEVO","NOT3125","Notebook HP Victus 15-FA2013DX Intel Core I5 13420H (8 Núcleos) - Rtx 3050 6Gb - 8Gb - 512Gb - Pantalla 15.6 Full HD","","GRIS OSCURO","HP","","991","USD","Cód.","15,6""","",",00","Comprar","","","Antes","USD","Ahora","IVA inc.","En stock","En stock","Color","Medida",",00","Cantidad","","https://www.infinit.com.uy/imgs/productos/productos3_30064.jpg"
"1778256957-126","https://www.infinit.com.uy/catalogo/pc/infinit/","1.059","Garantía: 1 AÑO / RECERTIFICADO","KITOKNOT7632","Notebook DELL Latitude 5410 Intel Core i5 10310u (4 Núcleos) - 32Gb - 1Tb - Pantalla 14 Full HD - W11P","","GRIS","DELL","","1.052","USD","Cód.","14""","",",00","Comprar","","","Antes","USD","Ahora","IVA inc.","En stock","En stock","Color","Medida",",00","Cantidad","","https://www.infinit.com.uy/imgs/productos/productos3_39426.jpg"
"1778256957-127","https://www.infinit.com.uy/catalogo/pc/infinit/","1.059","Garantía: 1 AÑO / NUEVO","NOT3290","Notebook ASUS Vivobook M1407KA Ryzen AI 7 350 (8 Nucleos) - 16Gb - 512Gb - Pantalla 14 FHD+ Win11","-2%","NEGRO","ASUS","2","1.082","USD","Cód.","14""","",",00","Comprar","","","Antes","USD","Ahora","IVA inc.","En stock","En stock","Color","Medida",",00","Cantidad","%","https://www.infinit.com.uy/imgs/productos/productos3_40607.jpg"
"1778256957-128","https://www.infinit.com.uy/catalogo/pc/infinit/","1.060","Garantía: 1 AÑO / NUEVO","NOT3321","Notebook Gamer ASUS TUF A15 Ryzen 7 7445HS (6 Núcleos) - RTX 3050 4Gb - 8Gb - 512Gb - Pantalla 15,6 FHD 144Hz - FreeDOS","","NEGRO","ASUS","","0","USD","Cód.","15,6""","",",00","Comprar","","Nuevo","Antes","USD","Precio","IVA inc.","En stock","En stock","Color","Medida",",00","Cantidad","","https://www.infinit.com.uy/imgs/productos/productos3_41471.jpg"
"1778256957-129","https://www.infinit.com.uy/catalogo/pc/infinit/","1.072","Open box. Modelo MGN63. Año 2020","PRV-NOT2668X","Apple Macbook Air M1 Octacore, 8GB, 256GB SSD, 13.3'' Retina Teclado Español","","","APPLE","","0","USD","Cód.","","",",93","Comprar","","","Antes","USD","Precio","IVA inc.","En stock","En stock","","",",00","Cantidad","","https://www.infinit.com.uy/imgs/productos/productos3_40469.jpg"
"1778256957-130","https://www.infinit.com.uy/catalogo/pc/infinit/","1.074","Garantía: 3 AÑOS / NUEVO","NG011","PC Gamer AMD Ryzen 5 4500 Video Arc A380 6Gb Gddr6 RAM 16Gb Ssd Nvme 512Gb Wifi Bt Monitor 22 100Hz Combo Accesorios","","NEGRO","AMD","","1.075","USD","Cód.","","",",00","Comprar","Destacado","","Antes","USD","Ahora","IVA inc.","En stock","En stock","","Color",",00","Cantidad","","https://www.infinit.com.uy/imgs/productos/productos3_35620.jpg"
"1778256957-131","https://www.infinit.com.uy/catalogo/pc/infinit/","1.075","Garantía: 1 AÑO / NUEVO","0803K3605VC","Notebook ASUS Vivobook 16X Intel Core I5 13420H (8 Nucleos) 16Gb Ddr4 Nvme 512Gb Pantalla 16 Wuxga Rtx 3050 4Gb W11","-5%","NEGRO","ASUS","5","1.127","USD","Cód.","16""","",",00","Comprar","","","Antes","USD","Ahora","IVA inc.","En stock","En stock","Color","Medida",",00","Cantidad","%","https://www.infinit.com.uy/imgs/productos/productos3_40790.jpg"
"1778256957-132","https://www.infinit.com.uy/catalogo/pc/infinit/","1.088","Garantía: 3 AÑOS / NUEVO","NG045","PC Gamer AMD Ryzen 7 5700G RAM 16Gb Ddr4 Ssd Nvme 1Tb Monitor 22"" 100Hz Wifi Bt Teclado Mouse Auricular MousePad W11","","","AMD","","1.053","USD","Cód.","","",",00","Comprar","","","Antes","USD","Ahora","IVA inc.","En stock","En stock","","",",00","Cantidad","","https://www.infinit.com.uy/imgs/productos/productos3_36382.jpg"
"1778256957-133","https://www.infinit.com.uy/catalogo/pc/infinit/","1.089","Garantía: 1 AÑO / NUEVO","NOT3291","Notebook Gamer ASUS TUF A15 Ryzen 7 7445HS (6 Núcleos) - RTX 3050 4Gb - 8Gb - 512Gb - Pantalla 15,6 FHD 144Hz - Win11","-6%","NEGRO","ASUS","6","1.163","USD","Cód.","15,6""","",",00","Comprar","","","Antes","USD","Ahora","IVA inc.","En stock","En stock","Color","Medida",",00","Cantidad","%","https://www.infinit.com.uy/imgs/productos/productos3_40603.jpg"
"1778256957-134","https://www.infinit.com.uy/catalogo/pc/infinit/","1.092","Garantía: 3 AÑOS / NUEVO","NG024","PC Gamer AMD Ryzen 5 5600GT RAM 16Gb Ssd Nvme 1Tb Video Vega 7 Wifi Bt Monitor 22 100Hz Teclado Mouse Auricular W11","","","AMD","","1.081","USD","Cód.","22""","",",00","Comprar","","","Antes","USD","Ahora","IVA inc.","En stock","En stock","","Medida",",00","Cantidad","","https://www.infinit.com.uy/imgs/productos/productos3_21524.jpg"
"1778256957-135","https://www.infinit.com.uy/catalogo/pc/infinit/","1.097","Garantía: 3 AÑOS / NUEVO","NG36","PC Gamer AMD Ryzen 5 8500G Ram 16Gb Ddr5 Ssd Nvme 1Tb Video Radeon 760m Dp Hdmi Wifi Win11 64bit Español Juegos","","","AMD","","1.088","USD","Cód.","","",",00","Comprar","Destacado","","Antes","USD","Ahora","IVA inc.","En stock","En stock","","",",00","Cantidad","","https://www.infinit.com.uy/imgs/productos/productos3_33547.jpg"
"1778256957-136","https://www.infinit.com.uy/catalogo/pc/infinit/","1.108","Garantía: 3 AÑOS / NUEVO","NG013","PC Gamer AMD Ryzen 5 4500 Video Rx580 8Gb RAM 16Gb Ddr4 Ssd Nvme 1Tb Wifi Bt Windows 10 64bit","","","AMD","","1.100","USD","Cód.","","Consultar",",00","","","","Antes","USD","Ahora","IVA inc.","Agotado","Agotado","","",",00","","","https://www.infinit.com.uy/productos/imgs/ryzen-5-4500-rx580-35650-3.jpg"
"1778256957-137","https://www.infinit.com.uy/catalogo/pc/infinit/","1.113","Garantía: 1 AÑO / NUEVO","NOT3387","Notebook Gamer ASUS TUF A15 Ryzen 7 170 (8 Núcleos) - RTX 3050 4Gb - 16Gb - 512Gb - Pantalla 15,6 FHD 144Hz - FreeDOS","","","ASUS","","0","USD","Cód.","15,6""","",",00","Comprar","","Nuevo","Antes","USD","Precio","IVA inc.","En stock","En stock","","Medida",",00","Cantidad","","https://www.infinit.com.uy/imgs/productos/productos3_41482.jpg"
"1778256957-138","https://www.infinit.com.uy/catalogo/pc/infinit/","1.119","Garantía: 3 AÑOS / NUEVO","NG046","PC Gamer AMD Ryzen 7 5700G RAM 16Gb Ddr4 Ssd Nvme 1Tb Monitor 24"" 100Hz Wifi Bt Teclado Mouse Auricular MousePad W11","","","AMD","","1.106","USD","Cód.","","",",00","Comprar","Destacado","","Antes","USD","Ahora","IVA inc.","En stock","En stock","","",",00","Cantidad","","https://www.infinit.com.uy/imgs/productos/productos3_36391.jpg"
"1778256957-139","https://www.infinit.com.uy/catalogo/pc/infinit/","1.121","Garantía: 3 AÑOS / NUEVO","9OFMON22","Equipo PC INTEL Core i7 12700 12va Gen - 16Gb - Ssd 512Gb - Wifi/Bt - Monitor 22"" - Windows 11 Pro - Accesorios","-5%","","INTEL","5","1.179","USD","Cód.","","",",00","Comprar","","","Antes","USD","Ahora","IVA inc.","En stock","En stock","","",",00","Cantidad","%","https://www.infinit.com.uy/productos/imgs/core-i7-12700-29672-3.jpg"
"1778256957-140","https://www.infinit.com.uy/catalogo/pc/infinit/","1.136","Garantía: 3 AÑOS / NUEVO","NG047","PC Gamer AMD Ryzen 7 5700G RAM 16Gb Ddr4 Ssd Nvme 1Tb Monitor 27"" 100Hz Wifi Bt Teclado Mouse Auricular MousePad W11","","","AMD","","1.124","USD","Cód.","","",",00","Comprar","Destacado","","Antes","USD","Ahora","IVA inc.","En stock","En stock","","",",00","Cantidad","","https://www.infinit.com.uy/imgs/productos/productos3_36400.jpg"
"1778256957-141","https://www.infinit.com.uy/catalogo/pc/infinit/","1.165","Garantía: 3 AÑOS / NUEVO","NG26","PC Gamer AMD Ryzen 5 8600G Ram 16Gb Ddr5 Ssd Nvme 1Tb Video Radeon 760m Dp Hdmi Wifi Bluetooth Win11 64bit Español","","","AMD","","1.090","USD","Cód.","","",",00","Comprar","Destacado","","Antes","USD","Ahora","IVA inc.","En stock","En stock","","",",00","Cantidad","","https://www.infinit.com.uy/imgs/productos/productos3_33249.jpg"
"1778256957-142","https://www.infinit.com.uy/catalogo/pc/infinit/","1.182","Garantía: 3 AÑOS / NUEVO","NG034","PC Gamer AMD Ryzen 7 5700G RAM 32Gb Ddr4 Ssd Nvme 1Tb Video Rx Radeon 2Gb Hdmi Wifi Bt Windows 11 64bit","","","AMD","","1.159","USD","Cód.","","",",00","Comprar","","","Antes","USD","Ahora","IVA inc.","En stock","En stock","","",",00","Cantidad","","https://www.infinit.com.uy/imgs/productos/productos3_17917.jpg"
"1778256957-143","https://www.infinit.com.uy/catalogo/pc/infinit/","1.197","Garantía: 3 AÑOS / NUEVO","NG010-MON1","PC Gamer AMD Ryzen 3 5300G (4 Núcleos) - RAM 32Gb - Ssd 1Tb - Monitor 24"" 100Hz - Wifi/Bt Combo Accesorios Windows","","","AMD","","1.175","USD","Cód.","","",",00","Comprar","","","Antes","USD","Ahora","IVA inc.","En stock","En stock","","",",00","Cantidad","","https://www.infinit.com.uy/imgs/productos/productos3_35612.jpg"
"1778256957-144","https://www.infinit.com.uy/catalogo/pc/infinit/","1.200","Garantía: 1 AÑO / RECERTIFICADO","KITKL02065R","Notebook HP Elitebook 855 G7 AMD Ryzen 7 Pro 4750u (8 Núcleos) - 32Gb - 1Tb - Pantalla 15.6 Full HD - W11 Pro","-1%","PLATA","HP","1","1.215","USD","Cód.","15,6""","",",00","Comprar","","","Antes","USD","Ahora","IVA inc.","En stock","En stock","Color","Medida",",00","Cantidad","%","https://www.infinit.com.uy/imgs/productos/productos3_39156.jpg"
"1778256957-145","https://www.infinit.com.uy/catalogo/pc/infinit/","1.209","Garantía: 3 AÑOS / NUEVO","NG36-MON1","PC Gamer AMD Ryzen 5 8500G (6 Núcleos) - RAM 16Gb - Ssd 1Tb - Monitor 24"" 100Hz - Wifi/Bt Combo Accesorios Windows","","","AMD","","1.191","USD","Cód.","","",",00","Comprar","","","Antes","USD","Ahora","IVA inc.","En stock","En stock","","",",00","Cantidad","","https://www.infinit.com.uy/imgs/productos/productos3_38540.jpg"
"1778256957-146","https://www.infinit.com.uy/catalogo/pc/infinit/","1.209","Garantía: 1 AÑO / RECERTIFICADO","KITNBI7DELL7410RF32G","Notebook DELL Latitude 7410 Intel Core i7 10610u (4 Núcleos) - 32Gb - 1Tb - Pantalla 14 Full HD - W10P","","NEGRO","DELL","","1.201","USD","Cód.","14""","",",00","Comprar","","","Antes","USD","Ahora","IVA inc.","En stock","En stock","Color","Medida",",00","Cantidad","","https://www.infinit.com.uy/imgs/productos/productos3_39305.jpg"
"1778256957-147","https://www.infinit.com.uy/catalogo/pc/infinit/","1.215","Garantía: 1 AÑO / RECERTIFICADO","KITNT056DEL2832G","Notebook DELL Latitude 7420 Intel Core i5 1145G7 11va (4 Núcleos) - 32Gb - 1Tb - Pantalla 14"" Full HD - W10 Pro","","GRIS","DELL","","1.207","USD","Cód.","14""","",",00","Comprar","","","Antes","USD","Ahora","IVA inc.","En stock","En stock","Color","Medida",",00","Cantidad","","https://www.infinit.com.uy/imgs/productos/productos3_39072.jpg"
"1778256957-148","https://www.infinit.com.uy/catalogo/pc/infinit/","1.224","Garantía: 3 AÑOS / NUEVO","NG017","PC Gamer AMD Ryzen 5 5600XT Video Rx 580 8Gb RAM 16Gb Ddr4 Ssd Nvme 1Tb Wifi Bluetooth Windows 11 64bit","","","AMD","","1.210","USD","Cód.","","",",00","Comprar","","","Antes","USD","Ahora","IVA inc.","En stock","En stock","","",",00","Cantidad","","https://www.infinit.com.uy/imgs/productos/productos3_23801.jpg"
"1778256957-149","https://www.infinit.com.uy/catalogo/pc/infinit/","1.228","Garantía: 3 AÑOS / NUEVO","12OF","Equipo PC INTEL Core i5 12400 12va - 32Gb - Ssd 1Tb - Wifi/Bt - Windows 11 Pro - Teclado Mouse y Parlantes","","","INTEL","","1.153","USD","Cód.","","",",00","Comprar","","","Antes","USD","Ahora","IVA inc.","En stock","En stock","","",",00","Cantidad","","https://www.infinit.com.uy/imgs/productos/productos3_24625.jpg"
"1778256957-150","https://www.infinit.com.uy/catalogo/pc/infinit/","1.237","Garantía: 3 AÑOS / NUEVO","GINT-MON1","PC Gamer INTEL Core i5 10400F - Rx 560 4Gb - RAM 16Gb - Ssd 1Tb - Monitor 24 - Wifi/Bt - Accesorios - Windows","","","INTEL","","1.171","USD","Cód.","","",",00","Comprar","","","Antes","USD","Ahora","IVA inc.","En stock","En stock","","",",00","Cantidad","","https://www.infinit.com.uy/imgs/productos/productos3_19861.jpg"
"1778256957-151","https://www.infinit.com.uy/catalogo/pc/infinit/","1.263","Nuevo. Modelo Aspire C27","PRV-EQU2039","Equipo All in One Acer Ryzen 7 5825U 16GB 1TB SSD 27"" FHD","","","ACER","","0","USD","Cód.","","",",51","Comprar","","Nuevo","Antes","USD","Precio","IVA inc.","En stock","En stock","","",",00","Cantidad","","https://www.infinit.com.uy/imgs/productos/productos3_41098.jpg"
"1778256957-152","https://www.infinit.com.uy/catalogo/pc/infinit/","1.272","Garantía: 3 AÑOS / NUEVO","NG026-MON1","PC Gamer AMD Ryzen 5 5600G (6 Núcleos) - RAM 32Gb - Ssd 1Tb - Monitor 24"" 100Hz - Wifi/Bt Combo Accesorios Windows","","","AMD","","1.251","USD","Cód.","","",",00","Comprar","","","Antes","USD","Ahora","IVA inc.","En stock","En stock","","",",00","Cantidad","","https://www.infinit.com.uy/imgs/productos/productos3_33217.jpg"
"1778256957-153","https://www.infinit.com.uy/catalogo/pc/infinit/","1.278","Garantía: 1 AÑO / NUEVO","KITNAX1502VANJ6","Notebook ASUS Vivobook X1502VA Intel Core I7 13620h (10 Core) - 32Gb - 1Tb - Pantalla 15.6 Full HD - W11","-1%","AZUL OSCURO","ASUS","1","1.287","USD","Cód.","15,6""","",",00","Comprar","","","Antes","USD","Ahora","IVA inc.","En stock","En stock","Color","Medida",",00","Cantidad","%","https://www.infinit.com.uy/imgs/productos/productos3_39282.jpg"
"1778256957-154","https://www.infinit.com.uy/catalogo/pc/infinit/","1.284","Garantía: 3 AÑOS / NUEVO","NG031-MON1","PC Gamer AMD Ryzen 5 5600GT (6 Núcleos) - RAM 32Gb - Ssd 1Tb - Monitor 24"" 100Hz - Wifi/Bt Combo Accesorios Windows","","","AMD","","1.254","USD","Cód.","","",",00","Comprar","","","Antes","USD","Ahora","IVA inc.","En stock","En stock","","",",00","Cantidad","","https://www.infinit.com.uy/imgs/productos/productos3_29710.jpg"
"1778256957-155","https://www.infinit.com.uy/catalogo/pc/infinit/","1.303","Garantía: 3 AÑOS / NUEVO","INTNG30","PC Gamer INTEL Core i5 14400F 16Gb Ddr5 Ssd Nvme 1Tb Video Amd Radeon Rx 580 8Gb Gddr5 Wifi Bt W11 3 Años Garantía","","NEGRO","INTEL","","1.197","USD","Cód.","","Consultar",",00","","","","Antes","USD","Ahora","IVA inc.","Agotado","Agotado","","Color",",00","","","https://www.infinit.com.uy/imgs/productos/productos3_21159.jpg"
"1778256957-156","https://www.infinit.com.uy/catalogo/pc/infinit/","1.315","Garantía: 3 AÑOS / NUEVO","NG018-MON3","PC Gamer AMD Ryzen 5 5600G (6 Núcleos) - RAM 32Gb - Ssd 1Tb - Monitor 27"" 100Hz - Wifi/Bt Combo Accesorios Windows","","","AMD","","1.176","USD","Cód.","","",",00","Comprar","","","Antes","USD","Ahora","IVA inc.","En stock","En stock","","",",00","Cantidad","","https://www.infinit.com.uy/imgs/productos/productos3_18519.jpg"
"1778256957-157","https://www.infinit.com.uy/catalogo/pc/infinit/","1.318","Garantía: 3 AÑOS / NUEVO","NG015","PC Gamer AMD Ryzen 5 5600XT Video Rtx 3050 6Gb RAM 16Gb Ddr4 Ssd Nvme 1Tb Wifi Bluetooth Windows 11 64bit","","NEGRO","AMD","","1.314","USD","Cód.","","",",00","Comprar","","","Antes","USD","Ahora","IVA inc.","En stock","En stock","","Color",",00","Cantidad","","https://www.infinit.com.uy/imgs/productos/productos3_15530.jpg"
"1778256957-158","https://www.infinit.com.uy/catalogo/pc/infinit/","1.331","Garantía: 3 AÑOS / NUEVO","NG032","PC Gamer AMD Ryzen 7 5700G RAM 32Gb Ddr4 Ssd Nvme 1Tb Monitor 24"" 100Hz Wifi Bt Teclado Mouse Auricular MousePad W11","","","AMD","","1.311","USD","Cód.","","",",00","Comprar","","","Antes","USD","Ahora","IVA inc.","En stock","En stock","","",",00","Cantidad","","https://www.infinit.com.uy/imgs/productos/productos3_14215.jpg"
"1778256957-159","https://www.infinit.com.uy/catalogo/pc/infinit/","1.332","Garantía: 1 AÑO / NUEVO","NOT3158","Notebook ASUS Vivobook S16 Ryzen 9 270 (8 Nucleos) - 16Gb - 1Tb - Pantalla 16 WUXGA 144Hz - Win11","-10%","NEGRO","ASUS","10","1.475","USD","Cód.","16""","",",00","Comprar","","","Antes","USD","Ahora","IVA inc.","En stock","En stock","Color","Medida",",00","Cantidad","%","https://www.infinit.com.uy/imgs/productos/productos3_40616.jpg"
"1778256957-160","https://www.infinit.com.uy/catalogo/pc/infinit/","1.333","Garantía: 3 AÑOS / NUEVO","NG014","PC Gamer AMD Ryzen 5 5600XT Video Gtx 1660Ti 6Gb RAM 16Gb Ddr4 Ssd Nvme 1Tb Wifi Bluetooth Windows 11 64bit","","NEGRO","AMD","","1.330","USD","Cód.","","",",00","Comprar","","","Antes","USD","Ahora","IVA inc.","En stock","En stock","","Color",",00","Cantidad","","https://www.infinit.com.uy/imgs/productos/productos3_14200.jpg"
"1778256957-161","https://www.infinit.com.uy/catalogo/pc/infinit/","1.337","Garantía: 3 AÑOS / NUEVO","NG012","PC Gamer AMD Ryzen 5 4500 Video Rtx 1650 4Gb Gddr6 RAM 16Gb Ssd Nvme 1Tb Wifi Bt Monitor 22 100Hz Combo Accesorios","","NEGRO","AMD","","1.338","USD","Cód.","","",",00","Comprar","","","Antes","USD","Ahora","IVA inc.","En stock","En stock","","Color",",00","Cantidad","","https://www.infinit.com.uy/imgs/productos/productos3_35628.jpg"
"1778256957-162","https://www.infinit.com.uy/catalogo/pc/infinit/","1.344","Garantía: 3 AÑOS / NUEVO","PCG-AMD31","PC Gamer AMD Ryzen 5 5500 Ram 32Gb Ddr4 Nvme 2Tb Rtx 3050 8Gb Gddr6 Hdmi Dp Juegos Wifi Win10 Juegos Instalados","-1%","NEGRO","AMD","1","1.359","USD","Cód.","","",",00","Comprar","","","Antes","USD","Ahora","IVA inc.","En stock","En stock","","Color",",00","Cantidad","%","https://www.infinit.com.uy/imgs/productos/productos3_14526.jpg"
"1778256957-163","https://www.infinit.com.uy/catalogo/pc/infinit/","1.351","Garantía: 3 AÑOS / NUEVO","NG051","PC Gamer AMD Ryzen 7 5700G RAM 32Gb Ddr4 Ssd Nvme 1Tb Monitor 27"" 100Hz Wifi Bt Teclado Mouse Auricular MousePad W11","","","AMD","","1.331","USD","Cód.","","",",00","Comprar","","","Antes","USD","Ahora","IVA inc.","En stock","En stock","","",",00","Cantidad","","https://www.infinit.com.uy/imgs/productos/productos3_36474.jpg"
"1778256957-164","https://www.infinit.com.uy/catalogo/pc/infinit/","1.357","Garantía: 3 AÑOS / NUEVO","NG39","PC Gamer AMD Ryzen 5 8600G (6 Núcleos) - RAM 32Gb - Ssd 1Tb - Wifi/Bt - Video Radeom 760m - Win11 Pro","","","AMD","","1.273","USD","Cód.","","",",00","Comprar","","","Antes","USD","Ahora","IVA inc.","En stock","En stock","","",",00","Cantidad","","https://www.infinit.com.uy/imgs/productos/productos3_34056.jpg"
"1778256957-165","https://www.infinit.com.uy/catalogo/pc/infinit/","1.358","Garantía: 1 AÑO / NUEVO","NA3607RP064W","Notebook ASUS Vivobook S16 Ryzen 9 270 - 16Gb - Ssd 1Tb - Pantalla 16"" Wuxga 144hz - W11","-3%","GRIS","ASUS","3","1.406","USD","Cód.","16""","",",00","Comprar","","","Antes","USD","Ahora","IVA inc.","En stock","En stock","Color","Medida",",00","Cantidad","%","https://www.infinit.com.uy/imgs/productos/productos3_39248.jpg"
"1778256957-166","https://www.infinit.com.uy/catalogo/pc/infinit/","1.359","Garantía: 3 AÑOS / NUEVO","NG08","PC Gamer AMD Ryzen 7 5700G RAM 32Gb Ddr4 Ssd Nvme 1Tb Monitor 24"" 180Hz Curvo Wifi Bt Teclado Auricular MousePad W11","","","AMD","","1.340","USD","Cód.","","",",00","Comprar","","","Antes","USD","Ahora","IVA inc.","En stock","En stock","","",",00","Cantidad","","https://www.infinit.com.uy/imgs/productos/productos3_35596.jpg"
"1778256957-167","https://www.infinit.com.uy/catalogo/pc/infinit/","1.367","Garantía: 3 AÑOS / NUEVO","INTNG54","PC Gamer Intel Core i3 14100f Video Rtx 3050 6Gb RAM 16Gb Ddr5 Ssd Nvme 1Tb Wifi Bt Hdmi Dp Windows 11 64bit","-2%","","INTEL","2","1.402","USD","Cód.","","",",00","Comprar","Destacado","","Antes","USD","Ahora","IVA inc.","En stock","En stock","","",",00","Cantidad","%","https://www.infinit.com.uy/imgs/productos/productos3_36660.jpg"
"1778256957-168","https://www.infinit.com.uy/catalogo/pc/infinit/","1.370","Garantía: 6 MESES / RECERTIFICADO","A2141I9RFR","APPLE Macbook Pro 2019 Intel Core i9 - Video Radeon Pro 5300M 4Gb - RAM 16Gb - 1Tb Pantalla 16 Retina Touchbar Tahoe","","PLATA","APPLE","","0","USD","Cód.","16""","",",00","Comprar","","","Antes","USD","Precio","IVA inc.","En stock","En stock","Color","Medida",",00","Cantidad","","https://www.infinit.com.uy/imgs/productos/productos3_40466.jpg"
"1778256957-169","https://www.infinit.com.uy/catalogo/pc/infinit/","1.380","Garantía: 3 AÑOS / NUEVO","GINT2","PC Gamer INTEL Core i3 13100F 13va - Rtx 3050 6Gb - RAM 16Gb - Ssd 1Tb - Wifi/Bt - Windows 10 u 11 Pro","","","INTEL","","1.320","USD","Cód.","","",",00","Comprar","","","Antes","USD","Ahora","IVA inc.","En stock","En stock","","",",00","Cantidad","","https://www.infinit.com.uy/imgs/productos/productos3_12860.jpg"
"1778256957-170","https://www.infinit.com.uy/catalogo/pc/infinit/","1.386","Garantía: 3 AÑOS / NUEVO","INTNG4","PC Gamer Intel Core i5 12400f Video Rtx 3050 8Gb Ram 16Gb Ddr4 Ssd Nvme 1Tb Wifi Hdmi W11","-2%","","INTEL","2","1.421","USD","Cód.","","",",00","Comprar","","","Antes","USD","Ahora","IVA inc.","En stock","En stock","","",",00","Cantidad","%","https://www.infinit.com.uy/imgs/productos/productos1_14878.jpg"
"1778256957-171","https://www.infinit.com.uy/catalogo/pc/infinit/","1.390","Garantía: 3 AÑOS / NUEVO","INTNG29","PC Gamer Intel Core i3 12100f Ram 16Gb Ddr4 Ssd Nvme 512Gb Rtx 3060 12Gb Gddr6 Dp Hdmi Wifi Juegos Instalados","","NEGRO","INTEL","","1.304","USD","Cód.","","",",00","Comprar","Destacado","","Antes","USD","Ahora","IVA inc.","En stock","En stock","","Color",",00","Cantidad","","https://www.infinit.com.uy/imgs/productos/productos3_21112.jpg"
"1778256957-172","https://www.infinit.com.uy/catalogo/pc/infinit/","1.391","Garantía: 3 AÑOS / NUEVO","11OF","Equipo PC INTEL Core i7 12700 12va - 32Gb - Ssd 1Tb - Wifi/Bt - Windows 11 Pro - Teclado Mouse y Parlantes","","","INTEL","","1.391","USD","Cód.","","",",00","Comprar","","","Antes","USD","Precio","IVA inc.","En stock","En stock","","",",00","Cantidad","","https://www.infinit.com.uy/imgs/productos/productos3_28823.jpg"
"1778256957-173","https://www.infinit.com.uy/catalogo/pc/infinit/","1.412","Garantía: 1 AÑO / NUEVO","KITNOT3125","Notebook HP Victus 15-FA2013DX Intel Core I5 13420H (8 Núcleos) - Rtx 3050 6Gb - 16Gb - 1Tb - Pantalla 15.6 Full HD","","GRIS OSCURO","HP","","1.368","USD","Cód.","15,6""","",",00","Comprar","","","Antes","USD","Ahora","IVA inc.","En stock","En stock","Color","Medida",",00","Cantidad","","https://www.infinit.com.uy/imgs/productos/productos3_39012.jpg"
"1778256957-174","https://www.infinit.com.uy/catalogo/pc/infinit/","1.415","Garantía: 3 AÑOS / NUEVO","NG018","PC Gamer AMD Ryzen 5 5600XT Video Rx 580 8Gb RAM 32Gb Ddr4 Ssd Nvme 1Tb Wifi Bluetooth Windows 11 64bit","","","AMD","","1.372","USD","Cód.","","",",00","Comprar","","","Antes","USD","Ahora","IVA inc.","En stock","En stock","","",",00","Cantidad","","https://www.infinit.com.uy/imgs/productos/productos3_26852.jpg"
"1778256957-175","https://www.infinit.com.uy/catalogo/pc/infinit/","1.434","Garantía: 3 AÑOS / NUEVO","NG073","PC Gamer AMD Ryzen 7 5700G RAM 32Gb Ddr4 Ssd Nvme 1Tb 2 Monitores 22"" 100Hz Wifi Bt Teclado Mouse Auricular MousePad W11","","","AMD","","1.401","USD","Cód.","","",",00","Comprar","","","Antes","USD","Ahora","IVA inc.","En stock","En stock","","",",00","Cantidad","","https://www.infinit.com.uy/imgs/productos/productos3_17459.jpg"
"1778256957-176","https://www.infinit.com.uy/catalogo/pc/infinit/","1.449","Garantía: 3 AÑOS / NUEVO","NG072","PC Gamer AMD Ryzen 7 5700G RAM 32Gb Ddr4 Ssd Nvme 1Tb 2 Monitores 24"" 100Hz Wifi Bt Teclado Mouse Auricular MousePad W11","","","AMD","","1.417","USD","Cód.","","",",00","Comprar","","","Antes","USD","Ahora","IVA inc.","En stock","En stock","","",",00","Cantidad","","https://www.infinit.com.uy/imgs/productos/productos3_16858.jpg"
"1778256957-177","https://www.infinit.com.uy/catalogo/pc/infinit/","1.463","Garantía: 3 AÑOS / NUEVO","10OF","Equipo PC INTEL Core i7 13700 13va - 32Gb - Ssd 1Tb - Wifi/Bt - Windows 11 Pro - Teclado Mouse y Parlantes","","","INTEL","","1.371","USD","Cód.","","",",00","Comprar","","","Antes","USD","Ahora","IVA inc.","En stock","En stock","","",",00","Cantidad","","https://www.infinit.com.uy/imgs/productos/productos3_28822.jpg"
"1778256957-178","https://www.infinit.com.uy/catalogo/pc/infinit/","1.469","Garantía: 3 AÑOS / NUEVO","NG37-MON1","PC Gamer AMD Ryzen 5 8500G (6 Núcleos) - RAM 32Gb - Ssd 1Tb - Monitor 24"" 100Hz - Wifi/Bt Combo Accesorios Windows","","","AMD","","1.383","USD","Cód.","","",",00","Comprar","","","Antes","USD","Ahora","IVA inc.","En stock","En stock","","",",00","Cantidad","","https://www.infinit.com.uy/imgs/productos/productos1_17970.jpg"
"1778256957-179","https://www.infinit.com.uy/catalogo/pc/infinit/","1.487","Garantía: 3 AÑOS / NUEVO","NG074","PC Gamer AMD Ryzen 7 5700G RAM 32Gb Ddr4 Ssd Nvme 1Tb 2 Monitores 27"" 100Hz Wifi Bt Teclado Mouse Auricular MousePad W11","","","AMD","","1.455","USD","Cód.","","",",00","Comprar","","","Antes","USD","Ahora","IVA inc.","En stock","En stock","","",",00","Cantidad","","https://www.infinit.com.uy/imgs/productos/productos3_37853.jpg"
"1778256957-180","https://www.infinit.com.uy/catalogo/pc/infinit/","1.489","Garantía: 3 AÑOS / NUEVO","INTNG50","PC Gamer INTEL Core i5 14400F 16Gb Ddr5 Ssd Nvme 1Tb Video Nvidia Rtx 3050 6Gb Gddr6 Wifi Bt W11 3 Años Garantía","","","INTEL","","1.401","USD","Cód.","","Consultar",",00","","","","Antes","USD","Ahora","IVA inc.","Agotado","Agotado","","",",00","","","https://www.infinit.com.uy/imgs/productos/productos3_26795.jpg"
"1778256957-181","https://www.infinit.com.uy/catalogo/pc/infinit/","1.494","Garantía: 1 AÑO / NUEVO","NOT2819","Notebook ASUS Zenbook 14 OLED (UM3406HA) Amd Ryzen 7 8840HS - 16Gb - 1Tb - Pantalla 14"" Full HD+","-2%","NEGRO","ASUS","2","1.529","USD","Cód.","14""","",",00","Comprar","","","Antes","USD","Ahora","IVA inc.","En stock","En stock","Color","Medida",",00","Cantidad","%","https://www.infinit.com.uy/imgs/productos/productos3_34842.jpg"
"1778256957-182","https://www.infinit.com.uy/catalogo/pc/infinit/","1.498","Garantía: 1 AÑO / NUEVO","UX3407QAQD288W","Notebook ASUS Zenbook 14 UX3407QA Intel Qualcomm Snapdragon X1 (8 Nucleos) - 32Gb - 1Tb - Pantalla 14 Oled - W11","-5%","BEIGE","ASUS","5","1.581","USD","Cód.","14""","",",00","Comprar","","","Antes","USD","Ahora","IVA inc.","En stock","En stock","Color","Medida",",00","Cantidad","%","https://www.infinit.com.uy/imgs/productos/productos3_40991.jpg"
"1778256957-183","https://www.infinit.com.uy/catalogo/pc/infinit/","1.499","Reacondicionado. Año 2021.","PRV-EQU2046","Equipo All in One Apple iMac M1 8-core 8GB 256GB SSD 24"" 4.5K Español","","","APPLE","","0","USD","Cód.","","",",10","Comprar","","Nuevo","Antes","USD","Precio","IVA inc.","En stock","En stock","","",",00","Cantidad","","https://www.infinit.com.uy/imgs/productos/productos3_41113.jpg"
"1778256957-184","https://www.infinit.com.uy/catalogo/pc/infinit/","1.507","Garantía: 3 AÑOS / NUEVO","NG1","PC Gamer AMD Ryzen 5 5500 (6 Núcleos) - Rtx 3060 12Gb - RAM 16Gb - Ssd 1Tb - Wifi/Bt Windows 11 Pro","-1%","","AMD","1","1.522","USD","Cód.","","",",00","Comprar","","","Antes","USD","Ahora","IVA inc.","En stock","En stock","","",",00","Cantidad","%","https://www.infinit.com.uy/imgs/productos/productos3_27201.jpg"
"1778256957-185","https://www.infinit.com.uy/catalogo/pc/infinit/","1.531","Garantía: 3 AÑOS / NUEVO","GINT-MON2","PC Gamer INTEL Core i3 13100F - Rtx 3050 6Gb - RAM 16Gb - Ssd 1Tb - Monitor 24 - Wifi/Bt - Accesorios - Windows","","","INTEL","","1.471","USD","Cód.","","",",00","Comprar","","","Antes","USD","Ahora","IVA inc.","En stock","En stock","","",",00","Cantidad","","https://www.infinit.com.uy/imgs/productos/productos3_26916.jpg"
"1778256957-186","https://www.infinit.com.uy/catalogo/pc/infinit/","1.535","Garantía: 3 AÑOS / NUEVO","NG75","PC Gamer AMD Ryzen 7 8700G (8 Núcleos) RAM 32Gb - Ssd 1Tb - Wifi/Bt - Video Radeom 780m - Win11 Pro","","","AMD","","1.414","USD","Cód.","","",",00","Comprar","","","Antes","USD","Ahora","IVA inc.","En stock","En stock","","",",00","Cantidad","","https://www.infinit.com.uy/imgs/productos/productos3_17942.jpg"
"1778256957-187","https://www.infinit.com.uy/catalogo/pc/infinit/","1.538","Garantía: 3 AÑOS / NUEVO","NG39-MON1","PC Gamer AMD Ryzen 5 8600G (6 Núcleos) - RAM 32Gb - Ssd 1Tb - Monitor 24"" 100Hz - Wifi/Bt Combo Accesorios Windows","","","AMD","","1.427","USD","Cód.","","",",00","Comprar","","","Antes","USD","Ahora","IVA inc.","En stock","En stock","","",",00","Cantidad","","https://www.infinit.com.uy/imgs/productos/productos3_38592.jpg"
"1778256957-188","https://www.infinit.com.uy/catalogo/pc/infinit/","1.570","Garantía: 3 AÑOS / NUEVO","NG051-RX580-MON24","PC Gamer AMD Ryzen 7 5700G (8 Núcleos) - Video RX580 8Gb - RAM 32Gb - Ssd 1Tb - Monitor 24"" 100Hz - Wifi/Bt - Accesorios","","","AMD","","1.415","USD","Cód.","","",",00","Comprar","","","Antes","USD","Ahora","IVA inc.","En stock","En stock","","",",00","Cantidad","","https://www.infinit.com.uy/imgs/productos/productos3_22785.jpg"
"1778256957-189","https://www.infinit.com.uy/catalogo/pc/infinit/","1.590","Garantía: 3 AÑOS / NUEVO","NG051-RX580-MON27","PC Gamer AMD Ryzen 7 5700G (8 Núcleos) - Video RX580 8Gb - RAM 32Gb - Ssd 1Tb - Monitor 27"" 100Hz - Wifi/Bt - Accesorios","","","AMD","","1.533","USD","Cód.","","",",00","Comprar","","","Antes","USD","Ahora","IVA inc.","En stock","En stock","","",",00","Cantidad","","https://www.infinit.com.uy/imgs/productos/productos3_38797.jpg"
"1778256957-190","https://www.infinit.com.uy/catalogo/pc/infinit/","1.609","Garantía: 3 AÑOS / NUEVO","INTEL302","PC Gamer Intel Core i7 13700f 13va Gen Rtx 3050 8Gb 16Gb Ddr4 1Tb Wifi Windows 11 64bit Español","","","INTEL","","1.614","USD","Cód.","","",",00","Comprar","Destacado","","Antes","USD","Ahora","IVA inc.","En stock","En stock","","",",00","Cantidad","","https://www.infinit.com.uy/imgs/productos/productos3_26808.jpg"
"1778256957-191","https://www.infinit.com.uy/catalogo/pc/infinit/","1.624","Garantía: 3 AÑOS / NUEVO","INTNG3","PC Gamer Intel Core i5 12400f Video Rtx 3060 12Gb Ram 16Gb Ddr4 Ssd Nvme 1Tb Dp Hdmi Wifi W11","-2%","NEGRO","INTEL","2","1.659","USD","Cód.","","",",00","Comprar","","","Antes","USD","Ahora","IVA inc.","En stock","En stock","","Color",",00","Cantidad","%","https://www.infinit.com.uy/imgs/productos/productos3_21527.jpg"
"1778256957-192","https://www.infinit.com.uy/catalogo/pc/infinit/","1.630","Garantía: 3 AÑOS / NUEVO","INTNG17","PC Gamer Intel Core i5 13400f Video Rtx 3060 12Gb Ram 16Gb Ddr4 Ssd Nvme 1Tb Dp Hdmi Wifi Bt Windows 11 64bit","-3%","","INTEL","3","1.679","USD","Cód.","","",",00","Comprar","","","Antes","USD","Ahora","IVA inc.","En stock","En stock","","",",00","Cantidad","%","https://www.infinit.com.uy/imgs/productos/productos3_26489.jpg"
"1778256957-193","https://www.infinit.com.uy/catalogo/pc/infinit/","1.646","Garantía: 1 AÑO / NUEVO","KITNA3607RP064W","Notebook ASUS Vivobook S16 Ryzen 9 270 - 32Gb - Ssd 1Tb - Pantalla 16"" Wuxga 144hz - W11","-3%","GRIS","ASUS","3","1.693","USD","Cód.","16""","",",00","Comprar","","","Antes","USD","Ahora","IVA inc.","En stock","En stock","Color","Medida",",00","Cantidad","%","https://www.infinit.com.uy/imgs/productos/productos3_39253.jpg"
"1778256957-194","https://www.infinit.com.uy/catalogo/pc/infinit/","1.649","Garantía: 3 AÑOS / NUEVO","NG019","PC Gamer AMD Ryzen 5 5600XT Video Rtx 3060 12Gb RAM 16Gb Ddr4 Ssd Nvme 1Tb Wifi Bluetooth Windows 11 64bit","","","AMD","","1.577","USD","Cód.","","",",00","Comprar","","","Antes","USD","Ahora","IVA inc.","En stock","En stock","","",",00","Cantidad","","https://www.infinit.com.uy/imgs/productos/productos3_23962.jpg"
"1778256957-195","https://www.infinit.com.uy/catalogo/pc/infinit/","1.651","Garantía: 3 AÑOS / NUEVO","21SU000YLM","Notebook LENOVO Thinkpad E16 Amd Ryzen 5 220 (6 Nucleos) - 16Gb - 512Gb - Pantalla 16 Wuxga - W11 Pro","","NEGRO","LENOVO","","0","USD","Cód.","16""","",",00","Comprar","","","Antes","USD","Precio","IVA inc.","En stock","En stock","Color","Medida",",00","Cantidad","","https://www.infinit.com.uy/imgs/productos/productos3_40869.jpg"
"1778256957-196","https://www.infinit.com.uy/catalogo/pc/infinit/","1.671","Garantía: 3 AÑOS / NUEVO","NG028","PC Gamer AMD Ryzen 5 5600XT Video Rtx 3070 8Gb RAM 16Gb Ddr4 Ssd Nvme 1Tb Wifi Bluetooth Windows 11 64bit","","","AMD","","1.672","USD","Cód.","","",",00","Comprar","Destacado","","Antes","USD","Ahora","IVA inc.","En stock","En stock","","",",00","Cantidad","","https://www.infinit.com.uy/imgs/productos/productos3_31239.jpg"
"1778256957-197","https://www.infinit.com.uy/catalogo/pc/infinit/","1.676","Garantía: 3 AÑOS / NUEVO","PCAMD5600X-1","PC Gamer AMD Ryzen 5 5600x (6 Núcleos) - Rtx 5060 8Gb - RAM 16Gb - Ssd 1Tb - Windows 10 u 11 Pro","","NEGRO","AMD","","1.682","USD","Cód.","","",",00","Comprar","","","Antes","USD","Ahora","IVA inc.","En stock","En stock","","Color",",00","Cantidad","","https://www.infinit.com.uy/productos/imgs/amd-ryzen-5600x-14209-3.jpg"
"1778256957-198","https://www.infinit.com.uy/catalogo/pc/infinit/","1.681","Garantía: 3 AÑOS / NUEVO","NG75-MON1","PC Gamer AMD Ryzen 7 8700G (8 Núcleos) - RAM 32Gb - Ssd 1Tb - Monitor 24"" 100Hz - Wifi/Bt Combo Accesorios Windows","","","AMD","","1.561","USD","Cód.","","",",00","Comprar","","","Antes","USD","Ahora","IVA inc.","En stock","En stock","","",",00","Cantidad","","https://www.infinit.com.uy/imgs/productos/productos1_38600.jpg"
"1778256957-199","https://www.infinit.com.uy/catalogo/pc/infinit/","1.701","Garantía: 3 AÑOS / NUEVO","PCG-AMD41","Pc Gamer AMD Ryzen 5 7600 Am5 Ram 16Gb Ddr5 Nvme 1Tb Rtx 3050 8G Gddr6 Hdmi Dp Winndows 10 64bit","-1%","","AMD","1","1.714","USD","Cód.","","",",00","Comprar","Destacado","","Antes","USD","Ahora","IVA inc.","En stock","En stock","","",",00","Cantidad","%","https://www.infinit.com.uy/imgs/productos/productos3_19785.jpg"
"1778256957-200","https://www.infinit.com.uy/catalogo/pc/infinit/","1.709","Garantía: 1 AÑO / NUEVO","KITNOT312532G","Notebook HP Victus 15-FA2013DX Intel Core I5 13420H (8 Núcleos) - Rtx 3050 6Gb - 32Gb - 1Tb - Pantalla 15.6 Full HD","","GRIS OSCURO","HP","","1.665","USD","Cód.","15,6""","",",00","Comprar","","","Antes","USD","Ahora","IVA inc.","En stock","En stock","Color","Medida",",00","Cantidad","","https://www.infinit.com.uy/imgs/productos/productos3_39164.jpg"
"1778256957-201","https://www.infinit.com.uy/catalogo/pc/infinit/","1.767","Garantía: 3 AÑOS / NUEVO","NG037","PC Gamer AMD Ryzen 7 5700x Video Rtx 3060 12Gb RAM 16Gb Ddr4 Ssd Nvme 1Tb Wifi Bluetooth Windows 11 64bit","","NEGRO","AMD","","1.768","USD","Cód.","","",",00","Comprar","","","Antes","USD","Ahora","IVA inc.","En stock","En stock","","Color",",00","Cantidad","","https://www.infinit.com.uy/imgs/productos/productos3_27817.jpg"
"1778256957-202","https://www.infinit.com.uy/catalogo/pc/infinit/","1.768","Garantía: 3 AÑOS / NUEVO","NG048","PC Gamer AMD Ryzen 7 5700x Video Rtx 4060 8Gb RAM 16Gb Ddr4 Ssd Nvme 1Tb Wifi Bluetooth Windoes 11 64bit","-2%","","AMD","2","1.803","USD","Cód.","","",",00","Comprar","","","Antes","USD","Ahora","IVA inc.","En stock","En stock","","",",00","Cantidad","%","https://www.infinit.com.uy/imgs/productos/productos3_22779.jpg"
"1778256957-203","https://www.infinit.com.uy/catalogo/pc/infinit/","1.817","Garantía: 3 AÑOS / NUEVO","NG15","PC Gamer AMD Ryzen 5 7600x Ram 32Gb Ddr5 Ssd Nvme 1Tb Rtx 4060Ti 8Gb Gddr6 Wifi Windows 11 64bit Español","","NEGRO","AMD","","1.761","USD","Cód.","","",",00","Comprar","","","Antes","USD","Ahora","IVA inc.","En stock","En stock","","Color",",00","Cantidad","","https://www.infinit.com.uy/imgs/productos/productos3_36076.jpg"
"1778256957-204","https://www.infinit.com.uy/catalogo/pc/infinit/","1.818","Garantía: 3 AÑOS / NUEVO","NG044","PC Gamer AMD Ryzen 7 7700 Video Rtx 3060 12Gb RAM 32Gb Ddr5 Ssd Nvme 1Tb Wifi Bluetooth Windows 11 64bit","-2%","NEGRO","AMD","2","1.853","USD","Cód.","","",",00","Comprar","","","Antes","USD","Ahora","IVA inc.","En stock","En stock","","Color",",00","Cantidad","%","https://www.infinit.com.uy/imgs/productos/productos3_22536.jpg"
"1778256957-205","https://www.infinit.com.uy/catalogo/pc/infinit/","1.832","Garantía: 3 AÑOS / NUEVO","GINT4","PC Gamer INTEL Core i5 14400F 14va - Rtx 3060 12Gb - RAM 16Gb - Ssd 1Tb - Wifi/Bt - Windows","","","INTEL","","1.717","USD","Cód.","","Consultar",",00","","","","Antes","USD","Ahora","IVA inc.","Agotado","Agotado","","",",00","","","https://www.infinit.com.uy/imgs/productos/productos3_13375.jpg"
"1778256957-206","https://www.infinit.com.uy/catalogo/pc/infinit/","1.834","Garantía: 3 AÑOS / NUEVO","INTNG51","PC Gamer INTEL Core i7 14700F - Video Rtx 3050 6Gb - RAM 16Gb - Ssd 1Tb - Wifi/Bluetooth - Windows 11 Pro Español","","","INTEL","","1.773","USD","Cód.","","",",00","Comprar","Destacado","","Antes","USD","Ahora","IVA inc.","En stock","En stock","","",",00","Cantidad","","https://www.infinit.com.uy/imgs/productos/productos3_35262.jpg"
"1778256957-207","https://www.infinit.com.uy/catalogo/pc/infinit/","1.836","Garantía: 3 AÑOS / NUEVO","INTNG13","PC Gamer Intel Core i5 13400f Video Rtx 3060 12Gb Ram 32Gb Ddr4 Ssd Nvme 1Tb Dp Hdmi Wifi Bt Windows 11 64bit","-2%","","INTEL","2","1.872","USD","Cód.","","",",00","Comprar","","","Antes","USD","Ahora","IVA inc.","En stock","En stock","","",",00","Cantidad","%","https://www.infinit.com.uy/imgs/productos/productos3_26814.jpg"
"1778256957-208","https://www.infinit.com.uy/catalogo/pc/infinit/","1.853","Garantía: 1 AÑO / NUEVO","21MS00B3LM","Notebook LENOVO Thinkpad 16 G7 Intel Core Ultra 7 IML 155H (16 Core) - 16Gb - 1Tb - Pantalla 15.6 Wuxga - W11p","-6%","GRIS","LENOVO","6","1.971","USD","Cód.","15,6""","",",00","Comprar","","","Antes","USD","Ahora","IVA inc.","En stock","En stock","Color","Medida",",00","Cantidad","%","https://www.infinit.com.uy/imgs/productos/productos3_39438.jpg"
"1778256957-209","https://www.infinit.com.uy/catalogo/pc/infinit/","1.858","Garantía: 3 AÑOS / NUEVO","NG016","PC Gamer AMD Ryzen 5 5600XT Video Rtx 3050 6Gb RAM 32Gb Ddr4 Ssd Nvme 2Tb Wifi Bluetooth Windows 11 64bit","","","AMD","","1.794","USD","Cód.","","",",00","Comprar","","","Antes","USD","Ahora","IVA inc.","En stock","En stock","","",",00","Cantidad","","https://www.infinit.com.uy/imgs/productos/productos3_14278.jpg"
"1778256957-210","https://www.infinit.com.uy/catalogo/pc/infinit/","1.864","Garantía: 3 AÑOS / NUEVO","NG052","PC Gamer AMD Ryzen 7 5700G RAM 64Gb Ddr4 Ssd Nvme 2Tb Video Rx Radeon 2Gb Hdmi Wifi Bt Windows 11 64bit","-1%","","AMD","1","1.879","USD","Cód.","","",",00","Comprar","","","Antes","USD","Ahora","IVA inc.","En stock","En stock","","",",00","Cantidad","%","https://www.infinit.com.uy/imgs/productos/productos3_36567.jpg"
"1778256957-211","https://www.infinit.com.uy/catalogo/pc/infinit/","1.884","Garantía: 3 AÑOS / NUEVO","INTNG36","PC Gamer INTEL Core i7 12700f Ram 16Gb Ddr4 Ssd Nvme 1Tb Rtx 3060 12Gb Gddr6 Dp Hdmi Wifi Win11 64bit Español","","NEGRO","INTEL","","1.664","USD","Cód.","","",",00","Comprar","Destacado","","Antes","USD","Ahora","IVA inc.","En stock","En stock","","Color",",00","Cantidad","","https://www.infinit.com.uy/imgs/productos/productos3_34133.jpg"
"1778256957-212","https://www.infinit.com.uy/catalogo/pc/infinit/","1.886","Garantía: 3 AÑOS / NUEVO","INTEL303","PC Gamer Intel Core i7 13700f 13va Gen Rtx 3070 8Gb 16Gb Ddr4 1Tb Wifi Windows 11 64bit Español","","","INTEL","","1.891","USD","Cód.","","",",00","Comprar","Destacado","","Antes","USD","Ahora","IVA inc.","En stock","En stock","","",",00","Cantidad","","https://www.infinit.com.uy/imgs/productos/productos3_27005.jpg"
"1778256957-213","https://www.infinit.com.uy/catalogo/pc/infinit/","1.896","Garantía: 3 AÑOS / NUEVO","NG022","PC Gamer AMD Ryzen 5 5600XT Video Rtx 4060 8Gb RAM 32Gb Ddr4 Ssd Nvme 1Tb Wifi Bluetooth Windows 11 64bit","","","AMD","","1.883","USD","Cód.","","",",00","Comprar","","","Antes","USD","Ahora","IVA inc.","En stock","En stock","","",",00","Cantidad","","https://www.infinit.com.uy/imgs/productos/productos3_19452.jpg"
"1778256957-214","https://www.infinit.com.uy/catalogo/pc/infinit/","1.907","Garantía: 3 AÑOS / NUEVO","14OF","Equipo PC INTEL Core i9 14900 14va - 32Gb - Ssd 1Tb - Wifi/Bt - Windows 11 Pro - Teclado Mouse y Parlantes","","","INTEL","","1.827","USD","Cód.","","",",00","Comprar","","","Antes","USD","Ahora","IVA inc.","En stock","En stock","","",",00","Cantidad","","https://www.infinit.com.uy/imgs/productos/productos3_27543.jpg"
"1778256957-215","https://www.infinit.com.uy/catalogo/pc/infinit/","1.910","Garantía: 3 AÑOS / NUEVO","GINT3","PC Gamer INTEL Core i5 14400F 14va - Rtx 3060 12Gb - RAM 16Gb - Ssd 1Tb - Wifi/Bt - Windows","","","INTEL","","1.795","USD","Cód.","","Consultar",",00","","","","Antes","USD","Ahora","IVA inc.","Agotado","Agotado","","",",00","","","https://www.infinit.com.uy/imgs/productos/productos3_20296.jpg"
"1778256957-216","https://www.infinit.com.uy/catalogo/pc/infinit/","1.914","Garantía: 3 AÑOS / NUEVO","INTNG48","PC Gamer INTEL Core i7 12700kf Ram 32Gb Ddr4 Ssd Nvme 1Tb Video Nvidia Rtx 4060 8Gb Gddr6 Wifi Bt W11 3 Años Gtia","","","INTEL","","1.826","USD","Cód.","","",",00","Comprar","Destacado","","Antes","USD","Ahora","IVA inc.","En stock","En stock","","",",00","Cantidad","","https://www.infinit.com.uy/imgs/productos/productos3_16854.jpg"
"1778256957-217","https://www.infinit.com.uy/catalogo/pc/infinit/","1.920","Nuevo. Modelo MR7K3. Año 2023","PRV-NOT3074","Apple Macbook Pro M3 8+10, 8GB, 1TB SSD, 14.2'', Español","","","APPLE","","0","USD","Cód.","","",",77","Comprar","","","Antes","USD","Precio","IVA inc.","En stock","En stock","","",",00","Cantidad","","https://www.infinit.com.uy/imgs/productos/productos3_40475.jpg"
"1778256957-218","https://www.infinit.com.uy/catalogo/pc/infinit/","1.921","Garantía: 3 AÑOS / NUEVO","GINT50","PC Gamer Intel Core i7 14700kf 14va (20 Núcleos) - Rtx 3050 8Gb - RAM 16Gb - Ssd 1Tb - Wifi/Bt - Windows 10 u 11 Pro","","","LENOVO","","1.840","USD","Cód.","","",",00","Comprar","","","Antes","USD","Ahora","IVA inc.","En stock","En stock","","",",00","Cantidad","","https://www.infinit.com.uy/imgs/productos/productos1_20297.jpg"
"1778256957-219","https://www.infinit.com.uy/catalogo/pc/infinit/","1.987","Garantía: 3 AÑOS / NUEVO","INTEL21","PC Gamer Intel Core i7 10700kf 10ma Gen Z590 Ram 16Gb 3200Mhz Rgb Nvme 1Tb Rtx 3060Ti 8Gb Gddr6 Dp Hdmi Win10","","","INTEL","","1.987","USD","Cód.","","",",00","Comprar","Destacado","","Antes","USD","Precio","IVA inc.","En stock","En stock","","",",00","Cantidad","","https://www.infinit.com.uy/imgs/productos/productos3_14494.jpg"
"1778256957-220","https://www.infinit.com.uy/catalogo/pc/infinit/","2.022","Garantía: 3 AÑOS / NUEVO","NG049","PC Gamer AMD Ryzen 7 5700x Video Rtx 4060 8Gb RAM 32Gb Ddr4 Ssd Nvme 1Tb Wifi Bluetooth Windoes 11 64bit","","","AMD","","1.863","USD","Cód.","","",",00","Comprar","","","Antes","USD","Ahora","IVA inc.","En stock","En stock","","",",00","Cantidad","","https://www.infinit.com.uy/imgs/productos/productos3_36458.jpg"
"1778256957-221","https://www.infinit.com.uy/catalogo/pc/infinit/","2.025","Garantía: 3 AÑOS / NUEVO","INTNG5","PC Gamer Intel Core i7 13700f 13va Gen Rtx 3060 12Gb Ram 16Gb Ddr5 Ssd Nvme 1Tb Wifi Bluetooth W11 Pro","-2%","","INTEL","2","2.060","USD","Cód.","","",",00","Comprar","","","Antes","USD","Ahora","IVA inc.","En stock","En stock","","",",00","Cantidad","%","https://www.infinit.com.uy/imgs/productos/productos3_18176.jpg"
"1778256957-222","https://www.infinit.com.uy/catalogo/pc/infinit/","2.030","Garantía: 3 AÑOS / NUEVO","EQUINT6","PC Gamer INTEL Core i5 12400F (6 Núcleos) - Rtx 5060 8Gb - RAM 32Gb - 2Tb - Wifi/Bt - Windows 11 Pro","","","INTEL","","2.036","USD","Cód.","","",",00","Comprar","","","Antes","USD","Ahora","IVA inc.","En stock","En stock","","",",00","Cantidad","","https://www.infinit.com.uy/imgs/productos/productos3_20688.jpg"
"1778256957-223","https://www.infinit.com.uy/catalogo/pc/infinit/","2.032","Garantía: 3 AÑOS / NUEVO","EQUAMD6","PC Gamer AMD Ryzen 5 9600x - Video RTX 5060 8Gb - RAM 16Gb - 1Tb - Wifi/BT - Win11 Pro Español","","","AMD","","2.038","USD","Cód.","","",",00","Comprar","","","Antes","USD","Ahora","IVA inc.","En stock","En stock","","",",00","Cantidad","","https://www.infinit.com.uy/imgs/productos/productos3_23961.jpg"
"1778256957-224","https://www.infinit.com.uy/catalogo/pc/infinit/","2.056","Garantía: 3 AÑOS / NUEVO","NG043","PC Gamer AMD Ryzen 7 5800XT B550 Video Rtx 3060 12Gb RAM 32Gb Ddr4 Ssd Nvme 1Tb Wifi Bluetooth Windows 11 64bit","","NEGRO","AMD","","1.975","USD","Cód.","","",",00","Comprar","","","Antes","USD","Ahora","IVA inc.","En stock","En stock","","Color",",00","Cantidad","","https://www.infinit.com.uy/imgs/productos/productos3_27025.jpg"
"1778256957-225","https://www.infinit.com.uy/catalogo/pc/infinit/","2.092","Garantía: 3 AÑOS / NUEVO","INTNG14","PC Gamer INTEL Core i7 12700kf Ram 16Gb Ddr4 Rgb Ssd Nvme 1Tb GeForce Rtx 3060 12Gb Gddr6 Wifi W11 64bit","","","INTEL","","1.894","USD","Cód.","","",",00","Comprar","","","Antes","USD","Ahora","IVA inc.","En stock","En stock","","",",00","Cantidad","","https://www.infinit.com.uy/imgs/productos/productos3_21891.jpg"
"1778256957-226","https://www.infinit.com.uy/catalogo/pc/infinit/","2.103","Garantía: 1 AÑO / NUEVO","83CV000KLM","Notebook LENOVO Yoga Slim 7 14IMH9 Intel Core Ultra 5 125H (14 Core) - 16Gb - 1Tb - Pantalla 14 Wuxga Oled - W11p","","GRIS","LENOVO","","0","USD","Cód.","14""","",",00","Comprar","","","Antes","USD","Precio","IVA inc.","En stock","En stock","Color","Medida",",00","Cantidad","","https://www.infinit.com.uy/imgs/productos/productos3_39431.jpg"
"1778256957-227","https://www.infinit.com.uy/catalogo/pc/infinit/","2.108","Garantía: 3 AÑOS / NUEVO","INTNG2","PC Gamer Intel Core i5 12400f Video Rtx 3060 12Gb Ram 32Gb Ddr4 Ssd Nvme 2Tb Dp Hdmi Wifi Bluetooth W11","","NEGRO","INTEL","","1.963","USD","Cód.","","",",00","Comprar","Destacado","","Antes","USD","Ahora","IVA inc.","En stock","En stock","","Color",",00","Cantidad","","https://www.infinit.com.uy/imgs/productos/productos3_21146.jpg"
"1778256957-228","https://www.infinit.com.uy/catalogo/pc/infinit/","2.122","Garantía: 3 AÑOS / NUEVO","NG025","PC Gamer AMD Ryzen 5 5600XT Video Rtx 3070 8Gb RAM 32Gb Ddr4 Ssd Nvme 2Tb Wifi Bluetooth Windows 11 64bit","","","AMD","","2.123","USD","Cód.","","",",00","Comprar","","","Antes","USD","Ahora","IVA inc.","En stock","En stock","","",",00","Cantidad","","https://www.infinit.com.uy/imgs/productos/productos3_23814.jpg"
"1778256957-229","https://www.infinit.com.uy/catalogo/pc/infinit/","2.124","Garantía: 3 AÑOS / NUEVO","INTNG22","PC Gamer Intel Core i7 14700f Ram 16Gb Ddr5 Nvme 1Tb Rtx 3060 12Gb Gddr6 Dp Hdmi Wifi Win11 64bit Español","","","INTEL","","2.130","USD","Cód.","","",",00","Comprar","","","Antes","USD","Ahora","IVA inc.","En stock","En stock","","",",00","Cantidad","","https://www.infinit.com.uy/productos/imgs/14700f-23879-3.jpg"
"1778256957-230","https://www.infinit.com.uy/catalogo/pc/infinit/","2.171","Garantía: 3 AÑOS / NUEVO","INTEL46","PC Gamer Intel Core i9 12900k Ram 16Gb Ddr4 3200Mhz Rgb Nvme 500Gb Rtx 3060 12Gb Gddr6 Hdmi Wifi Windows 10 64bit","","","INTEL","","2.071","USD","Cód.","","",",00","Comprar","Destacado","","Antes","USD","Ahora","IVA inc.","En stock","En stock","","",",00","Cantidad","","https://www.infinit.com.uy/imgs/productos/productos3_21896.jpg"
"1778256957-231","https://www.infinit.com.uy/catalogo/pc/infinit/","2.196","Garantía: 3 AÑOS / NUEVO","INTNG43","PC Gamer INTEL Core i7 14700F 16Gb 5600mhz Ddr5 Ssd Nvme 1Tb Video Nvidia Rtx 3060 12Gb Gddr6 Wifi Bt W11 3 Años Gtia","","","INTEL","","2.202","USD","Cód.","","",",00","Comprar","","","Antes","USD","Ahora","IVA inc.","En stock","En stock","","",",00","Cantidad","","https://www.infinit.com.uy/imgs/productos/productos3_35127.jpg"
"1778256957-232","https://www.infinit.com.uy/catalogo/pc/infinit/","2.206","Garantía: 3 AÑOS / NUEVO","INTNG10","PC Gamer Intel Core i7 14700f 32Gb 3200mhz Ssd Nvme 1Tb Video Nvidia Rtx 4060 8Gb Gddr6 Wifi W11","-2%","","INTEL","2","2.241","USD","Cód.","","",",00","Comprar","Destacado","","Antes","USD","Ahora","IVA inc.","En stock","En stock","","",",00","Cantidad","%","https://www.infinit.com.uy/imgs/productos/productos3_21892.jpg"
"1778256957-233","https://www.infinit.com.uy/catalogo/pc/infinit/","2.234","Garantía: 3 AÑOS / NUEVO","NG40","PC Gamer AMD Ryzen 5 8600G Ram 64Gb Ddr5 Rgb Ssd Nvme 2Tb Video Radeon 760m Dp Hdmi Wifi Win11 64bit Español Juegos","","","AMD","","2.239","USD","Cód.","","",",00","Comprar","Destacado","","Antes","USD","Ahora","IVA inc.","En stock","En stock","","",",00","Cantidad","","https://www.infinit.com.uy/imgs/productos/productos3_34063.jpg"
"1778256957-234","https://www.infinit.com.uy/catalogo/pc/infinit/","2.264","Garantía: 3 AÑOS EQUIPO Y 1 AÑO BATERIA / NUEVO","21SS000RCL","Notebook LENOVO Thinkpad E16 Intel Core Ultra 7 255h (16 Nucleos) - 16Gb - 512Gb - Pantalla 16 Wuxga - W11 Pro","-1%","NEGRO","LENOVO","1","2.282","USD","Cód.","16""","",",00","Comprar","","","Antes","USD","Ahora","IVA inc.","En stock","En stock","Color","Medida",",00","Cantidad","%","https://www.infinit.com.uy/imgs/productos/productos3_40865.jpg"
"1778256957-235","https://www.infinit.com.uy/catalogo/pc/infinit/","2.317","Garantía: 3 AÑOS EQUIPO Y 1 AÑO BATERIA / NUEVO","21QD001RCL","Notebook LENOVO Thinkpad T14 G4 Intel Core Ultra 7 255u (12 Núcleos) - 16Gb - 1Tb - Pantalla 14 Wuxga - Win11 Pro","","NEGRO","LENOVO","","0","USD","Cód.","14""","",",00","Comprar","","","Antes","USD","Precio","IVA inc.","En stock","En stock","Color","Medida",",00","Cantidad","","https://www.infinit.com.uy/imgs/productos/productos3_40861.jpg"
"1778256957-236","https://www.infinit.com.uy/catalogo/pc/infinit/","2.367","Garantía: 3 AÑOS / NUEVO","EQUAMD3","PC Gamer AMD Ryzen 5 7600x (6 Núcleos) - Video RTX 5060 8Gb - RAM 32Gb - 1Tb - Win11 Pro Español","-1%","","AMD","1","2.391","USD","Cód.","","",",00","Comprar","","","Antes","USD","Ahora","IVA inc.","En stock","En stock","","",",00","Cantidad","%","https://www.infinit.com.uy/imgs/productos/productos3_22747.jpg"
"1778256957-237","https://www.infinit.com.uy/catalogo/pc/infinit/","2.388","Garantía: 3 AÑOS / NUEVO","INTNG20","PC Gamer Intel Core i7 12700f Ram 32Gb Ddr5 4800Mhz Ssd Nvme 1Tb Rtx 4060 8Gb Gddr6 Wifi W11 Español","","NEGRO","INTEL","","2.384","USD","Cód.","","",",00","Comprar","Destacado","","Antes","USD","Ahora","IVA inc.","En stock","En stock","","Color",",00","Cantidad","","https://www.infinit.com.uy/imgs/productos/productos3_21145.jpg"
"1778256957-238","https://www.infinit.com.uy/catalogo/pc/infinit/","2.388","Garantía: 3 AÑOS / NUEVO","INTNG37","PC Gamer INTEL Core i7 14700F - Video Rtx 5060 8Gb - RAM 32Gb - Ssd 1Tb - Wifi/Bluetooth - Windows 11 Pro Español","","","INTEL","","2.394","USD","Cód.","","",",00","Comprar","Destacado","","Antes","USD","Ahora","IVA inc.","En stock","En stock","","",",00","Cantidad","","https://www.infinit.com.uy/imgs/productos/productos3_34140.jpg"
"1778256957-239","https://www.infinit.com.uy/catalogo/pc/infinit/","2.393","Garantía: 2 AÑOS / NUEVO","G614PMRV010W","Notebook Gamer ASUS Rog AMD Ryzen 9 8940hx - Rtx 5060 8Gb - 16Gb - Ssd 1Tb - Pantalla 16"" Wuxga 165Hz - W11","-9%","GRIS OSCURO","ASUS","9","2.641","USD","Cód.","16""","",",00","Comprar","","","Antes","USD","Ahora","IVA inc.","En stock","En stock","Color","Medida",",00","Cantidad","%","https://www.infinit.com.uy/imgs/productos/productos3_40048.jpg"
"1778256957-240","https://www.infinit.com.uy/catalogo/pc/infinit/","2.397","Garantía: 3 AÑOS / NUEVO","INTEL28","PC Gamer Intel Core i9 12900f Ram 32Gb 3600Mhz Rgb Nvme 1Tb Nvidia GeForce Rtx 3060 12Gb Gddr6 Dp Hdmi Win11","-2%","","INTEL","2","2.456","USD","Cód.","","",",00","Comprar","Destacado","","Antes","USD","Ahora","IVA inc.","En stock","En stock","","",",00","Cantidad","%","https://www.infinit.com.uy/imgs/productos/productos3_14344.jpg"
"1778256957-241","https://www.infinit.com.uy/catalogo/pc/infinit/","2.430","Garantía: 3 AÑOS / NUEVO","NG432","PC Gamer AMD Ryzen 7 7700 B650m Am5 Ram 32Gb Ddr5 Nvme 2Tb Rtx 3070 8Gb Gddr6 Hdmi Dp Wifi Win10 64bit Español","","NEGRO","AMD","","1.943","USD","Cód.","","",",00","Comprar","Destacado","","Antes","USD","Ahora","IVA inc.","En stock","En stock","","Color",",00","Cantidad","","https://www.infinit.com.uy/imgs/productos/productos3_14210.jpg"
"1778256957-242","https://www.infinit.com.uy/catalogo/pc/infinit/","2.437","Garantía: 3 AÑOS / NUEVO","EQUINT4","PC Gamer INTEL Core i7 12700F (12 Núcleos) - Rtx 5060Ti 16Gb - RAM 32Gb - 1Tb - Windows 11 Pro","-1%","","INTEL","1","2.457","USD","Cód.","","",",00","Comprar","","","Antes","USD","Ahora","IVA inc.","En stock","En stock","","",",00","Cantidad","%","https://www.infinit.com.uy/imgs/productos/productos3_14479.jpg"
"1778256957-243","https://www.infinit.com.uy/catalogo/pc/infinit/","2.472","Garantía: 1 AÑO / NUEVO","KIT21MS00B3LM","Notebook LENOVO Thinkpad 16 G7 Intel Core Ultra 7 IML 155H (16 Core) - 32Gb - 1Tb - Pantalla 15.6 Wuxga - W11p","-3%","GRIS","LENOVO","3","2.552","USD","Cód.","15,6""","",",00","Comprar","","","Antes","USD","Ahora","IVA inc.","En stock","En stock","Color","Medida",",00","Cantidad","%","https://www.infinit.com.uy/imgs/productos/productos3_39443.jpg"
"1778256957-244","https://www.infinit.com.uy/catalogo/pc/infinit/","2.501","Garantía: 3 AÑOS / NUEVO","INTNG21","PC Gamer INTEL Core i7 12700F (12 Núcleos) - Rtx 3060 12Gb - RAM 64Gb - 2Tb - Windows 11 Pro","-1%","","INTEL","1","2.526","USD","Cód.","","",",00","Comprar","","","Antes","USD","Ahora","IVA inc.","En stock","En stock","","",",00","Cantidad","%","https://www.infinit.com.uy/imgs/productos/productos3_28010.jpg"
"1778256957-245","https://www.infinit.com.uy/catalogo/pc/infinit/","2.588","Garantía: 3 AÑOS / NUEVO","INTNG42","PC Gamer INTEL Core i9 14900f 16Gb 5600mhz Ddr5 Ssd Nvme 1Tb Video Nvidia Rtx 3060 12Gb Gddr6 Wifi Bt W11 3 Años Gtia","","NEGRO","INTEL","","2.425","USD","Cód.","","",",00","Comprar","Destacado","","Antes","USD","Ahora","IVA inc.","En stock","En stock","","Color",",00","Cantidad","","https://www.infinit.com.uy/imgs/productos/productos3_17438.jpg"
"1778256957-246","https://www.infinit.com.uy/catalogo/pc/infinit/","2.598","Garantía: 3 AÑOS / NUEVO","INTNG44","PC Gamer INTEL Core i7 14700F - Video Rtx 5060 8Gb - RAM 32Gb - 1Tb - Windows 11 Pro - 3 Años Garantía","","","INTEL","","2.605","USD","Cód.","","",",00","Comprar","","","Antes","USD","Ahora","IVA inc.","En stock","En stock","","",",00","Cantidad","","https://www.infinit.com.uy/imgs/productos/productos1_26331.jpg"
"1778256957-247","https://www.infinit.com.uy/catalogo/pc/infinit/","2.606","Garantía: 3 AÑOS / NUEVO","PCG-AMD42","PC Gamer AMD Ryzen 7 7700x B650m Am5 Ram 32Gb Ddr5 Nvme 2Tb Rtx 3070 8Gb Gddr6 Hdmi Dp Wifi Win10 64bit Español","-4%","","AMD","4","2.724","USD","Cód.","","",",00","Comprar","Destacado","","Antes","USD","Ahora","IVA inc.","En stock","En stock","","",",00","Cantidad","%","https://www.infinit.com.uy/imgs/productos/productos3_22797.jpg"
"1778256957-248","https://www.infinit.com.uy/catalogo/pc/infinit/","2.628","Garantía: 3 AÑOS / NUEVO","INTNG24","PC Gamer Intel Core i5 12400f B660m Ram 64Gb Ddr4 Nvme 2Tb Rtx 3060 12Gb Gddr6 Dp Hdmi Wifi Win11 64bit Español","","","INTEL","","2.517","USD","Cód.","","",",00","Comprar","Destacado","","Antes","USD","Ahora","IVA inc.","En stock","En stock","","",",00","Cantidad","","https://www.infinit.com.uy/imgs/productos/productos3_21889.jpg"
"1778256957-249","https://www.infinit.com.uy/catalogo/pc/infinit/","2.659","Garantía: 3 AÑOS / NUEVO","AMD35","Pc Gamer Amd Ryzen 9 7900x Am5 Zen 4 12 Core 5.6Ghz Ram 16Gb Ddr5 4800Mhz Nvme 1Tb Video Rtx 3060 12G Gddr6 Win 11 64bit","-8%","","AMD","8","2.902","USD","Cód.","","",",00","Comprar","Destacado","","Antes","USD","Ahora","IVA inc.","En stock","En stock","","",",00","Cantidad","%","https://www.infinit.com.uy/imgs/productos/productos3_22518.jpg"
"1778256957-250","https://www.infinit.com.uy/catalogo/pc/infinit/","2.696","Garantía: 3 AÑOS / NUEVO","NG021","PC Gamer AMD Ryzen 5 5600XT Video Rtx 3060 12Gb RAM 64Gb Ddr4 Ssd Nvme 2Tb Wifi Bluetooth Windows 11 64bit","","","AMD","","2.513","USD","Cód.","","",",00","Comprar","","","Antes","USD","Ahora","IVA inc.","En stock","En stock","","",",00","Cantidad","","https://www.infinit.com.uy/productos/imgs/ryzen-5-5600-22269-3.jpg"
"1778256957-251","https://www.infinit.com.uy/catalogo/pc/infinit/","2.736","Garantía: 3 AÑOS / NUEVO","NG071","Pc Gamer AMD Ryzen 9 5900XT Video Rtx 5060 8Gb RAM 64Gb Ddr4 3200Mhz Ssd Nvme 1Tb Wifi Bt Windowss 11 64bit","-1%","","AMD","1","2.771","USD","Cód.","","",",00","Comprar","","","Antes","USD","Ahora","IVA inc.","En stock","En stock","","",",00","Cantidad","%","https://www.infinit.com.uy/imgs/productos/productos3_23799.jpg"
"1778256957-252","https://www.infinit.com.uy/catalogo/pc/infinit/","2.755","Garantía: 3 AÑOS / NUEVO","NG050","PC Gamer AMD Ryzen 7 5700x Video Rtx 4060 8Gb RAM 64Gb Ddr4 Ssd Nvme 2Tb Wifi Bluetooth Windows 11 64bit","-3%","","AMD","3","2.826","USD","Cód.","","",",00","Comprar","","","Antes","USD","Ahora","IVA inc.","En stock","En stock","","",",00","Cantidad","%","https://www.infinit.com.uy/imgs/productos/productos3_36466.jpg"
"1778256957-253","https://www.infinit.com.uy/catalogo/pc/infinit/","2.757","Garantía: 2 AÑOS / NUEVO","KITG614PMRV010W","Notebook Gamer ASUS Rog AMD Ryzen 9 8940hx - Rtx 5060 8Gb - 32Gb - Ssd 1Tb - Pantalla 16"" Wuxga 165Hz - W11","-8%","GRIS OSCURO","ASUS","8","3.004","USD","Cód.","16""","",",00","Comprar","","","Antes","USD","Ahora","IVA inc.","En stock","En stock","Color","Medida",",00","Cantidad","%","https://www.infinit.com.uy/imgs/productos/productos3_40053.jpg"
"1778256957-254","https://www.infinit.com.uy/catalogo/pc/infinit/","2.773","Garantía: 1 AÑO / NUEVO","NAZENPZ961W","Notebook ASUS Zenbook Duo UX8406 Intel Ultra 9 285H 16 Core - 32Gb - Ssd 1Tb - Pantalla 14"" 3K Tactil Oled 120Hz - W11","-6%","NEGRO","ASUS","6","2.956","USD","Cód.","14""","",",00","Comprar","","","Antes","USD","Ahora","IVA inc.","En stock","En stock","Color","Medida",",00","Cantidad","%","https://www.infinit.com.uy/imgs/productos/productos3_39268.jpg"
"1778256957-255","https://www.infinit.com.uy/catalogo/pc/infinit/","2.776","Garantía: 1 AÑO / NUEVO","NOT3155","Notebook ASUS ZENBOOK Duo Intel Core Ultra 9 285H (16 Nucleos) - 32Gb - 1Tb - Pantalla 14 3k Oled Touch 120Hz - Win11","-6%","NEGRO","ASUS","6","2.956","USD","Cód.","14""","",",00","Comprar","","","Antes","USD","Ahora","IVA inc.","En stock","En stock","Color","Medida",",00","Cantidad","%","https://www.infinit.com.uy/imgs/productos/productos3_40620.jpg"
"1778256957-256","https://www.infinit.com.uy/catalogo/pc/infinit/","2.820","Garantía: 3 AÑOS / NUEVO","INTNG11","PC Gamer Intel Core i7 12700f Ram 32Gb Ddr5 4800Mhz Rgb Nvme 2Tb Rtx 4060Ti 16Gb Gddr6 W11 64bit Español","","","INTEL","","2.641","USD","Cód.","","",",00","Comprar","Destacado","","Antes","USD","Ahora","IVA inc.","En stock","En stock","","",",00","Cantidad","","https://www.infinit.com.uy/imgs/productos/productos3_21893.jpg"
"1778256957-257","https://www.infinit.com.uy/catalogo/pc/infinit/","2.843","Garantía: 3 AÑOS / NUEVO","EQUINT3","PC Gamer INTEL Core i7 14700F (12 Núcleos) - Rtx 5070 12Gb - RAM 32Gb - 1Tb - Windows 11 Pro","-3%","","INTEL","3","2.927","USD","Cód.","","",",00","Comprar","","","Antes","USD","Ahora","IVA inc.","En stock","En stock","","",",00","Cantidad","%","https://www.infinit.com.uy/productos/imgs/14700f_core_i7-33454-3.jpg"
"1778256957-258","https://www.infinit.com.uy/catalogo/pc/infinit/","2.849","Garantía: 3 AÑOS / NUEVO","NG038","PC Gamer AMD Ryzen 7 5700X B550 Video Rtx 3060 12Gb RAM 64Gb Ddr4 Ssd Nvme 2Tb Wifi Bluetooth Windows 11 64bit","","","AMD","","2.756","USD","Cód.","","",",00","Comprar","","","Antes","USD","Ahora","IVA inc.","En stock","En stock","","",",00","Cantidad","","https://www.infinit.com.uy/imgs/productos/productos3_27821.jpg"
"1778256957-259","https://www.infinit.com.uy/catalogo/pc/infinit/","2.870","Garantía: 3 AÑOS / NUEVO","NG070","Pc Gamer AMD Ryzen 9 7950X Am5 Video Rtx 4060 8Gb RAM 32Gb Ddr5 5600Mhz Ssd Nvme 1Tb Wifi Bt Windowss 11 64bit","-1%","","AMD","1","2.905","USD","Cód.","","",",00","Comprar","","","Antes","USD","Ahora","IVA inc.","En stock","En stock","","",",00","Cantidad","%","https://www.infinit.com.uy/imgs/productos/productos3_22516.jpg"
"1778256957-260","https://www.infinit.com.uy/catalogo/pc/infinit/","2.944","Garantía: 3 AÑOS / NUEVO","INTNG40","PC Gamer INTEL Core i9 14900f 32Gb 5600mhz Ddr5 Ssd Nvme 1Tb Video Nvidia Rtx 4060 8Gb Gddr6 Wifi Bt W11 3 Años Garantia","-1%","","INTEL","1","2.976","USD","Cód.","","",",00","Comprar","Destacado","","Antes","USD","Ahora","IVA inc.","En stock","En stock","","",",00","Cantidad","%","https://www.infinit.com.uy/imgs/productos/productos3_17449.jpg"
"1778256957-261","https://www.infinit.com.uy/catalogo/pc/infinit/","3.001","Garantía: 2 AÑOS / NUEVO","G614FPRV010W","Notebook Gamer ASUS Rog AMD Ryzen 9 9955hx - Rtx 5070 8Gb - 16Gb - Ssd 1Tb - Pantalla 16"" Wuxga 165Hz - W11","-9%","GRIS OSCURO","ASUS","9","3.301","USD","Cód.","16""","",",00","Comprar","","","Antes","USD","Ahora","IVA inc.","En stock","En stock","Color","Medida",",00","Cantidad","%","https://www.infinit.com.uy/imgs/productos/productos3_40058.jpg"
"1778256957-262","https://www.infinit.com.uy/catalogo/pc/infinit/","3.022","Garantía: 3 AÑOS / NUEVO","EQUINT1","PC Gamer INTEL Core Ultra 5 245KF (14 Núcleos) - Rtx 5060 8Gb - RAM 32Gb RGB - 1Tb - Windows 11 Pro","-1%","","INTEL","1","3.052","USD","Cód.","","",",00","Comprar","","","Antes","USD","Ahora","IVA inc.","En stock","En stock","","",",00","Cantidad","%","https://www.infinit.com.uy/imgs/productos/productos3_14486.jpg"
"1778256957-263","https://www.infinit.com.uy/catalogo/pc/infinit/","3.103","Garantía: 3 AÑOS / NUEVO","EQUAMD2","PC Gamer AMD Ryzen 7 7700 - Video RTX 5070 12Gb - RAM 32Gb - 1Tb - Win11 Pro Español","-1%","","AMD","1","3.134","USD","Cód.","","",",00","Comprar","","","Antes","USD","Ahora","IVA inc.","En stock","En stock","","",",00","Cantidad","%","https://www.infinit.com.uy/imgs/productos/productos3_39514.jpg"
"1778256957-264","https://www.infinit.com.uy/catalogo/pc/infinit/","3.218","Garantía: 3 AÑOS / NUEVO","INTNG38","PC Gamer INTEL Core i7 14700F - Video Rtx 5060 8Gb - RAM 64Gb - 2Tb - Windows 11 Pro - 3 Años Garantía","","","INTEL","","3.225","USD","Cód.","","",",00","Comprar","","","Antes","USD","Ahora","IVA inc.","En stock","En stock","","",",00","Cantidad","","https://www.infinit.com.uy/imgs/productos/productos3_34768.jpg"
"1778256957-265","https://www.infinit.com.uy/catalogo/pc/infinit/","3.246","Garantía: 3 AÑOS / NUEVO","INTNG23","PC Gamer INTEL Core i7 14700F - Video Rx 9060xt 16Gb - RAM 64Gb - 2Tb - Windows 11 Pro - 3 Años Garantía","","","INTEL","","3.242","USD","Cód.","","",",00","Comprar","","","Antes","USD","Ahora","IVA inc.","En stock","En stock","","",",00","Cantidad","","https://www.infinit.com.uy/imgs/productos/productos3_7767.jpg"
"1778256957-266","https://www.infinit.com.uy/catalogo/pc/infinit/","3.263","Garantía: 3 AÑOS / NUEVO","INTNG19","PC Gamer INTEL Core i9 14900kf Ram 32Gb Ddr5 Rgb Ssd Nvme 1Tb Rx 7600 16Gb Gddr6 Ref Liquida 240L Rgb Win11","","","INTEL","","2.949","USD","Cód.","","",",00","Comprar","Destacado","","Antes","USD","Ahora","IVA inc.","En stock","En stock","","",",00","Cantidad","","https://www.infinit.com.uy/imgs/productos/productos3_21894.jpg"
"1778256957-267","https://www.infinit.com.uy/catalogo/pc/infinit/","3.364","Garantía: 2 AÑOS / NUEVO","KITG614FPRV010W","Notebook Gamer ASUS Rog AMD Ryzen 9 9955hx - Rtx 5070 8Gb - 32Gb - Ssd 1Tb - Pantalla 16"" Wuxga 165Hz - W11","-8%","GRIS OSCURO","ASUS","8","3.664","USD","Cód.","16""","",",00","Comprar","","","Antes","USD","Ahora","IVA inc.","En stock","En stock","Color","Medida",",00","Cantidad","%","https://www.infinit.com.uy/imgs/productos/productos3_40063.jpg"
"1778256957-268","https://www.infinit.com.uy/catalogo/pc/infinit/","3.435","Garantía: 3 AÑOS / NUEVO","INTNG12","PC Gamer Intel Core i5 13400f Ram 32Gb Ddr4 3200Mhz Rgb Ssd Nvme 1Tb Rtx 4080 16Gb Gddr6 W11 64bit Español","","","INTEL","","3.389","USD","Cód.","","",",00","Comprar","Destacado","","Antes","USD","Ahora","IVA inc.","En stock","En stock","","",",00","Cantidad","","https://www.infinit.com.uy/imgs/productos/productos3_26486.jpg"
"1778256957-269","https://www.infinit.com.uy/catalogo/pc/infinit/","3.665","Garantía: 1 AÑO / NUEVO","KIT21MS00B3LM64G","Notebook LENOVO Thinkpad 16 G7 Intel Core Ultra 7 IML 155H (16 Core) - 64Gb - 2Tb - Pantalla 15.6 Wuxga - W11p","-3%","GRIS","LENOVO","3","3.783","USD","Cód.","15,6""","",",00","Comprar","","","Antes","USD","Ahora","IVA inc.","En stock","En stock","Color","Medida",",00","Cantidad","%","https://www.infinit.com.uy/imgs/productos/productos3_39448.jpg"
"1778256957-270","https://www.infinit.com.uy/catalogo/pc/infinit/","4.082","Garantía: 3 AÑOS / NUEVO","INTNG18","PC Gamer Intel Core i7 14700f 32Gb Ddr5 5200mhz Rgb Ssd Nvme 1Tb Video Nvidia Rtx 4080 Super 16Gb Gddr6x W11","","","INTEL","","3.622","USD","Cód.","","",",00","Comprar","Destacado","","Antes","USD","Ahora","IVA inc.","En stock","En stock","","",",00","Cantidad","","https://www.infinit.com.uy/imgs/productos/productos1_31328.jpg"
"1778256957-271","https://www.infinit.com.uy/catalogo/pc/infinit/","4.132","Garantía: 3 AÑOS / NUEVO","INTNG45","PC Gamer INTEL Core i7 14700f 64Gb 5600mhz Ddr5 Ssd Nvme 1Tb Video Nvidia Rtx 4070 12G Gddr6 Wifi Bt W11 3 Años Garantia","","","INTEL","","4.133","USD","Cód.","","",",00","Comprar","Destacado","","Antes","USD","Ahora","IVA inc.","En stock","En stock","","",",00","Cantidad","","https://www.infinit.com.uy/imgs/productos/productos3_26295.jpg"
"1778256957-272","https://www.infinit.com.uy/catalogo/pc/infinit/","4.217","Garantía: 3 AÑOS / NUEVO","INTNG25","PC Gamer Intel Core i9 14900f Ram 64Gb Ssd Nvme 2Tb Rtx 3060 12Gb Gddr6 Dp Hdmi Windows 11 64bit","","","INTEL","","4.141","USD","Cód.","","",",00","Comprar","","","Antes","USD","Ahora","IVA inc.","En stock","En stock","","",",00","Cantidad","","https://www.infinit.com.uy/imgs/productos/productos3_14394.jpg"
"1778256957-273","https://www.infinit.com.uy/catalogo/pc/infinit/","4.337","Garantía: 3 AÑOS / NUEVO","EQUAMD5","PC Gamer AMD Ryzen 9 9900X3D - Video RTX 5060Ti 16Gb - RAM 64Gb - 2Tb - Win11 Pro Español","-8%","","AMD","8","4.714","USD","Cód.","","",",00","Comprar","","","Antes","USD","Ahora","IVA inc.","En stock","En stock","","",",00","Cantidad","%","https://www.infinit.com.uy/imgs/productos/productos3_21520.jpg"
"1778256957-274","https://www.infinit.com.uy/catalogo/pc/infinit/","4.353","Garantía: 3 AÑOS / NUEVO","PCG-AMD33","PC Gamer AMD Ryzen 7 7700 B650m Am5 Ram 64Gb Ddr5 Nvme 2Tb Rtx 4080 16Gb Gddr6 Hdmi Dp Wifi Win10 64bit Español","","NEGRO","AMD","","3.438","USD","Cód.","","",",00","Comprar","Destacado","","Antes","USD","Ahora","IVA inc.","En stock","En stock","","Color",",00","Cantidad","","https://www.infinit.com.uy/imgs/productos/productos3_14520.jpg"
"1778256957-275","https://www.infinit.com.uy/catalogo/pc/infinit/","4.510","Garantía: 3 AÑOS / NUEVO","INTNG6","PC Gamer Intel Core i9 14900f Video Rtx 4080 Super 16Gb Ram 64Gb 5600Mhz Ddr5 Rgb Ssd Nvme 2Tb Gen4 Rgb Water Cool W11","","","INTEL","","4.517","USD","Cód.","","",",00","Comprar","Destacado","","Antes","USD","Ahora","IVA inc.","En stock","En stock","","",",00","Cantidad","","https://www.infinit.com.uy/imgs/productos/productos3_22332.jpg"
"1778256957-276","https://www.infinit.com.uy/catalogo/pc/infinit/","4.548","Garantía: 3 AÑOS / NUEVO","INTNG41","PC Gamer INTEL Core i9 14900f 64Gb 5600mhz Ddr5 Ssd Nvme 1Tb Video Nvidia Rtx 4070 12G Gddr6 Wifi Bt W11 3 Años Garantia","","","INTEL","","4.541","USD","Cód.","","",",00","Comprar","Destacado","","Antes","USD","Ahora","IVA inc.","En stock","En stock","","",",00","Cantidad","","https://www.infinit.com.uy/imgs/productos/productos3_22804.jpg"
"1778256957-277","https://www.infinit.com.uy/catalogo/pc/infinit/","4.731","Garantía: 3 AÑOS / NUEVO","INTNG9","PC Gamer Intel Core i7 14700f 64Gb 3200mhz Ssd Nvme 2Tb Video Nvidia Rtx 4080 16Gb Gddr6 W11","","","INTEL","","4.640","USD","Cód.","","",",00","Comprar","Destacado","","Antes","USD","Ahora","IVA inc.","En stock","En stock","","",",00","Cantidad","","https://www.infinit.com.uy/imgs/productos/productos3_14490.jpg"
"1778256957-278","https://www.infinit.com.uy/catalogo/pc/infinit/","5.058","Garantía: 3 AÑOS / NUEVO","EQUAMD1","PC Gamer AMD Ryzen 9 7950x - Video RTX 5080 16Gb - RAM 32Gb - 2Tb - Win11 Pro Español","","","AMD","","5.075","USD","Cód.","","",",00","Comprar","","","Antes","USD","Ahora","IVA inc.","En stock","En stock","","",",00","Cantidad","","https://www.infinit.com.uy/productos/imgs/am_7950x-28178-3.jpg"
"1778256957-279","https://www.infinit.com.uy/catalogo/pc/infinit/","5.648","Garantía: 2 AÑOS / NUEVO","NA835SA167W","Notebook Gamer ASUS Rog S Intel Core Ultra 9 275hx - Rtx 5080 16Gb - 32Gb - Ssd 2Tb - Pantalla 18"" 2K 240Hz - W11","-5%","NEGRO","ASUS","5","5.918","USD","Cód.","18""","",",00","Comprar","","","Antes","USD","Ahora","IVA inc.","En stock","En stock","Color","Medida",",00","Cantidad","%","https://www.infinit.com.uy/imgs/productos/productos3_39317.jpg"
"1778256957-280","https://www.infinit.com.uy/catalogo/pc/infinit/","6.031","Garantía: 3 AÑOS / NUEVO","NG38","PC Gamer AMD Ryzen 9 7950x x670e Ram 64Gb 5200Mhz Nvme 4Tb Rtx 4090 24Gb Gddr6 Dp Hdmi Win11","-3%","","AMD","3","6.194","USD","Cód.","","",",00","Comprar","Destacado","","Antes","USD","Ahora","IVA inc.","En stock","En stock","","",",00","Cantidad","%","https://www.infinit.com.uy/imgs/productos/productos1_25144.jpg"
"1778256957-281","https://www.infinit.com.uy/catalogo/pc/infinit/","6.328","Garantía: 2 AÑOS / NUEVO","KITNA835SA167W","Notebook Gamer ASUS Rog S Intel Core Ultra 9 275hx - Rtx 5080 16Gb - 64Gb - Ssd 2Tb - Pantalla 18"" 2K 240Hz - W11","-2%","NEGRO","ASUS","2","6.463","USD","Cód.","18""","",",00","Comprar","","","Antes","USD","Ahora","IVA inc.","En stock","En stock","Color","Medida",",00","Cantidad","%","https://www.infinit.com.uy/imgs/productos/productos3_39338.jpg"
"1778256957-282","https://www.infinit.com.uy/catalogo/pc/infinit/","6.839","Garantía: 3 AÑOS / NUEVO","SUPINT3","PC Gamer INTEL Core I7 14700F 14va Gen. Rtx 4070Ti 16Gb Gddr6x RAM 128Gb Ddr5 5600Mhz Ssd Nvme 2Tb Wifi Windows 11 Pro","","","INTEL","","3.741","USD","Cód.","","",",00","Comprar","Destacado","","Antes","USD","Ahora","IVA inc.","En stock","En stock","","",",00","Cantidad","","https://www.infinit.com.uy/imgs/productos/productos3_15965.jpg"
"1778256957-283","https://www.infinit.com.uy/catalogo/pc/infinit/","7.889","Garantía: 3 AÑOS / NUEVO","SUPINT1","PC Gamer INTEL Core I9 14900F 14va - Rtx 5080 16Gb - RAM 128Gb - Nvme 2Tb (2x1Tb) WiFi - Windows 11 Pro","-2%","","INTEL","2","8.058","USD","Cód.","","",",00","Comprar","","","Antes","USD","Ahora","IVA inc.","En stock","En stock","","",",00","Cantidad","%","https://www.infinit.com.uy/productos/imgs/core_i9_14900f-39030-3.jpg"
"1778256957-284","https://www.infinit.com.uy/catalogo/pc/infinit/","8.017","3 Años de Garantía en la mayoría de las partes / Equipo Nuevo","SUPINT2","PC Gamer INTEL Core I9 14900F 14va Gen. Rtx 4090 24Gb Gamerock RAM 128Gb Ddr5 5600Mhz Ssd Nvme 4Tb Wifi Windows 11 Pro","","","INTEL","","8.039","USD","Cód.","","",",00","Comprar","Destacado","","Antes","USD","Ahora","IVA inc.","En stock","En stock","","",",00","Cantidad","","https://www.infinit.com.uy/imgs/productos/productos1_14299.jpg"
"1778256957-285","https://www.infinit.com.uy/catalogo/pc/infinit/","10.396","Garantía: 3 AÑOS / NUEVO","EQUAMD4","PC Gamer AMD Ryzen 9 9950X3D - Video RTX 5090 32Gb - RAM 64Gb - 2Tb - Win11 Pro Español","","","AMD","","6.892","USD","Cód.","","",",00","Comprar","","","Antes","USD","Ahora","IVA inc.","En stock","En stock","","",",00","Cantidad","","https://www.infinit.com.uy/imgs/productos/productos1_23907.jpg"
"1778256957-286","https://www.infinit.com.uy/catalogo/pc/infinit/","10.427","Garantía: 3 AÑOS / NUEVO","EQUINT2","PC Gamer INTEL Core i9 14900KF (24 Núcleos) - Rtx 5090 32Gb - RAM 64Gb RGB - 4Tb - Windows 11 Pro","-2%","","INTEL","2","10.595","USD","Cód.","","",",00","Comprar","","","Antes","USD","Ahora","IVA inc.","En stock","En stock","","",",00","Cantidad","%","https://www.infinit.com.uy/imgs/productos/productos3_23816.jpg"
